0,1,800.65,352.11,54.19,80.23,1.73,-1,-1,-1
0,2,638.58,394.91,34.08,93.76,1.71,-1,-1,-1
0,3,985.91,465.57,30.55,102.95,1.71,-1,-1,-1
0,4,1521.45,478.86,46.97,82.07,1.71,-1,-1,-1
0,5,957.85,559.35,50.32,131.05,1.70,-1,-1,-1
0,6,244.08,459.23,28.12,108.23,1.69,-1,-1,-1
0,7,915.61,576.58,35.29,121.46,1.69,-1,-1,-1
0,8,913.71,855.82,56.28,174.14,1.68,-1,-1,-1
0,9,1889.31,402.24,30.43,99.13,1.68,-1,-1,-1
0,10,937.23,322.11,26.68,78.51,1.67,-1,-1,-1
0,11,1261.39,673.03,35.85,141.69,1.67,-1,-1,-1
0,12,1418.09,536.14,38.38,109.56,1.67,-1,-1,-1
0,13,978.19,333.35,22.38,74.53,1.62,-1,-1,-1
0,14,1091.86,378.01,34.00,86.81,1.61,-1,-1,-1
0,15,933.10,280.27,25.99,62.19,1.56,-1,-1,-1
0,16,1714.65,332.62,23.17,73.98,1.50,-1,-1,-1
0,17,1713.40,325.54,28.49,67.88,1.45,-1,-1,-1
1,1,800.90,352.55,54.06,79.75,1.71,-1,-1,-1
1,2,637.70,394.93,35.99,92.88,1.72,-1,-1,-1
1,3,986.83,465.54,29.57,102.57,1.71,-1,-1,-1
1,4,1522.21,479.13,46.53,82.36,1.72,-1,-1,-1
1,5,957.53,558.60,51.27,132.16,1.71,-1,-1,-1
1,6,242.84,459.94,29.55,107.40,1.69,-1,-1,-1
1,7,917.14,576.55,33.48,121.59,1.70,-1,-1,-1
1,8,910.20,855.25,62.56,173.73,1.71,-1,-1,-1
1,9,1889.29,402.12,30.66,99.60,1.69,-1,-1,-1
1,10,937.25,322.26,26.51,77.88,1.68,-1,-1,-1
1,11,1259.07,673.01,39.67,142.00,1.69,-1,-1,-1
1,12,1416.67,534.82,39.80,111.10,1.70,-1,-1,-1
1,13,976.58,333.77,24.02,73.89,1.65,-1,-1,-1
1,14,1089.58,378.48,34.71,87.34,1.69,-1,-1,-1
1,15,933.27,280.25,24.57,60.84,1.62,-1,-1,-1
1,17,1713.84,326.59,25.15,80.16,1.59,-1,-1,-1
2,1,802.24,352.17,53.78,80.43,1.73,-1,-1,-1
2,2,636.91,395.16,36.64,93.01,1.71,-1,-1,-1
2,3,985.55,465.66,30.97,102.58,1.70,-1,-1,-1
2,4,1522.76,478.62,45.98,83.11,1.72,-1,-1,-1
2,5,957.56,558.54,51.41,132.26,1.71,-1,-1,-1
2,6,243.09,459.85,29.21,107.87,1.69,-1,-1,-1
2,7,917.79,577.03,33.11,121.13,1.70,-1,-1,-1
2,8,906.26,855.44,69.40,173.74,1.71,-1,-1,-1
2,9,1889.03,402.26,30.86,99.56,1.69,-1,-1,-1
2,10,937.20,321.54,26.85,78.57,1.66,-1,-1,-1
2,11,1258.30,674.16,40.18,141.06,1.71,-1,-1,-1
2,12,1416.58,535.79,39.88,110.82,1.71,-1,-1,-1
2,13,977.27,333.83,23.35,74.05,1.66,-1,-1,-1
2,14,1089.00,378.41,34.19,87.55,1.69,-1,-1,-1
2,15,932.75,280.41,25.23,60.42,1.60,-1,-1,-1
2,17,1713.18,326.86,25.00,80.09,1.62,-1,-1,-1
3,1,804.64,351.63,54.08,80.94,1.69,-1,-1,-1
3,2,635.91,395.21,37.70,92.75,1.71,-1,-1,-1
3,3,986.80,466.01,29.71,102.18,1.71,-1,-1,-1
3,4,1521.68,478.17,46.98,83.33,1.72,-1,-1,-1
3,5,957.36,558.42,50.73,132.05,1.71,-1,-1,-1
3,6,243.59,459.87,28.55,107.51,1.69,-1,-1,-1
3,7,918.25,577.36,33.40,121.09,1.71,-1,-1,-1
3,8,898.87,855.83,82.96,174.07,1.72,-1,-1,-1
3,9,1887.04,401.78,32.84,100.16,1.70,-1,-1,-1
3,10,937.64,320.81,26.94,78.44,1.67,-1,-1,-1
3,11,1257.62,675.35,41.46,140.41,1.71,-1,-1,-1
3,12,1416.83,535.07,39.41,111.40,1.70,-1,-1,-1
3,13,977.29,333.39,23.02,73.92,1.66,-1,-1,-1
3,14,1089.29,378.34,31.03,87.43,1.66,-1,-1,-1
3,15,932.50,279.81,25.71,61.66,1.61,-1,-1,-1
3,17,1711.74,326.57,25.83,80.73,1.67,-1,-1,-1
4,1,810.47,351.28,51.38,81.10,1.41,-1,-1,-1
4,2,635.09,394.74,38.42,93.09,1.71,-1,-1,-1
4,3,987.90,466.02,28.85,102.39,1.70,-1,-1,-1
4,4,1522.05,478.01,46.83,83.29,1.72,-1,-1,-1
4,5,957.25,558.56,50.54,131.80,1.70,-1,-1,-1
4,6,243.70,459.66,28.77,108.16,1.70,-1,-1,-1
4,7,918.34,577.51,33.21,120.77,1.71,-1,-1,-1
4,8,888.21,854.82,106.17,174.96,1.74,-1,-1,-1
4,9,1885.75,401.76,33.91,100.67,1.70,-1,-1,-1
4,10,936.84,320.47,28.65,79.37,1.66,-1,-1,-1
4,11,1256.75,675.27,43.40,140.47,1.71,-1,-1,-1
4,12,1417.01,535.05,39.09,111.54,1.70,-1,-1,-1
4,13,975.92,333.26,23.69,74.54,1.67,-1,-1,-1
4,14,1088.82,377.78,28.73,87.55,1.67,-1,-1,-1
4,15,931.97,279.53,26.19,64.18,1.62,-1,-1,-1
4,17,1711.37,326.36,26.64,81.26,1.66,-1,-1,-1
5,1,816.23,351.41,48.27,80.95,0.28,-1,-1,-1
5,2,633.35,395.06,40.14,92.88,1.72,-1,-1,-1
5,3,990.37,465.70,27.39,102.70,1.70,-1,-1,-1
5,4,1522.88,478.01,45.93,83.31,1.72,-1,-1,-1
5,5,956.40,558.26,51.81,132.44,1.71,-1,-1,-1
5,6,243.70,459.34,28.81,108.28,1.70,-1,-1,-1
5,7,918.37,577.77,33.86,120.62,1.71,-1,-1,-1
5,8,876.33,854.65,128.63,176.30,1.72,-1,-1,-1
5,9,1885.40,401.58,34.07,100.56,1.70,-1,-1,-1
5,10,937.52,320.51,30.26,77.99,1.66,-1,-1,-1
5,11,1255.50,674.66,48.13,141.31,1.71,-1,-1,-1
5,12,1417.48,533.40,38.41,112.98,1.70,-1,-1,-1
5,13,974.92,332.91,24.54,75.08,1.67,-1,-1,-1
5,14,1088.28,377.82,26.07,87.22,1.67,-1,-1,-1
5,15,932.38,279.58,25.93,62.50,1.62,-1,-1,-1
5,17,1710.00,326.34,27.55,80.29,1.68,-1,-1,-1
6,1,822.14,351.51,44.72,80.21,1.65,-1,-1,-1
6,2,631.73,395.24,41.79,92.13,1.72,-1,-1,-1
6,3,991.21,465.58,28.21,103.02,1.71,-1,-1,-1
6,4,1523.16,477.85,45.59,83.47,1.72,-1,-1,-1
6,5,956.50,558.44,51.27,132.15,1.70,-1,-1,-1
6,6,243.87,459.21,28.28,108.26,1.70,-1,-1,-1
6,7,919.20,578.45,33.11,119.73,1.71,-1,-1,-1
6,8,871.77,854.60,135.16,177.12,1.75,-1,-1,-1
6,9,1884.24,401.43,35.08,100.48,1.70,-1,-1,-1
6,10,938.81,321.47,27.98,76.82,1.65,-1,-1,-1
6,11,1255.34,673.55,46.99,141.92,1.72,-1,-1,-1
6,12,1417.54,533.07,37.40,113.31,1.71,-1,-1,-1
6,13,972.89,333.23,26.34,74.87,1.67,-1,-1,-1
6,14,1086.73,377.85,27.17,87.43,1.68,-1,-1,-1
6,15,931.84,279.25,26.16,61.24,1.61,-1,-1,-1
6,17,1708.82,326.51,27.48,80.58,1.64,-1,-1,-1
7,1,824.50,351.83,45.34,80.75,1.72,-1,-1,-1
7,2,630.90,394.83,41.60,92.41,1.72,-1,-1,-1
7,3,991.37,465.80,28.85,102.96,1.70,-1,-1,-1
7,4,1523.39,477.52,44.98,82.90,1.72,-1,-1,-1
7,5,956.63,558.18,51.15,132.27,1.69,-1,-1,-1
7,6,243.88,459.30,28.34,108.29,1.70,-1,-1,-1
7,7,919.36,578.23,33.50,120.01,1.71,-1,-1,-1
7,8,875.33,853.67,127.74,178.91,1.75,-1,-1,-1
7,9,1884.17,401.08,34.63,100.81,1.70,-1,-1,-1
7,10,938.73,321.44,29.42,76.24,1.67,-1,-1,-1
7,11,1254.92,671.11,46.57,144.32,1.71,-1,-1,-1
7,12,1416.58,533.89,38.27,112.59,1.70,-1,-1,-1
7,13,971.42,333.06,27.66,74.74,1.66,-1,-1,-1
7,14,1080.89,377.93,33.21,87.31,1.69,-1,-1,-1
7,15,931.58,278.79,26.49,61.58,1.62,-1,-1,-1
7,17,1705.67,326.19,30.83,80.63,1.67,-1,-1,-1
8,1,826.76,351.53,45.94,81.06,1.72,-1,-1,-1
8,2,629.90,394.41,42.49,92.91,1.73,-1,-1,-1
8,3,991.77,465.86,29.13,102.77,1.71,-1,-1,-1
8,4,1523.29,477.19,45.09,83.27,1.72,-1,-1,-1
8,5,957.06,558.27,50.85,132.05,1.70,-1,-1,-1
8,6,244.37,459.20,28.07,108.67,1.70,-1,-1,-1
8,7,920.00,578.23,34.56,119.91,1.71,-1,-1,-1
8,8,880.46,853.87,115.17,177.78,1.73,-1,-1,-1
8,9,1884.43,401.06,34.23,100.91,1.70,-1,-1,-1
8,10,940.45,320.43,27.86,76.66,1.67,-1,-1,-1
8,11,1255.38,669.64,46.64,145.60,1.70,-1,-1,-1
8,12,1416.87,534.82,37.24,111.44,1.70,-1,-1,-1
8,13,971.46,333.00,27.01,74.52,1.67,-1,-1,-1
8,14,1074.16,378.56,39.84,86.77,1.71,-1,-1,-1
8,15,931.42,279.20,26.54,61.13,1.62,-1,-1,-1
8,17,1703.30,326.70,32.29,80.06,1.67,-1,-1,-1
9,1,828.15,352.20,48.18,81.16,1.70,-1,-1,-1
9,2,629.55,393.17,42.05,94.30,1.72,-1,-1,-1
9,3,992.33,465.69,29.12,103.22,1.71,-1,-1,-1
9,4,1523.30,477.38,45.34,82.88,1.72,-1,-1,-1
9,5,955.94,557.88,51.79,131.83,1.70,-1,-1,-1
9,6,244.32,458.91,28.60,108.48,1.70,-1,-1,-1
9,7,920.14,578.31,34.51,119.57,1.70,-1,-1,-1
9,8,880.56,854.62,112.41,176.48,1.74,-1,-1,-1
9,9,1884.17,400.44,33.81,101.73,1.69,-1,-1,-1
9,10,941.70,319.65,26.89,76.95,1.67,-1,-1,-1
9,11,1255.82,669.23,46.63,146.31,1.69,-1,-1,-1
9,12,1416.69,534.89,35.83,111.49,1.69,-1,-1,-1
9,13,971.14,332.57,26.63,74.82,1.68,-1,-1,-1
9,14,1071.43,378.97,41.58,86.50,1.71,-1,-1,-1
9,15,931.37,278.55,26.72,61.93,1.63,-1,-1,-1
9,17,1698.02,326.56,37.14,80.42,1.69,-1,-1,-1
10,1,830.30,352.49,48.34,81.60,1.61,-1,-1,-1
10,2,628.74,392.93,41.04,93.72,1.73,-1,-1,-1
10,3,992.30,465.49,30.62,103.35,1.72,-1,-1,-1
10,4,1523.59,477.08,44.61,83.06,1.72,-1,-1,-1
10,5,955.25,557.98,52.80,131.51,1.70,-1,-1,-1
10,6,244.32,458.69,28.76,108.53,1.70,-1,-1,-1
10,7,920.10,578.10,34.72,119.67,1.71,-1,-1,-1
10,8,877.66,854.51,117.87,176.54,1.74,-1,-1,-1
10,9,1884.33,400.10,33.51,102.08,1.69,-1,-1,-1
10,10,941.40,318.60,27.39,78.31,1.67,-1,-1,-1
10,11,1256.84,669.99,42.96,145.25,1.68,-1,-1,-1
10,12,1415.88,535.41,34.60,111.17,1.68,-1,-1,-1
10,13,971.27,332.33,26.24,74.92,1.67,-1,-1,-1
10,14,1067.34,379.28,45.95,85.95,1.72,-1,-1,-1
10,15,931.24,278.66,26.76,63.42,1.63,-1,-1,-1
10,17,1695.85,326.67,38.92,80.28,1.70,-1,-1,-1
11,1,831.14,352.69,49.69,80.34,0.55,-1,-1,-1
11,2,627.83,392.20,42.23,93.91,1.73,-1,-1,-1
11,3,991.95,465.88,32.97,103.76,1.71,-1,-1,-1
11,4,1524.37,476.65,44.07,83.80,1.73,-1,-1,-1
11,5,954.67,557.50,52.05,132.28,1.70,-1,-1,-1
11,6,244.24,458.49,29.23,108.95,1.70,-1,-1,-1
11,7,919.76,577.64,35.62,120.15,1.71,-1,-1,-1
11,8,873.78,854.07,125.21,176.42,1.74,-1,-1,-1
11,9,1884.54,399.46,32.39,102.26,1.70,-1,-1,-1
11,10,938.63,318.19,30.35,76.58,1.68,-1,-1,-1
11,11,1256.97,672.16,42.21,145.14,1.69,-1,-1,-1
11,12,1414.19,534.53,34.07,111.89,1.69,-1,-1,-1
11,13,970.61,332.02,26.91,75.51,1.68,-1,-1,-1
11,14,1067.25,379.47,46.23,85.92,1.72,-1,-1,-1
11,15,931.24,278.53,26.54,63.22,1.64,-1,-1,-1
11,17,1692.86,326.62,41.57,80.11,1.70,-1,-1,-1
11,18,187.40,260.17,30.73,58.76,0.76,-1,-1,-1
12,1,832.97,353.58,49.09,79.81,1.69,-1,-1,-1
12,2,627.69,392.38,42.65,93.28,1.73,-1,-1,-1
12,3,991.22,467.23,37.06,101.12,1.72,-1,-1,-1
12,4,1522.24,476.08,49.13,84.85,1.72,-1,-1,-1
12,5,953.98,558.15,53.87,130.90,1.71,-1,-1,-1
12,6,243.39,458.28,29.08,108.81,1.70,-1,-1,-1
12,7,919.84,577.24,36.36,120.17,1.71,-1,-1,-1
12,8,873.42,853.54,125.87,176.94,1.75,-1,-1,-1
12,9,1884.37,399.25,32.19,102.25,1.69,-1,-1,-1
12,10,935.33,317.60,33.38,74.07,1.69,-1,-1,-1
12,11,1256.98,675.04,40.70,144.81,1.68,-1,-1,-1
12,12,1410.06,534.27,35.87,112.43,1.70,-1,-1,-1
12,13,970.74,332.37,26.91,75.02,1.69,-1,-1,-1
12,14,1067.13,379.16,45.78,85.95,1.72,-1,-1,-1
12,15,932.21,278.83,25.58,63.99,1.62,-1,-1,-1
12,17,1691.57,326.21,42.55,80.30,1.71,-1,-1,-1
13,1,833.53,353.46,51.55,80.02,1.59,-1,-1,-1
13,2,627.10,392.19,42.18,93.19,1.74,-1,-1,-1
13,3,986.43,468.62,42.04,99.51,1.72,-1,-1,-1
13,4,1523.46,475.10,49.46,86.12,1.73,-1,-1,-1
13,5,953.21,558.10,54.22,130.74,1.72,-1,-1,-1
13,6,243.75,458.16,28.57,108.87,1.70,-1,-1,-1
13,7,919.62,577.16,36.19,119.90,1.71,-1,-1,-1
13,8,877.85,853.08,115.62,172.86,1.74,-1,-1,-1
13,9,1883.94,398.82,32.26,102.78,1.70,-1,-1,-1
13,10,931.45,318.14,37.55,72.24,1.69,-1,-1,-1
13,11,1255.75,677.66,41.77,142.41,1.71,-1,-1,-1
13,12,1408.62,532.87,36.14,113.72,1.69,-1,-1,-1
13,13,970.25,332.34,27.52,74.70,1.68,-1,-1,-1
13,14,1066.70,379.18,44.89,85.94,1.72,-1,-1,-1
13,15,932.31,278.67,25.82,64.98,1.64,-1,-1,-1
13,17,1690.43,326.36,43.48,79.77,1.71,-1,-1,-1
14,1,834.56,353.33,51.97,80.81,1.13,-1,-1,-1
14,2,626.78,391.96,41.56,92.62,1.73,-1,-1,-1
14,3,983.52,469.19,44.90,98.30,1.73,-1,-1,-1
14,4,1522.25,473.63,51.48,87.26,1.73,-1,-1,-1
14,5,952.62,557.53,56.34,131.52,1.72,-1,-1,-1
14,6,243.93,458.17,28.29,109.35,1.70,-1,-1,-1
14,7,919.57,576.92,36.35,120.55,1.71,-1,-1,-1
14,8,885.50,854.68,101.27,169.68,1.73,-1,-1,-1
14,9,1883.79,398.46,31.78,103.30,1.70,-1,-1,-1
14,10,928.57,319.58,40.65,71.43,1.68,-1,-1,-1
14,11,1251.41,678.71,45.70,141.64,1.70,-1,-1,-1
14,12,1407.83,532.50,34.99,114.27,1.69,-1,-1,-1
14,13,970.49,332.57,26.68,74.09,1.67,-1,-1,-1
14,14,1067.22,378.65,42.59,86.12,1.72,-1,-1,-1
14,15,932.32,278.27,25.65,67.28,1.65,-1,-1,-1
14,17,1690.37,326.09,41.05,79.83,1.72,-1,-1,-1
15,1,836.77,353.30,53.48,80.51,1.72,-1,-1,-1
15,2,626.78,391.36,41.74,93.19,1.73,-1,-1,-1
15,3,978.61,468.06,49.74,98.87,1.72,-1,-1,-1
15,4,1521.91,472.55,51.74,88.15,1.73,-1,-1,-1
15,5,952.04,556.89,56.89,131.83,1.72,-1,-1,-1
15,6,243.88,458.01,29.39,109.32,1.70,-1,-1,-1
15,7,919.50,576.33,36.70,120.39,1.71,-1,-1,-1
15,8,894.80,858.15,81.22,166.22,1.73,-1,-1,-1
15,9,1883.29,398.02,31.79,102.67,1.69,-1,-1,-1
15,10,927.51,321.77,43.07,68.68,1.69,-1,-1,-1
15,11,1247.97,678.14,49.17,141.18,1.70,-1,-1,-1
15,12,1404.77,531.84,36.25,115.58,1.67,-1,-1,-1
15,13,969.36,331.44,27.26,74.95,1.65,-1,-1,-1
15,14,1067.99,378.06,39.38,86.84,1.71,-1,-1,-1
15,15,931.95,278.29,25.95,62.31,1.62,-1,-1,-1
15,17,1690.30,325.93,39.76,79.98,1.71,-1,-1,-1
16,1,841.39,352.33,53.17,81.76,1.67,-1,-1,-1
16,2,626.64,390.89,41.57,93.37,1.72,-1,-1,-1
16,3,971.35,466.12,55.03,100.50,1.72,-1,-1,-1
16,4,1521.88,471.30,51.66,88.86,1.72,-1,-1,-1
16,5,950.87,557.51,56.35,129.49,1.72,-1,-1,-1
16,6,244.11,457.62,29.07,108.80,1.70,-1,-1,-1
16,7,919.16,575.67,37.07,121.04,1.71,-1,-1,-1
16,8,885.42,860.59,87.39,167.29,1.74,-1,-1,-1
16,9,1883.16,397.17,31.61,103.88,1.69,-1,-1,-1
16,10,927.11,323.73,43.50,65.71,1.70,-1,-1,-1
16,11,1246.21,676.34,50.96,141.23,1.71,-1,-1,-1
16,12,1403.69,532.21,35.54,114.79,1.67,-1,-1,-1
16,13,967.18,331.39,29.25,74.77,1.66,-1,-1,-1
16,14,1066.68,377.15,37.12,86.89,1.70,-1,-1,-1
16,15,932.14,278.01,25.74,60.76,1.61,-1,-1,-1
16,17,1690.22,325.94,38.78,79.33,1.71,-1,-1,-1
17,1,847.70,351.59,47.41,81.64,1.68,-1,-1,-1
17,2,626.40,390.42,41.37,93.42,1.72,-1,-1,-1
17,3,967.27,465.66,57.25,99.69,1.73,-1,-1,-1
17,4,1521.04,469.28,52.86,89.91,1.72,-1,-1,-1
17,5,950.38,558.57,56.63,128.22,1.72,-1,-1,-1
17,6,244.13,456.95,28.58,109.46,1.70,-1,-1,-1
17,7,919.21,575.39,36.99,121.08,1.71,-1,-1,-1
17,8,878.89,865.47,90.33,166.41,1.74,-1,-1,-1
17,9,1882.80,396.32,31.41,103.41,1.69,-1,-1,-1
17,10,927.13,325.41,45.63,63.86,1.67,-1,-1,-1
17,11,1246.52,675.35,50.64,142.38,1.71,-1,-1,-1
17,12,1403.48,533.28,34.25,114.11,1.66,-1,-1,-1
17,13,965.16,330.36,30.10,75.24,1.67,-1,-1,-1
17,14,1065.95,377.15,33.85,87.08,1.70,-1,-1,-1
17,15,932.54,277.40,25.62,61.89,1.37,-1,-1,-1
17,17,1690.56,325.45,37.40,79.54,1.71,-1,-1,-1
18,1,852.02,351.55,42.83,81.55,1.71,-1,-1,-1
18,2,626.84,389.94,38.79,93.38,1.71,-1,-1,-1
18,3,962.71,464.74,60.98,99.09,1.73,-1,-1,-1
18,4,1520.26,468.47,53.12,90.88,1.72,-1,-1,-1
18,5,950.07,559.75,55.76,127.67,1.70,-1,-1,-1
18,6,244.09,456.79,28.43,109.89,1.70,-1,-1,-1
18,7,919.46,575.21,36.47,120.63,1.71,-1,-1,-1
18,8,877.21,872.27,91.03,161.67,1.74,-1,-1,-1
18,9,1883.57,395.57,30.15,103.99,1.68,-1,-1,-1
18,10,926.73,325.49,49.90,63.57,1.65,-1,-1,-1
18,11,1245.35,675.36,49.33,143.99,1.71,-1,-1,-1
18,12,1405.54,535.15,31.52,111.84,1.67,-1,-1,-1
18,13,964.96,329.44,29.00,75.74,1.64,-1,-1,-1
18,14,1057.25,376.85,37.58,87.80,1.68,-1,-1,-1
18,15,932.59,277.04,25.37,61.32,0.99,-1,-1,-1
18,17,1690.42,324.64,37.54,80.21,1.71,-1,-1,-1
19,1,856.60,351.79,37.78,80.27,1.53,-1,-1,-1
19,2,626.62,389.60,38.57,93.47,1.72,-1,-1,-1
19,3,959.67,465.06,62.88,99.24,1.74,-1,-1,-1
19,4,1519.39,468.04,54.17,90.77,1.72,-1,-1,-1
19,5,949.91,563.05,58.41,124.95,1.70,-1,-1,-1
19,6,243.83,456.46,28.66,109.36,1.69,-1,-1,-1
19,7,919.20,574.89,37.23,120.86,1.70,-1,-1,-1
19,8,876.69,877.97,91.95,156.36,1.74,-1,-1,-1
19,9,1882.37,395.22,31.55,103.41,1.67,-1,-1,-1
19,10,928.08,323.05,51.68,66.16,1.64,-1,-1,-1
19,11,1240.57,675.97,54.77,144.88,1.71,-1,-1,-1
19,12,1404.77,535.96,32.89,110.30,1.67,-1,-1,-1
19,13,966.24,328.13,27.51,76.58,1.62,-1,-1,-1
19,14,1056.84,376.51,38.25,87.91,1.67,-1,-1,-1
19,15,932.32,276.34,25.53,61.97,1.46,-1,-1,-1
19,17,1690.54,324.55,37.10,80.15,1.71,-1,-1,-1
20,2,626.53,388.73,38.19,94.66,1.72,-1,-1,-1
20,3,960.33,466.72,60.51,97.88,1.72,-1,-1,-1
20,4,1517.34,468.36,56.50,90.09,1.72,-1,-1,-1
20,5,949.41,567.83,60.01,119.33,1.69,-1,-1,-1
20,6,243.82,456.00,28.49,109.34,1.69,-1,-1,-1
20,7,918.91,574.61,37.27,121.63,1.70,-1,-1,-1
20,8,876.89,880.97,97.10,153.27,1.74,-1,-1,-1
20,9,1884.22,395.21,29.28,102.79,1.67,-1,-1,-1
20,10,929.07,323.65,56.06,64.46,1.60,-1,-1,-1
20,11,1237.72,677.83,59.43,145.05,1.71,-1,-1,-1
20,12,1400.17,536.03,36.91,109.36,1.68,-1,-1,-1
20,13,966.80,326.91,28.46,77.75,1.59,-1,-1,-1
20,14,1054.49,376.59,40.58,88.33,1.67,-1,-1,-1
20,15,932.05,275.69,26.26,61.92,1.57,-1,-1,-1
20,17,1689.81,324.19,37.56,80.18,1.71,-1,-1,-1
21,2,627.63,388.55,37.07,94.85,1.71,-1,-1,-1
21,3,957.26,468.69,56.33,95.24,1.71,-1,-1,-1
21,4,1514.18,468.76,59.92,89.80,1.73,-1,-1,-1
21,5,947.00,570.35,65.56,117.83,1.69,-1,-1,-1
21,6,243.94,455.74,28.56,109.00,1.69,-1,-1,-1
21,7,918.90,574.50,37.83,122.02,1.70,-1,-1,-1
21,8,877.25,881.13,105.10,154.98,1.75,-1,-1,-1
21,9,1884.58,395.02,29.27,102.39,1.67,-1,-1,-1
21,10,934.66,324.12,57.78,61.32,1.59,-1,-1,-1
21,11,1235.53,681.51,62.02,144.55,1.72,-1,-1,-1
21,12,1397.58,536.40,39.11,108.54,1.68,-1,-1,-1
21,13,966.33,330.88,30.90,72.97,1.52,-1,-1,-1
21,14,1052.65,376.87,38.40,88.37,1.63,-1,-1,-1
21,15,933.17,276.36,25.06,62.89,1.51,-1,-1,-1
21,17,1690.33,324.06,36.91,80.08,1.71,-1,-1,-1
22,2,628.35,387.89,36.68,94.99,1.71,-1,-1,-1
22,3,956.13,470.07,53.20,94.37,1.71,-1,-1,-1
22,4,1511.59,469.27,63.04,89.30,1.74,-1,-1,-1
22,5,945.57,571.01,67.42,116.63,1.69,-1,-1,-1
22,6,244.27,455.41,28.66,109.26,1.69,-1,-1,-1
22,7,918.91,574.52,39.27,121.45,1.70,-1,-1,-1
22,8,878.52,880.53,112.83,156.17,1.75,-1,-1,-1
22,9,1884.86,394.45,29.62,103.12,1.67,-1,-1,-1
22,10,943.11,323.45,55.67,59.53,1.64,-1,-1,-1
22,11,1234.29,684.33,62.98,143.78,1.72,-1,-1,-1
22,12,1393.55,537.82,43.19,106.36,1.69,-1,-1,-1
22,13,960.23,331.95,38.61,71.96,1.55,-1,-1,-1
22,14,1053.89,377.53,33.92,88.46,1.67,-1,-1,-1
22,15,933.16,276.53,25.18,62.60,1.55,-1,-1,-1
22,17,1690.90,323.85,35.18,79.86,1.69,-1,-1,-1
23,2,629.17,388.08,36.55,93.87,1.72,-1,-1,-1
23,3,952.26,470.80,58.56,92.92,1.73,-1,-1,-1
23,4,1511.09,468.92,64.35,89.35,1.74,-1,-1,-1
23,5,941.87,570.97,68.46,115.76,1.69,-1,-1,-1
23,6,244.10,454.86,28.52,109.35,1.69,-1,-1,-1
23,7,919.23,574.26,39.87,121.76,1.70,-1,-1,-1
23,8,884.39,880.93,117.91,157.52,1.75,-1,-1,-1
23,9,1885.84,394.16,28.80,102.96,1.68,-1,-1,-1
23,10,952.90,321.93,54.59,59.25,1.51,-1,-1,-1
23,11,1234.22,687.53,64.09,141.22,1.72,-1,-1,-1
23,12,1391.56,538.82,46.05,104.47,1.69,-1,-1,-1
23,13,951.90,333.68,48.78,69.63,1.61,-1,-1,-1
23,14,1050.21,377.54,36.55,87.91,1.68,-1,-1,-1
23,15,933.84,275.81,25.55,62.11,1.67,-1,-1,-1
23,17,1690.53,323.38,35.03,80.06,1.70,-1,-1,-1
24,2,630.65,387.71,36.27,94.07,1.72,-1,-1,-1
24,3,951.77,470.20,61.95,93.16,1.73,-1,-1,-1
24,4,1510.97,467.46,63.48,89.82,1.75,-1,-1,-1
24,5,934.14,571.56,73.60,113.65,1.60,-1,-1,-1
24,6,243.85,454.75,28.66,108.56,1.69,-1,-1,-1
24,7,919.73,572.04,41.05,124.05,1.70,-1,-1,-1
24,8,896.82,880.15,122.17,158.03,1.75,-1,-1,-1
24,9,1887.89,393.93,28.80,101.94,1.68,-1,-1,-1
24,10,958.31,320.35,50.01,57.61,1.38,-1,-1,-1
24,11,1233.73,688.31,64.71,140.29,1.73,-1,-1,-1
24,12,1390.19,540.56,48.05,101.48,1.70,-1,-1,-1
24,13,957.52,334.71,42.93,68.45,1.69,-1,-1,-1
24,14,1050.36,377.86,34.28,87.69,1.67,-1,-1,-1
24,15,934.38,275.96,25.37,61.45,1.65,-1,-1,-1
24,17,1691.28,322.90,34.55,80.33,1.69,-1,-1,-1
24,1,863.97,352.14,46.34,79.54,0.66,-1,-1,-1
25,2,632.07,387.18,35.47,93.97,1.72,-1,-1,-1
25,3,948.73,469.57,66.31,93.20,1.74,-1,-1,-1
25,4,1509.61,464.72,63.62,92.06,1.74,-1,-1,-1
25,5,929.06,570.96,75.16,111.83,1.62,-1,-1,-1
25,6,243.69,454.04,29.00,108.83,1.69,-1,-1,-1
25,7,920.60,570.67,40.96,124.72,1.62,-1,-1,-1
25,8,915.60,881.09,115.58,157.53,1.75,-1,-1,-1
25,9,1889.42,393.52,28.45,101.20,1.68,-1,-1,-1
25,10,969.02,319.03,47.98,55.63,1.46,-1,-1,-1
25,11,1232.40,688.00,65.43,140.96,1.73,-1,-1,-1
25,12,1388.86,542.66,50.82,99.10,1.69,-1,-1,-1
25,13,957.25,336.11,45.15,66.83,1.71,-1,-1,-1
25,14,1048.49,377.61,36.42,88.53,1.70,-1,-1,-1
25,15,934.89,276.11,25.69,60.82,1.64,-1,-1,-1
25,17,1690.27,323.06,35.14,80.21,1.69,-1,-1,-1
26,2,633.27,386.72,34.99,93.85,1.71,-1,-1,-1
26,3,950.34,468.46,65.77,93.23,1.74,-1,-1,-1
26,4,1508.62,460.81,62.79,95.34,1.73,-1,-1,-1
26,5,931.45,571.98,64.73,109.17,1.57,-1,-1,-1
26,6,243.40,453.41,28.68,108.51,1.69,-1,-1,-1
26,7,909.63,570.66,53.65,124.49,1.69,-1,-1,-1
26,8,935.75,880.49,105.19,157.97,1.72,-1,-1,-1
26,9,1890.58,392.20,28.76,102.03,1.69,-1,-1,-1
26,10,972.46,316.39,50.67,56.49,1.51,-1,-1,-1
26,11,1231.11,686.96,63.23,142.89,1.73,-1,-1,-1
26,12,1386.10,545.67,54.73,95.83,1.71,-1,-1,-1
26,13,951.36,336.41,51.81,65.05,1.73,-1,-1,-1
26,14,1049.03,377.42,35.97,88.01,1.70,-1,-1,-1
26,15,934.67,276.74,26.55,59.27,1.65,-1,-1,-1
26,17,1694.58,322.05,30.59,80.12,1.69,-1,-1,-1
26,1,866.14,351.37,46.02,80.21,1.29,-1,-1,-1
27,2,634.43,385.99,35.12,93.33,1.71,-1,-1,-1
27,3,951.77,467.09,64.55,94.19,1.74,-1,-1,-1
27,4,1507.29,457.23,58.32,96.87,1.73,-1,-1,-1
27,5,927.75,571.22,61.61,108.31,1.28,-1,-1,-1
27,6,242.83,452.53,29.79,108.59,1.69,-1,-1,-1
27,7,907.05,570.51,59.15,123.28,1.54,-1,-1,-1
27,8,944.79,877.10,109.49,160.45,1.70,-1,-1,-1
27,9,1893.05,391.77,26.70,101.88,1.66,-1,-1,-1
27,10,975.76,313.95,49.73,60.23,1.62,-1,-1,-1
27,11,1229.77,684.05,60.08,144.12,1.73,-1,-1,-1
27,12,1384.63,549.61,57.12,92.07,1.71,-1,-1,-1
27,13,945.13,336.87,57.42,63.89,1.73,-1,-1,-1
27,14,1048.24,376.50,36.77,88.14,1.70,-1,-1,-1
27,15,932.92,278.04,29.52,57.96,1.66,-1,-1,-1
27,17,1695.27,322.06,29.58,79.58,1.68,-1,-1,-1
27,19,903.35,572.01,86.48,104.00,1.63,-1,-1,-1
28,2,636.09,386.09,34.32,92.03,1.71,-1,-1,-1
28,3,959.85,465.99,55.97,94.36,1.74,-1,-1,-1
28,4,1507.26,453.95,51.07,99.36,1.73,-1,-1,-1
28,5,896.25,565.83,82.91,110.53,1.71,-1,-1,-1
28,6,242.88,452.05,29.77,108.81,1.70,-1,-1,-1
28,7,925.36,572.14,44.37,121.26,1.54,-1,-1,-1
28,8,948.86,874.16,115.87,162.90,1.74,-1,-1,-1
28,9,1895.82,391.52,24.13,101.91,1.65,-1,-1,-1
28,10,976.76,312.68,54.52,62.69,1.70,-1,-1,-1
28,11,1229.04,681.86,56.56,145.83,1.73,-1,-1,-1
28,12,1381.38,553.35,61.91,88.21,1.70,-1,-1,-1
28,13,944.73,336.19,56.93,64.42,1.72,-1,-1,-1
28,14,1049.48,375.55,34.28,88.64,1.69,-1,-1,-1
28,15,933.34,279.98,31.38,55.80,1.65,-1,-1,-1
28,17,1695.87,322.55,29.22,78.20,1.68,-1,-1,-1
29,2,639.46,386.52,32.49,90.15,1.71,-1,-1,-1
29,3,961.98,465.31,53.71,95.64,1.74,-1,-1,-1
29,4,1506.03,450.98,44.97,102.30,1.71,-1,-1,-1
29,5,890.76,562.78,87.00,112.44,1.68,-1,-1,-1
29,6,243.49,451.13,28.84,109.61,1.69,-1,-1,-1
29,7,926.48,570.70,45.62,123.10,1.71,-1,-1,-1
29,8,956.23,872.33,117.60,163.19,1.75,-1,-1,-1
29,9,1898.61,390.43,21.62,101.97,1.65,-1,-1,-1
29,10,986.18,312.13,52.04,64.23,1.72,-1,-1,-1
29,11,1228.61,680.12,52.60,146.56,1.72,-1,-1,-1
29,12,1380.58,559.85,64.46,81.89,1.71,-1,-1,-1
29,13,946.89,335.06,53.35,64.29,1.72,-1,-1,-1
29,14,1050.91,373.51,30.14,90.43,1.65,-1,-1,-1
29,15,934.38,281.03,32.16,54.16,1.62,-1,-1,-1
29,17,1695.88,322.31,30.60,77.98,1.68,-1,-1,-1
30,2,640.57,385.46,33.39,90.55,1.70,-1,-1,-1
30,3,962.73,465.03,52.67,95.02,1.73,-1,-1,-1
30,4,1505.51,449.14,36.34,102.67,1.68,-1,-1,-1
30,5,887.39,559.85,76.49,82.19,1.50,-1,-1,-1
30,6,243.09,450.17,29.62,110.25,1.70,-1,-1,-1
30,7,930.59,570.41,44.32,121.84,1.69,-1,-1,-1
30,8,964.83,871.30,118.57,161.22,1.73,-1,-1,-1
30,9,1902.44,389.58,18.10,102.66,1.53,-1,-1,-1
30,10,999.20,312.11,46.21,63.62,1.70,-1,-1,-1
30,11,1228.63,679.32,51.48,147.54,1.72,-1,-1,-1
30,12,1379.91,563.55,67.47,77.18,1.71,-1,-1,-1
30,13,944.50,334.68,53.76,62.98,1.72,-1,-1,-1
30,14,1053.70,372.47,27.10,90.71,1.66,-1,-1,-1
30,15,935.96,280.94,30.96,53.00,1.63,-1,-1,-1
30,17,1696.87,320.89,30.17,78.88,1.68,-1,-1,-1
31,2,642.74,383.59,33.54,90.93,1.69,-1,-1,-1
31,3,967.02,464.04,52.37,95.94,1.72,-1,-1,-1
31,4,1506.02,448.21,34.43,103.85,1.68,-1,-1,-1
31,5,886.84,556.59,70.49,104.63,1.65,-1,-1,-1
31,6,242.77,449.34,30.03,109.94,1.70,-1,-1,-1
31,7,932.75,569.51,44.69,122.36,1.70,-1,-1,-1
31,8,978.24,872.23,114.52,164.39,1.74,-1,-1,-1
31,9,1906.33,388.09,14.05,102.71,0.88,-1,-1,-1
31,10,1014.16,312.64,41.74,62.32,1.71,-1,-1,-1
31,11,1229.06,679.98,51.25,146.14,1.72,-1,-1,-1
31,12,1380.97,567.21,68.71,73.59,1.72,-1,-1,-1
31,13,941.76,334.13,49.71,63.09,1.71,-1,-1,-1
31,14,1054.78,371.19,26.29,90.93,1.68,-1,-1,-1
31,15,937.63,280.42,32.93,53.30,1.66,-1,-1,-1
31,17,1698.36,319.80,30.40,79.60,1.70,-1,-1,-1
32,2,645.75,381.64,33.21,90.22,1.71,-1,-1,-1
32,3,968.93,461.86,60.81,98.54,1.72,-1,-1,-1
32,4,1503.13,447.97,37.31,103.86,1.67,-1,-1,-1
32,5,887.42,553.19,61.65,110.13,1.62,-1,-1,-1
32,6,243.97,448.92,29.99,110.63,1.70,-1,-1,-1
32,7,934.77,568.66,47.11,122.88,1.70,-1,-1,-1
32,8,990.16,875.85,113.38,165.74,1.74,-1,-1,-1
32,9,1910.99,401.01,8.86,86.13,0.21,-1,-1,-1
32,10,1021.23,312.10,48.45,62.84,1.69,-1,-1,-1
32,11,1229.65,681.81,51.15,146.36,1.72,-1,-1,-1
32,12,1381.59,568.87,71.73,71.47,1.71,-1,-1,-1
32,13,936.07,333.38,48.71,62.96,1.70,-1,-1,-1
32,14,1052.66,371.28,31.38,90.59,1.66,-1,-1,-1
32,15,940.24,279.03,35.40,52.07,1.67,-1,-1,-1
32,17,1701.84,318.52,31.75,80.20,1.69,-1,-1,-1
33,2,649.54,378.42,32.97,92.46,1.70,-1,-1,-1
33,3,973.95,459.50,66.12,99.32,1.71,-1,-1,-1
33,4,1495.90,448.81,47.33,102.38,1.72,-1,-1,-1
33,5,887.16,552.65,62.47,111.50,1.72,-1,-1,-1
33,6,244.52,448.12,33.05,110.49,1.71,-1,-1,-1
33,7,939.46,567.06,46.03,122.55,1.72,-1,-1,-1
33,8,1010.29,879.32,105.82,164.88,1.73,-1,-1,-1
33,10,1023.90,310.99,57.18,62.89,1.72,-1,-1,-1
33,11,1223.42,684.82,62.22,145.96,1.74,-1,-1,-1
33,12,1383.34,570.34,73.84,69.48,1.71,-1,-1,-1
33,13,936.72,331.11,48.92,65.95,1.71,-1,-1,-1
33,14,1049.03,372.19,36.99,89.44,1.68,-1,-1,-1
33,15,944.42,275.66,37.31,54.22,1.65,-1,-1,-1
33,17,1705.27,317.10,33.19,81.15,1.69,-1,-1,-1
34,2,654.31,375.88,31.83,94.12,1.71,-1,-1,-1
34,3,983.03,456.62,66.36,100.19,1.70,-1,-1,-1
34,4,1489.29,450.43,58.52,100.53,1.73,-1,-1,-1
34,5,886.04,551.62,57.61,113.82,1.68,-1,-1,-1
34,6,246.18,448.11,33.63,110.09,1.71,-1,-1,-1
34,7,946.11,565.51,44.14,124.35,1.72,-1,-1,-1
34,8,1033.59,884.02,95.04,160.35,1.74,-1,-1,-1
34,10,1031.72,309.25,57.42,64.23,1.70,-1,-1,-1
34,11,1216.30,688.64,73.44,143.79,1.75,-1,-1,-1
34,12,1385.35,570.28,75.66,69.25,1.70,-1,-1,-1
34,13,938.68,329.48,49.03,64.94,1.70,-1,-1,-1
34,14,1047.82,372.67,39.43,88.72,1.70,-1,-1,-1
34,15,950.48,273.50,39.17,54.86,1.65,-1,-1,-1
34,17,1709.05,316.13,33.35,81.40,1.69,-1,-1,-1
35,2,657.81,373.28,31.17,96.43,1.70,-1,-1,-1
35,3,996.11,454.50,60.15,101.19,1.71,-1,-1,-1
35,4,1487.58,451.99,65.51,99.11,1.74,-1,-1,-1
35,5,871.52,551.39,75.19,112.25,1.72,-1,-1,-1
35,6,247.58,447.91,32.42,109.99,1.71,-1,-1,-1
35,7,951.28,563.56,44.05,125.66,1.73,-1,-1,-1
35,8,1059.23,888.25,83.59,157.78,1.70,-1,-1,-1
35,10,1039.68,307.27,62.34,62.58,1.70,-1,-1,-1
35,11,1209.88,692.30,85.36,142.68,1.75,-1,-1,-1
35,12,1386.09,570.19,78.88,69.08,1.72,-1,-1,-1
35,13,938.18,327.90,50.60,66.88,1.71,-1,-1,-1
35,14,1048.51,374.37,40.42,86.91,1.67,-1,-1,-1
35,15,958.50,270.71,33.91,57.06,1.65,-1,-1,-1
35,17,1714.14,314.91,31.63,82.41,1.69,-1,-1,-1
36,2,661.97,371.20,31.15,96.15,1.70,-1,-1,-1
36,3,1009.11,453.09,55.83,102.44,1.72,-1,-1,-1
36,4,1488.42,453.34,69.69,98.12,1.75,-1,-1,-1
36,5,864.98,548.33,83.66,114.29,1.75,-1,-1,-1
36,6,249.37,447.78,28.87,110.74,1.71,-1,-1,-1
36,7,955.20,563.24,45.41,125.88,1.73,-1,-1,-1
36,8,1063.75,888.20,97.71,159.66,1.72,-1,-1,-1
36,10,1049.47,307.09,59.18,63.63,1.72,-1,-1,-1
36,11,1209.56,695.67,88.19,141.06,1.76,-1,-1,-1
36,12,1386.51,569.57,83.47,69.12,1.72,-1,-1,-1
36,13,938.12,326.30,49.76,65.95,1.69,-1,-1,-1
36,14,1053.18,376.37,38.78,85.68,1.66,-1,-1,-1
36,15,968.49,268.26,33.06,60.35,1.61,-1,-1,-1
36,17,1720.43,314.16,31.86,82.17,1.68,-1,-1,-1
37,2,666.03,370.79,31.83,95.54,1.70,-1,-1,-1
37,3,1023.76,451.82,48.68,105.61,1.69,-1,-1,-1
37,4,1490.91,452.35,70.67,99.56,1.74,-1,-1,-1
37,5,864.64,544.92,81.79,114.89,1.74,-1,-1,-1
37,6,250.11,447.32,30.86,110.75,1.69,-1,-1,-1
37,7,959.68,562.15,45.65,127.22,1.73,-1,-1,-1
37,8,1070.06,887.09,110.58,163.40,1.73,-1,-1,-1
37,10,1065.11,307.15,53.56,63.88,1.72,-1,-1,-1
37,11,1213.77,696.69,89.10,142.04,1.75,-1,-1,-1
37,12,1389.37,568.75,83.59,70.09,1.72,-1,-1,-1
37,13,938.15,326.49,49.29,65.77,1.68,-1,-1,-1
37,14,1056.37,378.03,39.65,84.11,1.66,-1,-1,-1
37,15,976.72,266.29,30.70,61.81,1.62,-1,-1,-1
37,17,1726.67,313.73,33.36,82.05,1.70,-1,-1,-1
38,2,670.82,370.87,31.73,94.57,1.70,-1,-1,-1
38,3,1035.42,453.71,42.43,103.04,1.71,-1,-1,-1
38,4,1497.40,451.15,66.11,101.49,1.74,-1,-1,-1
38,5,860.42,543.97,78.88,108.84,1.75,-1,-1,-1
38,6,251.61,446.63,32.93,110.17,1.71,-1,-1,-1
38,7,964.72,562.45,46.09,126.95,1.73,-1,-1,-1
38,8,1081.64,886.05,117.96,165.77,1.75,-1,-1,-1
38,10,1081.34,307.11,49.01,63.44,1.71,-1,-1,-1
38,11,1218.65,697.70,87.35,141.70,1.75,-1,-1,-1
38,12,1393.33,568.57,82.16,70.42,1.70,-1,-1,-1
38,13,938.64,327.26,45.29,66.40,1.68,-1,-1,-1
38,14,1063.49,379.77,38.06,84.08,1.66,-1,-1,-1
38,15,984.19,264.76,30.71,60.87,1.65,-1,-1,-1
38,17,1732.29,312.85,34.13,81.56,1.69,-1,-1,-1
39,2,675.31,371.51,33.52,93.63,1.71,-1,-1,-1
39,3,1043.61,455.55,40.90,101.21,1.70,-1,-1,-1
39,4,1502.75,449.32,59.25,102.86,1.74,-1,-1,-1
39,5,850.88,542.85,76.75,110.95,1.74,-1,-1,-1
39,6,251.19,446.91,36.07,109.36,1.72,-1,-1,-1
39,7,969.97,562.31,47.05,127.60,1.73,-1,-1,-1
39,8,1094.77,887.05,130.76,167.20,1.75,-1,-1,-1
39,10,1100.74,306.09,41.34,62.42,1.68,-1,-1,-1
39,11,1223.92,698.24,81.99,142.31,1.74,-1,-1,-1
39,12,1396.24,567.17,81.12,72.00,1.71,-1,-1,-1
39,13,938.64,327.69,36.55,67.71,1.60,-1,-1,-1
39,14,1069.37,380.05,37.80,82.80,1.67,-1,-1,-1
39,15,994.79,263.74,26.38,59.99,1.46,-1,-1,-1
39,17,1739.53,312.35,35.70,81.28,1.70,-1,-1,-1
40,2,679.80,372.22,36.62,93.65,1.69,-1,-1,-1
40,3,1048.83,458.15,44.75,97.98,1.71,-1,-1,-1
40,4,1507.60,447.59,50.99,104.76,1.71,-1,-1,-1
40,5,840.00,542.52,78.28,111.96,1.74,-1,-1,-1
40,6,252.53,446.92,40.77,107.93,1.72,-1,-1,-1
40,7,975.18,562.64,47.85,127.33,1.72,-1,-1,-1
40,8,1112.74,888.33,132.70,168.64,1.74,-1,-1,-1
40,10,1114.34,305.05,42.18,65.40,1.70,-1,-1,-1
40,11,1225.46,697.56,79.80,143.53,1.74,-1,-1,-1
40,12,1400.62,566.10,76.16,73.42,1.71,-1,-1,-1
40,13,936.06,327.72,42.03,67.04,1.55,-1,-1,-1
40,14,1067.22,380.25,46.61,82.84,1.71,-1,-1,-1
40,15,1000.25,263.73,26.49,60.63,1.60,-1,-1,-1
40,17,1746.45,312.00,35.50,80.94,1.70,-1,-1,-1
41,2,684.72,373.21,39.51,91.93,1.71,-1,-1,-1
41,3,1054.57,459.99,52.51,96.72,1.70,-1,-1,-1
41,4,1515.33,444.87,39.13,108.08,1.69,-1,-1,-1
41,5,832.77,539.81,75.55,114.27,1.72,-1,-1,-1
41,6,254.12,445.60,46.14,106.67,1.73,-1,-1,-1
41,7,981.05,562.77,48.54,128.17,1.73,-1,-1,-1
41,8,1135.30,891.16,128.97,168.11,1.75,-1,-1,-1
41,10,1121.12,303.53,48.28,65.14,1.70,-1,-1,-1
41,11,1224.87,696.19,77.41,146.24,1.73,-1,-1,-1
41,12,1403.89,563.34,71.46,77.49,1.72,-1,-1,-1
41,13,929.66,325.95,49.83,63.07,1.45,-1,-1,-1
41,14,1073.36,379.63,47.38,84.50,1.72,-1,-1,-1
41,15,1009.80,264.27,26.62,59.22,1.55,-1,-1,-1
41,17,1753.91,311.31,38.49,80.92,1.71,-1,-1,-1
42,2,689.30,373.08,43.80,92.04,1.71,-1,-1,-1
42,3,1059.66,460.74,59.90,95.52,1.72,-1,-1,-1
42,4,1520.34,443.46,28.43,109.61,1.63,-1,-1,-1
42,5,830.85,535.97,80.17,118.33,1.73,-1,-1,-1
42,6,256.39,445.81,52.43,103.43,1.73,-1,-1,-1
42,7,987.83,563.00,46.69,127.64,1.72,-1,-1,-1
42,8,1166.70,894.19,121.22,167.11,1.73,-1,-1,-1
42,10,1130.26,301.62,53.62,65.11,1.71,-1,-1,-1
42,11,1225.40,693.70,70.35,148.84,1.74,-1,-1,-1
42,12,1407.89,559.98,65.85,80.82,1.71,-1,-1,-1
42,13,931.84,324.38,45.79,62.12,1.58,-1,-1,-1
42,14,1079.48,379.46,49.83,84.38,1.72,-1,-1,-1
42,15,1018.40,265.45,28.53,59.66,1.66,-1,-1,-1
42,17,1761.54,310.57,42.24,81.28,1.70,-1,-1,-1
43,2,693.55,372.32,44.29,93.03,1.70,-1,-1,-1
43,3,1064.66,460.52,63.81,96.02,1.72,-1,-1,-1
43,4,1521.20,442.93,28.51,108.96,1.64,-1,-1,-1
43,5,826.39,531.59,83.64,121.52,1.74,-1,-1,-1
43,6,258.11,445.28,54.14,102.91,1.74,-1,-1,-1
43,7,993.63,562.40,47.85,127.94,1.72,-1,-1,-1
43,8,1199.80,895.23,114.00,167.90,1.74,-1,-1,-1
43,10,1142.43,300.88,61.24,67.69,1.73,-1,-1,-1
43,11,1225.62,692.12,63.45,151.45,1.72,-1,-1,-1
43,12,1411.76,556.68,67.26,84.62,1.72,-1,-1,-1
43,13,930.70,322.69,50.38,66.33,1.67,-1,-1,-1
43,14,1084.54,378.32,52.53,86.50,1.71,-1,-1,-1
43,15,1024.30,266.14,35.80,59.69,1.67,-1,-1,-1
43,17,1770.33,309.88,42.98,81.58,1.71,-1,-1,-1
43,20,975.01,344.22,30.23,84.08,1.18,-1,-1,-1
44,2,698.88,372.16,43.89,92.80,1.71,-1,-1,-1
44,3,1072.21,459.88,66.74,96.99,1.72,-1,-1,-1
44,4,1514.90,444.06,38.36,109.08,1.70,-1,-1,-1
44,5,824.66,528.78,81.51,112.36,1.74,-1,-1,-1
44,6,259.94,444.62,56.16,102.78,1.73,-1,-1,-1
44,7,1000.26,562.03,47.36,127.79,1.72,-1,-1,-1
44,8,1233.31,892.54,104.49,171.64,1.73,-1,-1,-1
44,10,1157.32,300.90,60.27,68.85,1.72,-1,-1,-1
44,11,1226.01,691.50,55.18,152.49,1.71,-1,-1,-1
44,12,1416.21,553.11,69.73,89.22,1.73,-1,-1,-1
44,13,929.09,321.91,55.32,69.73,1.72,-1,-1,-1
44,14,1090.08,376.67,54.84,87.36,1.72,-1,-1,-1
44,15,1031.10,265.72,38.67,58.11,1.69,-1,-1,-1
44,17,1778.04,309.22,45.71,82.00,1.71,-1,-1,-1
45,2,704.27,370.71,45.55,93.65,1.70,-1,-1,-1
45,3,1086.50,460.40,65.57,97.10,1.73,-1,-1,-1
45,4,1510.37,445.31,48.84,108.27,1.70,-1,-1,-1
45,5,823.79,527.64,74.26,111.71,1.74,-1,-1,-1
45,6,262.38,444.70,57.50,102.25,1.73,-1,-1,-1
45,7,1007.50,561.24,47.47,127.64,1.71,-1,-1,-1
45,8,1247.79,888.74,110.97,175.75,1.72,-1,-1,-1
45,10,1176.42,301.22,50.15,69.69,1.70,-1,-1,-1
45,11,1225.17,692.32,54.14,150.67,1.70,-1,-1,-1
45,12,1419.47,551.25,72.62,92.09,1.73,-1,-1,-1
45,13,931.77,321.74,52.48,72.96,1.72,-1,-1,-1
45,14,1096.26,375.42,56.25,87.54,1.71,-1,-1,-1
45,15,1037.31,264.62,38.23,60.94,1.68,-1,-1,-1
45,17,1784.93,308.88,48.03,82.16,1.72,-1,-1,-1
46,2,709.13,370.25,48.03,92.11,1.72,-1,-1,-1
46,3,1104.12,460.99,61.32,96.27,1.72,-1,-1,-1
46,4,1508.13,447.41,58.55,106.62,1.73,-1,-1,-1
46,5,821.46,526.25,63.07,112.42,1.74,-1,-1,-1
46,6,265.48,444.51,57.11,101.75,1.72,-1,-1,-1
46,7,1014.52,559.67,47.94,126.60,1.71,-1,-1,-1
46,8,1261.64,886.77,115.63,178.53,1.74,-1,-1,-1
46,10,1199.40,303.26,42.06,67.66,1.69,-1,-1,-1
46,11,1225.24,694.89,54.98,147.76,1.71,-1,-1,-1
46,12,1423.48,547.88,73.49,94.80,1.74,-1,-1,-1
46,13,928.65,322.73,54.18,72.24,1.72,-1,-1,-1
46,14,1107.21,374.26,54.13,89.97,1.69,-1,-1,-1
46,15,1042.99,263.92,40.16,60.55,1.65,-1,-1,-1
46,17,1793.50,308.47,47.41,81.51,1.72,-1,-1,-1
47,2,718.14,368.84,46.34,93.49,1.72,-1,-1,-1
47,3,1122.68,461.26,58.82,96.20,1.71,-1,-1,-1
47,4,1509.54,449.68,65.22,104.58,1.74,-1,-1,-1
47,5,820.77,525.67,52.98,114.32,1.67,-1,-1,-1
47,6,268.99,443.79,55.30,104.82,1.73,-1,-1,-1
47,7,1021.11,558.52,48.71,130.21,1.71,-1,-1,-1
47,8,1277.18,886.98,121.20,173.76,1.74,-1,-1,-1
47,10,1218.26,302.79,43.89,67.90,1.68,-1,-1,-1
47,11,1224.01,697.67,57.66,148.18,1.71,-1,-1,-1
47,12,1427.34,545.07,77.08,98.35,1.75,-1,-1,-1
47,13,929.27,323.07,46.97,72.63,1.73,-1,-1,-1
47,14,1121.40,372.31,49.67,91.91,1.71,-1,-1,-1
47,15,1054.87,262.24,36.08,61.06,1.62,-1,-1,-1
47,17,1802.48,307.55,49.67,82.70,1.72,-1,-1,-1
48,2,727.18,367.91,45.32,93.67,1.72,-1,-1,-1
48,3,1143.11,462.16,56.59,94.64,1.71,-1,-1,-1
48,4,1514.28,451.26,65.01,103.69,1.73,-1,-1,-1
48,5,806.02,525.01,72.95,114.60,1.70,-1,-1,-1
48,6,272.98,443.78,50.86,102.75,1.73,-1,-1,-1
48,7,1029.04,558.60,47.33,126.66,1.73,-1,-1,-1
48,8,1290.86,888.20,137.84,174.43,1.74,-1,-1,-1
48,10,1231.50,302.27,43.94,68.04,1.66,-1,-1,-1
48,11,1215.81,704.15,69.96,144.24,1.74,-1,-1,-1
48,12,1431.38,543.26,78.20,100.04,1.75,-1,-1,-1
48,13,928.44,322.84,41.29,71.67,1.72,-1,-1,-1
48,14,1139.02,370.67,42.69,93.12,1.70,-1,-1,-1
48,15,1071.28,260.38,32.51,62.58,1.65,-1,-1,-1
48,17,1812.44,307.26,52.34,82.40,1.72,-1,-1,-1
49,2,737.11,366.93,42.47,94.01,1.72,-1,-1,-1
49,3,1150.08,461.69,67.79,96.29,1.68,-1,-1,-1
49,4,1522.18,451.67,59.54,104.54,1.73,-1,-1,-1
49,5,799.83,522.35,82.60,115.48,1.76,-1,-1,-1
49,6,276.12,443.40,51.12,103.50,1.72,-1,-1,-1
49,7,1035.13,558.51,49.48,128.49,1.72,-1,-1,-1
49,8,1311.86,890.71,142.13,179.00,1.73,-1,-1,-1
49,10,1242.02,300.92,47.46,70.36,1.70,-1,-1,-1
49,11,1207.53,708.70,87.92,140.84,1.75,-1,-1,-1
49,12,1435.99,539.78,77.09,105.59,1.73,-1,-1,-1
49,13,929.38,321.60,37.79,72.74,1.69,-1,-1,-1
49,14,1157.66,369.39,32.70,94.59,1.68,-1,-1,-1
49,15,1083.95,258.23,31.29,64.88,1.60,-1,-1,-1
49,17,1822.38,306.78,56.55,82.80,1.73,-1,-1,-1
50,2,749.98,366.05,36.09,94.69,1.73,-1,-1,-1
50,3,1159.58,460.33,72.85,98.75,1.72,-1,-1,-1
50,4,1529.95,450.25,52.42,106.14,1.72,-1,-1,-1
50,5,794.55,520.37,85.98,115.75,1.74,-1,-1,-1
50,6,273.55,443.59,58.82,104.05,1.72,-1,-1,-1
50,7,1041.79,558.05,50.07,129.79,1.72,-1,-1,-1
50,8,1335.83,895.26,133.41,183.16,1.71,-1,-1,-1
50,10,1252.63,300.53,59.00,72.92,1.71,-1,-1,-1
50,11,1203.18,712.28,98.38,137.72,1.75,-1,-1,-1
50,12,1439.69,536.58,74.28,104.87,1.74,-1,-1,-1
50,13,930.27,320.28,39.77,74.50,1.70,-1,-1,-1
50,14,1169.31,368.37,31.13,95.21,1.65,-1,-1,-1
50,15,1095.74,257.42,27.34,65.20,1.61,-1,-1,-1
50,17,1833.72,306.21,57.05,83.15,1.73,-1,-1,-1
50,21,1025.00,349.38,42.24,81.34,0.74,-1,-1,-1
51,2,759.87,366.17,34.43,95.58,1.71,-1,-1,-1
51,3,1169.90,459.58,77.42,100.14,1.72,-1,-1,-1
51,4,1536.31,449.35,43.57,107.07,1.71,-1,-1,-1
51,5,792.24,519.08,80.53,105.13,1.74,-1,-1,-1
51,6,272.93,444.36,64.48,103.65,1.72,-1,-1,-1
51,7,1049.50,558.70,49.66,129.32,1.72,-1,-1,-1
51,8,1368.40,901.09,119.99,176.31,1.71,-1,-1,-1
51,10,1265.32,301.83,63.20,73.35,1.73,-1,-1,-1
51,11,1203.03,713.52,103.43,138.08,1.75,-1,-1,-1
51,12,1442.76,532.39,70.05,110.19,1.74,-1,-1,-1
51,13,930.68,319.63,42.39,74.61,1.70,-1,-1,-1
51,14,1180.33,368.63,32.31,96.40,1.65,-1,-1,-1
51,15,1105.11,256.51,28.24,64.76,1.62,-1,-1,-1
51,17,1848.17,306.52,55.35,83.86,1.73,-1,-1,-1
52,2,767.79,365.74,34.93,96.94,1.69,-1,-1,-1
52,3,1184.35,460.22,77.81,99.92,1.74,-1,-1,-1
52,4,1543.89,448.35,35.21,107.92,1.70,-1,-1,-1
52,5,790.68,518.27,70.51,107.73,1.74,-1,-1,-1
52,6,278.09,444.98,66.30,104.40,1.74,-1,-1,-1
52,7,1058.03,559.49,49.46,128.66,1.71,-1,-1,-1
52,8,1409.69,904.88,102.66,174.34,1.70,-1,-1,-1
52,10,1286.33,302.73,53.17,74.03,1.70,-1,-1,-1
52,11,1209.87,713.30,99.44,138.78,1.75,-1,-1,-1
52,12,1446.07,529.81,64.95,111.28,1.73,-1,-1,-1
52,13,929.57,319.55,45.99,78.11,1.71,-1,-1,-1
52,14,1191.22,370.14,36.03,96.12,1.68,-1,-1,-1
52,15,1116.83,256.61,27.17,65.04,1.61,-1,-1,-1
52,17,1864.48,305.55,51.39,85.23,1.71,-1,-1,-1
53,2,777.05,366.52,32.67,96.74,1.70,-1,-1,-1
53,3,1198.55,461.31,75.41,101.98,1.73,-1,-1,-1
53,4,1551.71,448.06,31.53,109.16,1.69,-1,-1,-1
53,5,782.30,518.12,65.76,108.96,1.73,-1,-1,-1
53,6,283.45,446.44,67.25,103.32,1.74,-1,-1,-1
53,7,1064.81,559.70,50.08,130.91,1.70,-1,-1,-1
53,8,1450.39,905.15,85.74,176.14,1.68,-1,-1,-1
53,10,1306.64,303.82,43.69,73.54,1.68,-1,-1,-1
53,11,1215.39,710.68,88.55,139.64,1.75,-1,-1,-1
53,12,1448.83,528.61,56.50,113.11,1.72,-1,-1,-1
53,13,927.45,320.64,47.65,78.59,1.72,-1,-1,-1
53,14,1198.92,371.47,42.30,96.42,1.70,-1,-1,-1
53,15,1127.88,257.21,25.16,66.24,1.62,-1,-1,-1
53,17,1878.64,304.27,41.97,87.15,1.71,-1,-1,-1
54,2,784.77,366.93,32.97,96.72,1.70,-1,-1,-1
54,3,1215.24,462.32,69.19,101.24,1.72,-1,-1,-1
54,4,1546.90,448.54,37.91,108.19,1.70,-1,-1,-1
54,5,768.46,516.85,71.10,111.31,1.73,-1,-1,-1
54,6,288.54,448.41,66.58,101.75,1.75,-1,-1,-1
54,7,1072.49,560.20,48.69,129.90,1.71,-1,-1,-1
54,8,1461.77,901.35,99.60,179.03,1.72,-1,-1,-1
54,10,1327.87,304.51,36.01,73.74,1.69,-1,-1,-1
54,11,1216.51,707.91,80.33,142.35,1.74,-1,-1,-1
54,12,1449.21,528.21,52.49,114.22,1.70,-1,-1,-1
54,13,927.24,322.55,46.90,77.18,1.73,-1,-1,-1
54,14,1206.71,374.00,46.01,93.92,1.71,-1,-1,-1
54,15,1135.54,259.05,28.99,62.51,1.65,-1,-1,-1
54,17,1891.23,304.13,29.28,87.73,1.70,-1,-1,-1
55,2,792.14,367.25,33.46,96.95,1.70,-1,-1,-1
55,3,1237.54,465.21,58.32,100.01,1.72,-1,-1,-1
55,4,1544.53,449.63,43.58,106.73,1.71,-1,-1,-1
55,5,759.91,512.79,83.05,115.75,1.74,-1,-1,-1
55,6,294.71,449.15,64.18,101.65,1.74,-1,-1,-1
55,7,1079.33,560.44,48.67,130.15,1.72,-1,-1,-1
55,8,1475.21,898.95,110.64,181.52,1.71,-1,-1,-1
55,10,1345.58,304.61,35.06,74.17,1.68,-1,-1,-1
55,11,1216.88,705.19,71.53,144.95,1.73,-1,-1,-1
55,12,1451.55,528.78,53.07,114.68,1.71,-1,-1,-1
55,13,929.13,325.16,39.38,75.49,1.71,-1,-1,-1
55,14,1215.00,375.70,46.36,93.13,1.72,-1,-1,-1
55,15,1143.66,261.25,36.28,64.08,1.61,-1,-1,-1
55,17,1903.08,305.10,17.53,88.06,1.34,-1,-1,-1
56,2,800.19,368.25,32.60,95.80,1.70,-1,-1,-1
56,3,1264.78,465.92,46.43,98.48,1.70,-1,-1,-1
56,4,1545.85,452.07,46.90,106.71,1.71,-1,-1,-1
56,5,752.46,510.10,86.39,118.12,1.75,-1,-1,-1
56,6,301.56,448.74,60.43,102.76,1.73,-1,-1,-1
56,7,1086.79,560.59,48.08,128.17,1.71,-1,-1,-1
56,8,1488.98,898.43,123.53,180.53,1.68,-1,-1,-1
56,10,1353.45,303.66,45.56,74.47,1.69,-1,-1,-1
56,11,1216.96,702.57,61.23,148.30,1.72,-1,-1,-1
56,12,1452.69,530.54,51.64,112.80,1.70,-1,-1,-1
56,13,928.95,326.40,31.90,75.06,1.68,-1,-1,-1
56,14,1220.59,376.56,46.55,92.45,1.71,-1,-1,-1
56,15,1155.41,263.01,36.87,62.96,1.65,-1,-1,-1
57,2,807.44,368.99,33.44,95.51,1.71,-1,-1,-1
57,3,1273.34,465.54,54.17,99.48,1.72,-1,-1,-1
57,4,1546.65,455.35,52.10,106.38,1.73,-1,-1,-1
57,5,746.35,507.78,85.20,109.38,1.74,-1,-1,-1
57,6,308.94,448.40,52.08,103.07,1.73,-1,-1,-1
57,7,1091.82,560.41,49.46,126.26,1.72,-1,-1,-1
57,8,1505.74,898.29,151.82,181.65,1.74,-1,-1,-1
57,10,1362.61,302.93,52.45,74.78,1.70,-1,-1,-1
57,11,1216.96,700.83,47.94,152.94,1.69,-1,-1,-1
57,12,1452.20,533.83,51.81,110.02,1.71,-1,-1,-1
57,13,927.86,326.37,31.27,74.48,1.67,-1,-1,-1
57,14,1226.97,375.94,45.92,91.52,1.71,-1,-1,-1
57,15,1165.03,263.83,41.22,63.40,1.67,-1,-1,-1
58,2,813.69,368.95,34.74,94.69,1.71,-1,-1,-1
58,3,1279.51,463.63,64.64,102.19,1.71,-1,-1,-1
58,4,1552.73,457.15,50.90,104.83,1.73,-1,-1,-1
58,5,740.56,506.43,80.82,111.34,1.74,-1,-1,-1
58,6,315.77,448.65,44.31,101.95,1.72,-1,-1,-1
58,7,1099.26,560.08,47.55,125.90,1.72,-1,-1,-1
58,8,1524.41,901.22,157.38,179.30,1.74,-1,-1,-1
58,10,1373.79,303.57,56.45,76.45,1.73,-1,-1,-1
58,11,1216.70,700.12,43.84,155.78,1.70,-1,-1,-1
58,12,1447.72,537.00,62.78,107.13,1.72,-1,-1,-1
58,13,924.38,325.51,34.78,75.13,1.70,-1,-1,-1
58,14,1236.83,375.10,42.75,92.25,1.69,-1,-1,-1
58,15,1172.47,264.10,40.92,63.08,1.68,-1,-1,-1
59,2,819.44,369.37,36.13,93.91,1.71,-1,-1,-1
59,3,1290.94,460.96,67.76,104.26,1.72,-1,-1,-1
59,4,1558.64,457.80,47.87,104.28,1.73,-1,-1,-1
59,5,735.74,505.56,65.40,113.47,1.74,-1,-1,-1
59,6,321.35,448.59,44.51,101.34,1.73,-1,-1,-1
59,7,1104.68,558.78,47.48,126.74,1.72,-1,-1,-1
59,8,1548.95,904.69,143.50,180.07,1.67,-1,-1,-1
59,10,1384.71,303.58,64.30,79.67,1.72,-1,-1,-1
59,11,1209.21,700.30,48.13,155.80,1.71,-1,-1,-1
59,12,1443.64,539.71,72.42,104.80,1.73,-1,-1,-1
59,13,921.12,324.82,40.80,77.29,1.72,-1,-1,-1
59,14,1247.13,373.18,36.72,93.49,1.67,-1,-1,-1
59,15,1176.29,263.91,43.50,63.96,1.67,-1,-1,-1
60,2,826.39,369.25,37.05,93.03,1.72,-1,-1,-1
60,3,1304.41,460.93,71.13,101.59,1.73,-1,-1,-1
60,4,1565.30,457.04,43.16,104.85,1.72,-1,-1,-1
60,5,730.06,505.27,54.64,112.82,1.73,-1,-1,-1
60,6,327.10,449.34,46.55,99.73,1.74,-1,-1,-1
60,7,1111.21,557.88,47.45,125.96,1.73,-1,-1,-1
60,8,1578.24,908.40,139.50,174.63,1.70,-1,-1,-1
60,10,1399.21,304.66,64.56,79.63,1.74,-1,-1,-1
60,11,1193.64,703.42,57.48,153.07,1.74,-1,-1,-1
60,12,1447.65,541.55,72.36,101.96,1.75,-1,-1,-1
60,13,920.46,324.03,44.35,76.54,1.73,-1,-1,-1
60,14,1256.83,371.48,36.06,95.06,1.67,-1,-1,-1
60,15,1184.88,264.34,40.94,63.21,1.69,-1,-1,-1
60,22,1.02,374.82,43.41,97.61,1.73,-1,-1,-1
61,2,834.35,368.31,36.54,93.51,1.71,-1,-1,-1
61,3,1314.78,460.42,79.67,104.18,1.72,-1,-1,-1
61,4,1569.55,454.89,39.92,107.55,1.71,-1,-1,-1
61,5,726.16,503.09,48.49,116.10,1.69,-1,-1,-1
61,6,332.14,449.71,47.21,99.89,1.72,-1,-1,-1
61,7,1116.94,557.38,47.18,126.43,1.73,-1,-1,-1
61,8,1615.10,908.43,129.97,174.66,1.68,-1,-1,-1
61,10,1416.98,306.66,55.16,80.22,1.73,-1,-1,-1
61,11,1183.03,706.10,73.04,150.76,1.75,-1,-1,-1
61,12,1450.45,540.61,71.17,102.71,1.74,-1,-1,-1
61,13,914.83,324.15,50.76,78.17,1.74,-1,-1,-1
61,14,1264.41,371.05,34.97,96.96,1.68,-1,-1,-1
61,15,1193.74,263.62,39.01,63.23,1.68,-1,-1,-1
61,22,6.30,373.87,44.36,98.01,1.72,-1,-1,-1
62,2,842.70,367.11,35.05,94.15,1.71,-1,-1,-1
62,3,1331.48,461.84,74.79,104.38,1.74,-1,-1,-1
62,4,1575.45,453.15,39.38,109.69,1.70,-1,-1,-1
62,5,712.02,501.31,64.50,115.30,1.73,-1,-1,-1
62,6,337.32,449.81,46.85,99.25,1.73,-1,-1,-1
62,7,1122.61,556.75,46.81,126.88,1.73,-1,-1,-1
62,8,1653.44,905.62,116.03,177.28,1.69,-1,-1,-1
62,10,1438.88,307.75,48.46,79.70,1.72,-1,-1,-1
62,11,1171.35,709.51,89.97,147.36,1.75,-1,-1,-1
62,12,1450.74,540.77,70.03,103.58,1.74,-1,-1,-1
62,13,911.05,324.97,54.28,78.63,1.75,-1,-1,-1
62,14,1272.07,371.27,38.84,96.50,1.70,-1,-1,-1
62,15,1207.80,262.40,33.67,63.73,1.67,-1,-1,-1
62,22,12.49,372.50,43.68,98.06,1.73,-1,-1,-1
63,2,850.21,366.34,34.54,94.09,1.69,-1,-1,-1
63,3,1350.29,464.22,65.97,103.18,1.72,-1,-1,-1
63,4,1581.80,453.15,36.14,109.96,1.69,-1,-1,-1
63,5,695.48,498.98,79.55,116.39,1.75,-1,-1,-1
63,6,343.09,449.97,45.72,98.97,1.72,-1,-1,-1
63,7,1128.66,556.87,46.56,126.70,1.72,-1,-1,-1
63,8,1681.64,901.44,109.70,181.89,1.65,-1,-1,-1
63,10,1458.49,307.81,45.55,78.69,1.69,-1,-1,-1
63,11,1168.63,711.97,97.04,146.64,1.76,-1,-1,-1
63,12,1450.54,541.13,68.19,103.01,1.73,-1,-1,-1
63,13,912.29,326.54,47.99,77.86,1.74,-1,-1,-1
63,14,1278.49,373.66,44.66,94.80,1.72,-1,-1,-1
63,15,1220.26,261.09,28.10,65.29,1.63,-1,-1,-1
63,22,18.37,372.12,43.08,97.31,1.72,-1,-1,-1
64,2,856.30,365.43,35.61,95.85,1.71,-1,-1,-1
64,3,1373.72,466.10,61.31,101.98,1.70,-1,-1,-1
64,4,1586.55,454.04,37.71,108.66,1.68,-1,-1,-1
64,5,679.37,498.51,90.70,110.39,1.74,-1,-1,-1
64,6,347.48,450.08,46.01,99.05,1.71,-1,-1,-1
64,7,1134.01,557.42,46.89,126.16,1.72,-1,-1,-1
64,8,1696.86,898.25,113.17,181.52,1.68,-1,-1,-1
64,10,1471.59,306.08,48.16,80.82,1.69,-1,-1,-1
64,11,1170.08,713.86,99.63,144.15,1.76,-1,-1,-1
64,12,1449.81,537.91,63.16,107.25,1.71,-1,-1,-1
64,13,912.36,327.76,42.28,77.26,1.72,-1,-1,-1
64,14,1287.45,376.04,48.03,92.66,1.72,-1,-1,-1
64,15,1227.43,259.47,29.19,66.24,1.63,-1,-1,-1
64,22,24.54,372.24,43.22,97.04,1.72,-1,-1,-1
65,2,864.19,364.90,35.67,95.99,1.70,-1,-1,-1
65,3,1397.30,466.79,56.45,101.93,1.68,-1,-1,-1
65,4,1588.79,456.64,41.78,107.21,1.69,-1,-1,-1
65,5,678.90,498.40,81.90,111.10,1.74,-1,-1,-1
65,6,352.61,450.33,45.15,98.92,1.72,-1,-1,-1
65,7,1140.58,558.20,46.37,126.80,1.72,-1,-1,-1
65,8,1712.89,897.79,122.40,181.43,1.72,-1,-1,-1
65,10,1482.26,305.59,53.70,80.09,1.70,-1,-1,-1
65,11,1178.38,715.69,93.55,143.18,1.76,-1,-1,-1
65,12,1446.24,536.45,60.68,109.19,1.71,-1,-1,-1
65,13,910.94,328.25,38.93,77.93,1.71,-1,-1,-1
65,14,1295.02,378.62,51.77,90.56,1.72,-1,-1,-1
65,15,1239.16,259.09,26.86,66.48,1.65,-1,-1,-1
65,22,31.64,372.31,43.19,96.55,1.71,-1,-1,-1
66,2,872.13,365.28,36.16,95.92,1.69,-1,-1,-1
66,3,1411.38,465.95,59.76,103.08,1.66,-1,-1,-1
66,4,1595.23,458.62,40.64,108.32,1.69,-1,-1,-1
66,5,682.17,499.07,66.37,110.04,1.73,-1,-1,-1
66,6,355.89,451.09,46.73,100.07,1.72,-1,-1,-1
66,7,1146.89,558.77,47.65,125.37,1.72,-1,-1,-1
66,8,1731.51,898.33,129.71,180.69,1.69,-1,-1,-1
66,10,1496.02,305.45,56.41,83.02,1.72,-1,-1,-1
66,11,1176.49,716.86,94.76,141.74,1.74,-1,-1,-1
66,12,1447.14,535.17,55.49,111.31,1.71,-1,-1,-1
66,13,911.30,327.71,33.88,78.06,1.69,-1,-1,-1
66,14,1303.69,381.17,55.51,89.64,1.72,-1,-1,-1
66,15,1246.61,259.18,28.53,68.28,1.65,-1,-1,-1
66,22,37.98,372.37,41.89,96.66,1.72,-1,-1,-1
67,2,880.49,365.20,37.05,95.17,1.68,-1,-1,-1
67,3,1423.43,465.99,64.27,103.19,1.71,-1,-1,-1
67,4,1602.93,461.41,39.81,106.18,1.70,-1,-1,-1
67,5,675.71,498.66,58.63,110.72,1.71,-1,-1,-1
67,6,360.75,452.65,46.89,99.32,1.72,-1,-1,-1
67,7,1153.60,559.31,47.89,125.30,1.72,-1,-1,-1
67,8,1752.91,901.52,144.54,180.76,1.68,-1,-1,-1
67,10,1509.63,306.01,65.18,82.86,1.72,-1,-1,-1
67,11,1168.13,718.79,101.05,141.17,1.75,-1,-1,-1
67,12,1448.30,534.21,55.63,112.86,1.71,-1,-1,-1
67,13,912.06,327.16,34.97,77.64,1.69,-1,-1,-1
67,14,1312.30,383.35,57.34,91.57,1.72,-1,-1,-1
67,15,1257.64,260.10,29.67,67.36,1.66,-1,-1,-1
67,22,44.99,373.16,42.11,95.77,1.73,-1,-1,-1
68,2,889.18,366.38,37.76,94.18,1.69,-1,-1,-1
68,3,1436.75,465.23,69.09,104.32,1.70,-1,-1,-1
68,4,1610.55,463.68,39.50,104.50,1.71,-1,-1,-1
68,5,672.36,497.38,50.23,112.28,1.73,-1,-1,-1
68,6,365.07,453.56,50.51,100.86,1.72,-1,-1,-1
68,7,1161.05,560.15,47.47,124.11,1.71,-1,-1,-1
68,8,1780.55,906.40,135.69,175.85,1.68,-1,-1,-1
68,10,1527.25,308.35,63.76,81.92,1.73,-1,-1,-1
68,11,1161.15,718.64,101.35,141.55,1.72,-1,-1,-1
68,12,1449.27,533.69,58.26,112.69,1.70,-1,-1,-1
68,13,913.34,327.43,38.03,80.38,1.66,-1,-1,-1
68,14,1320.99,384.63,59.55,90.41,1.72,-1,-1,-1
68,15,1266.76,261.51,33.35,67.00,1.67,-1,-1,-1
68,22,52.86,374.07,42.73,94.96,1.72,-1,-1,-1
69,2,897.31,366.30,44.27,94.32,1.70,-1,-1,-1
69,3,1450.76,466.83,77.96,103.68,1.70,-1,-1,-1
69,4,1618.66,464.00,39.54,104.84,1.71,-1,-1,-1
69,5,667.97,496.81,51.43,109.70,1.72,-1,-1,-1
69,6,369.21,455.00,54.33,103.80,1.73,-1,-1,-1
69,7,1168.63,560.54,47.81,122.82,1.71,-1,-1,-1
69,8,1819.10,910.00,101.78,172.31,1.71,-1,-1,-1
69,10,1549.43,310.49,52.64,83.31,1.70,-1,-1,-1
69,11,1158.47,716.74,92.26,144.39,1.71,-1,-1,-1
69,12,1452.28,534.80,58.91,111.19,1.69,-1,-1,-1
69,13,915.78,327.92,38.26,72.22,1.66,-1,-1,-1
69,14,1329.18,384.56,61.34,89.91,1.72,-1,-1,-1
69,15,1277.00,263.64,35.30,66.48,1.63,-1,-1,-1
69,22,60.07,374.57,43.10,95.32,1.72,-1,-1,-1
70,2,906.00,367.10,46.25,93.19,1.70,-1,-1,-1
70,3,1461.31,467.84,85.79,104.97,1.70,-1,-1,-1
70,4,1625.75,463.50,42.33,106.32,1.70,-1,-1,-1
70,5,664.07,497.05,49.49,105.23,1.71,-1,-1,-1
70,6,373.42,456.05,57.31,102.59,1.73,-1,-1,-1
70,7,1176.13,561.03,47.42,119.62,1.72,-1,-1,-1
70,8,1859.36,923.17,61.11,159.58,0.87,-1,-1,-1
70,10,1570.72,312.28,45.05,82.90,1.67,-1,-1,-1
70,11,1159.56,715.35,85.24,145.83,1.64,-1,-1,-1
70,12,1455.18,535.17,60.18,111.09,1.72,-1,-1,-1
70,13,915.50,329.13,40.98,70.07,1.60,-1,-1,-1
70,14,1340.05,384.55,57.59,90.21,1.71,-1,-1,-1
70,15,1288.44,265.84,37.57,63.88,1.65,-1,-1,-1
70,22,66.41,374.71,45.71,94.93,1.73,-1,-1,-1
71,2,913.61,367.81,46.60,93.41,1.72,-1,-1,-1
71,3,1487.67,470.31,71.51,106.45,1.73,-1,-1,-1
71,4,1633.39,462.68,44.29,108.55,1.72,-1,-1,-1
71,5,656.54,498.85,50.18,99.95,1.70,-1,-1,-1
71,6,377.95,456.70,60.90,100.82,1.74,-1,-1,-1
71,7,1184.07,560.81,46.74,118.49,1.71,-1,-1,-1
71,10,1588.84,314.66,42.63,80.91,1.68,-1,-1,-1
71,11,1159.49,714.24,82.57,147.61,1.69,-1,-1,-1
71,12,1455.48,537.45,60.70,110.21,1.72,-1,-1,-1
71,13,917.82,332.45,37.77,69.26,1.54,-1,-1,-1
71,14,1348.16,384.07,58.41,92.69,1.72,-1,-1,-1
71,15,1298.76,268.54,39.40,61.33,1.65,-1,-1,-1
71,22,73.90,375.11,46.48,93.79,1.73,-1,-1,-1
72,2,922.02,368.56,46.46,93.04,1.72,-1,-1,-1
72,3,1511.14,474.67,61.92,102.65,1.73,-1,-1,-1
72,4,1641.24,463.11,46.11,108.74,1.72,-1,-1,-1
72,5,648.82,501.56,49.68,102.00,1.71,-1,-1,-1
72,6,383.41,458.16,62.52,97.57,1.72,-1,-1,-1
72,7,1191.37,560.79,46.85,118.07,1.72,-1,-1,-1
72,10,1613.15,315.03,35.23,81.09,1.69,-1,-1,-1
72,11,1161.29,714.05,77.94,146.30,1.73,-1,-1,-1
72,12,1451.28,542.74,60.92,104.79,1.72,-1,-1,-1
72,13,919.05,335.36,33.40,80.39,1.18,-1,-1,-1
72,14,1358.61,383.15,54.09,94.52,1.62,-1,-1,-1
72,15,1308.17,270.17,40.66,62.42,1.66,-1,-1,-1
72,22,81.52,374.94,46.75,94.08,1.73,-1,-1,-1
73,2,929.77,369.54,47.06,93.20,1.71,-1,-1,-1
73,3,1536.46,477.07,54.17,100.94,1.72,-1,-1,-1
73,4,1650.02,462.53,44.89,109.95,1.70,-1,-1,-1
73,5,635.06,502.43,65.35,99.24,1.71,-1,-1,-1
73,6,385.34,459.67,69.11,98.12,1.75,-1,-1,-1
73,7,1199.00,559.99,47.29,119.95,1.72,-1,-1,-1
73,10,1621.78,315.08,47.91,80.96,1.70,-1,-1,-1
73,11,1164.90,715.51,70.73,147.37,1.73,-1,-1,-1
73,12,1444.71,544.98,61.15,104.60,1.70,-1,-1,-1
73,13,919.97,337.04,26.39,79.27,1.54,-1,-1,-1
73,14,1360.62,382.71,58.26,94.11,1.68,-1,-1,-1
73,15,1318.13,271.54,40.35,63.07,1.68,-1,-1,-1
73,22,88.46,374.78,46.47,94.04,1.73,-1,-1,-1
74,2,936.82,370.58,47.57,92.83,1.72,-1,-1,-1
74,3,1559.90,478.61,48.06,100.69,1.70,-1,-1,-1
74,4,1659.10,462.68,43.62,111.28,1.71,-1,-1,-1
74,5,624.97,502.89,84.61,98.94,1.73,-1,-1,-1
74,6,387.61,462.69,74.03,95.49,1.73,-1,-1,-1
74,7,1207.24,560.31,46.93,119.80,1.71,-1,-1,-1
74,10,1632.55,315.47,54.37,82.43,1.71,-1,-1,-1
74,11,1173.91,719.35,55.42,146.94,1.66,-1,-1,-1
74,12,1441.93,545.72,56.21,104.59,1.71,-1,-1,-1
74,13,920.90,337.98,26.24,78.83,1.59,-1,-1,-1
74,14,1370.76,382.59,53.59,95.55,1.70,-1,-1,-1
74,15,1327.10,273.24,39.80,63.41,1.68,-1,-1,-1
74,22,96.43,374.41,47.37,94.86,1.73,-1,-1,-1
75,2,945.01,372.18,46.51,91.72,1.71,-1,-1,-1
75,3,1570.23,478.94,57.90,101.62,1.72,-1,-1,-1
75,4,1666.42,464.65,43.64,110.26,1.70,-1,-1,-1
75,5,624.24,502.44,89.21,101.27,1.74,-1,-1,-1
75,6,389.76,465.84,74.46,92.72,1.73,-1,-1,-1
75,7,1215.39,560.20,47.02,119.64,1.70,-1,-1,-1
75,10,1643.54,317.83,59.92,82.39,1.73,-1,-1,-1
75,11,1177.67,724.29,41.14,145.24,1.69,-1,-1,-1
75,12,1442.73,546.29,60.40,104.29,1.72,-1,-1,-1
75,13,920.05,338.49,33.96,78.32,1.65,-1,-1,-1
75,14,1376.48,383.83,54.44,95.35,1.72,-1,-1,-1
75,15,1336.42,275.17,37.46,62.82,1.68,-1,-1,-1
75,22,105.38,373.51,46.31,96.24,1.73,-1,-1,-1
76,2,952.79,373.23,47.95,91.77,1.72,-1,-1,-1
76,3,1581.75,477.85,65.81,102.76,1.71,-1,-1,-1
76,4,1673.94,466.61,42.71,108.56,1.68,-1,-1,-1
76,5,630.50,502.16,77.89,101.84,1.74,-1,-1,-1
76,6,391.62,468.36,80.43,91.75,1.73,-1,-1,-1
76,7,1223.35,560.11,46.56,121.21,1.69,-1,-1,-1
76,10,1657.33,320.27,70.11,83.44,1.74,-1,-1,-1
76,11,1175.53,731.04,44.44,141.14,1.68,-1,-1,-1
76,12,1447.39,546.85,61.08,108.13,1.71,-1,-1,-1
76,13,921.51,339.07,37.35,78.83,1.69,-1,-1,-1
76,14,1389.06,386.41,49.23,95.49,1.72,-1,-1,-1
76,15,1346.90,276.43,33.78,62.27,1.67,-1,-1,-1
76,22,115.04,373.04,43.71,97.05,1.72,-1,-1,-1
76,23,1.61,1040.77,62.10,43.43,0.74,-1,-1,-1
77,2,963.15,374.42,47.33,91.62,1.72,-1,-1,-1
77,3,1593.39,478.71,70.67,104.06,1.72,-1,-1,-1
77,4,1681.01,470.43,42.61,107.82,1.69,-1,-1,-1
77,5,625.23,502.17,74.35,102.57,1.72,-1,-1,-1
77,6,398.27,469.20,89.47,92.64,1.74,-1,-1,-1
77,7,1232.62,561.26,46.41,120.82,1.70,-1,-1,-1
77,10,1673.98,324.07,68.44,82.74,1.73,-1,-1,-1
77,11,1165.38,736.54,61.19,138.61,1.71,-1,-1,-1
77,12,1449.46,549.97,60.86,107.15,1.72,-1,-1,-1
77,13,924.65,339.99,40.20,80.94,1.69,-1,-1,-1
77,14,1397.83,389.23,49.08,96.37,1.71,-1,-1,-1
77,15,1356.86,276.54,31.33,63.41,1.65,-1,-1,-1
77,22,127.00,373.70,39.66,96.29,1.71,-1,-1,-1
77,23,30.44,1037.74,57.22,47.80,0.71,-1,-1,-1
78,2,973.99,376.45,46.68,91.17,1.71,-1,-1,-1
78,3,1608.14,479.69,81.17,107.21,1.71,-1,-1,-1
78,4,1690.86,473.80,40.89,106.56,1.64,-1,-1,-1
78,5,619.03,501.37,68.93,103.82,1.74,-1,-1,-1
78,6,406.01,469.54,89.19,97.35,1.74,-1,-1,-1
78,7,1240.97,563.01,45.37,119.23,1.69,-1,-1,-1
78,10,1696.00,327.82,54.79,83.34,1.73,-1,-1,-1
78,11,1154.54,740.87,78.99,136.04,1.75,-1,-1,-1
78,12,1447.17,549.87,65.12,109.35,1.73,-1,-1,-1
78,13,921.71,341.53,47.06,81.59,1.72,-1,-1,-1
78,14,1407.52,393.73,47.76,94.94,1.70,-1,-1,-1
78,15,1365.96,277.02,28.85,64.38,1.65,-1,-1,-1
78,22,136.61,374.85,38.85,95.36,1.72,-1,-1,-1
78,23,55.46,1035.80,57.35,49.02,0.84,-1,-1,-1
79,2,984.51,377.26,46.39,90.88,1.72,-1,-1,-1
79,3,1624.25,481.97,83.47,107.20,1.72,-1,-1,-1
79,4,1696.12,477.93,42.52,105.97,1.67,-1,-1,-1
79,5,615.84,501.46,57.82,104.76,1.72,-1,-1,-1
79,6,415.27,470.99,89.37,99.87,1.75,-1,-1,-1
79,7,1248.89,563.64,46.78,119.59,1.69,-1,-1,-1
79,10,1716.26,331.64,49.38,80.82,1.70,-1,-1,-1
79,11,1153.23,744.57,82.61,134.89,1.75,-1,-1,-1
79,12,1450.48,553.03,60.68,106.76,1.73,-1,-1,-1
79,13,922.00,344.04,50.60,81.00,1.72,-1,-1,-1
79,14,1415.55,399.05,49.62,93.15,1.71,-1,-1,-1
79,15,1374.68,278.02,28.29,64.76,1.65,-1,-1,-1
79,22,146.84,377.57,39.97,93.52,1.71,-1,-1,-1
79,23,80.29,1035.77,55.82,50.33,0.82,-1,-1,-1
80,2,993.85,378.11,45.51,91.75,1.72,-1,-1,-1
80,3,1641.02,485.38,79.15,108.32,1.72,-1,-1,-1
80,4,1706.76,480.87,38.85,105.18,1.65,-1,-1,-1
80,5,611.49,502.82,60.80,102.36,1.72,-1,-1,-1
80,6,424.13,472.93,84.87,99.95,1.73,-1,-1,-1
80,7,1257.62,565.72,44.07,117.52,1.71,-1,-1,-1
80,10,1736.81,333.34,45.79,80.37,1.69,-1,-1,-1
80,11,1159.99,747.23,70.53,132.09,1.74,-1,-1,-1
80,12,1451.44,556.65,55.43,104.41,1.72,-1,-1,-1
80,13,927.81,346.91,46.88,80.86,1.72,-1,-1,-1
80,14,1416.88,404.80,54.83,89.79,1.73,-1,-1,-1
80,15,1382.28,279.51,28.52,65.42,1.65,-1,-1,-1
80,22,157.44,379.66,40.88,92.31,1.72,-1,-1,-1
80,23,102.68,1037.22,56.85,49.70,0.77,-1,-1,-1
81,2,1003.23,379.77,45.31,91.19,1.72,-1,-1,-1
81,3,1664.84,489.23,67.89,105.09,1.68,-1,-1,-1
81,4,1712.40,483.10,41.40,105.08,1.56,-1,-1,-1
81,5,612.05,504.22,59.95,100.09,1.72,-1,-1,-1
81,6,434.71,475.04,75.69,101.60,1.73,-1,-1,-1
81,7,1264.56,566.71,44.70,117.15,1.71,-1,-1,-1
81,10,1752.70,334.49,42.85,80.48,1.67,-1,-1,-1
81,11,1163.15,748.75,58.65,130.22,1.72,-1,-1,-1
81,12,1450.63,557.57,50.00,103.43,1.69,-1,-1,-1
81,13,929.18,351.61,42.95,78.47,1.71,-1,-1,-1
81,14,1425.34,410.16,53.23,86.82,1.72,-1,-1,-1
81,15,1390.83,281.21,27.57,65.38,1.65,-1,-1,-1
81,22,168.52,382.27,41.26,90.03,1.71,-1,-1,-1
81,23,124.11,1040.31,59.15,45.79,0.69,-1,-1,-1
82,2,1011.48,381.18,45.50,91.04,1.72,-1,-1,-1
82,3,1686.71,491.46,60.80,103.42,1.68,-1,-1,-1
82,4,1713.43,482.82,47.37,105.99,1.52,-1,-1,-1
82,5,611.96,506.60,59.18,96.03,1.71,-1,-1,-1
82,6,447.59,478.99,59.64,98.99,1.73,-1,-1,-1
82,7,1271.73,567.19,43.34,116.14,1.71,-1,-1,-1
82,10,1761.22,336.12,46.15,80.57,1.71,-1,-1,-1
82,11,1153.61,748.66,55.57,129.87,1.71,-1,-1,-1
82,12,1450.01,558.23,41.80,103.60,1.66,-1,-1,-1
82,13,929.29,353.59,39.79,76.84,1.71,-1,-1,-1
82,14,1431.30,413.65,53.03,86.50,1.73,-1,-1,-1
82,15,1397.81,283.11,28.26,67.58,1.65,-1,-1,-1
82,22,179.02,384.29,42.85,88.53,1.72,-1,-1,-1
82,23,142.87,1040.56,64.90,51.06,0.57,-1,-1,-1
83,2,1020.47,381.82,45.78,91.26,1.72,-1,-1,-1
83,3,1713.24,491.62,47.98,102.76,1.58,-1,-1,-1
83,5,614.57,509.90,46.84,96.13,1.69,-1,-1,-1
83,6,458.35,482.31,45.86,98.49,1.69,-1,-1,-1
83,7,1277.55,566.90,43.93,115.87,1.72,-1,-1,-1
83,10,1770.60,337.26,53.50,83.83,1.72,-1,-1,-1
83,11,1140.68,747.50,61.01,130.27,1.69,-1,-1,-1
83,12,1448.59,557.35,39.55,104.93,1.68,-1,-1,-1
83,13,927.95,354.60,38.82,76.68,1.70,-1,-1,-1
83,14,1435.25,416.00,52.64,85.13,1.72,-1,-1,-1
83,15,1404.12,286.08,29.28,65.45,1.65,-1,-1,-1
83,22,189.58,385.62,41.53,87.74,1.72,-1,-1,-1
83,23,171.72,1038.93,54.00,45.22,0.85,-1,-1,-1
84,2,1025.58,383.31,45.83,89.50,1.72,-1,-1,-1
84,3,1723.47,489.29,58.09,105.07,1.68,-1,-1,-1
84,5,607.69,512.23,44.45,93.88,1.67,-1,-1,-1
84,6,460.98,485.15,39.68,96.12,1.70,-1,-1,-1
84,7,1283.56,566.90,44.22,115.08,1.72,-1,-1,-1
84,10,1781.92,338.82,59.33,83.11,1.73,-1,-1,-1
84,11,1134.25,745.37,70.05,130.96,1.69,-1,-1,-1
84,12,1445.56,556.24,45.16,106.10,1.71,-1,-1,-1
84,13,931.85,354.84,35.42,77.04,1.63,-1,-1,-1
84,14,1438.23,417.29,50.02,84.81,1.74,-1,-1,-1
84,15,1410.38,289.74,28.30,63.48,1.67,-1,-1,-1
84,22,198.39,386.64,41.57,86.50,1.72,-1,-1,-1
84,23,189.63,1035.50,55.76,47.97,1.07,-1,-1,-1
84,4,1727.61,481.83,48.49,98.27,1.36,-1,-1,-1
85,2,1035.79,384.37,42.22,89.41,1.72,-1,-1,-1
85,3,1730.73,490.30,64.74,104.25,1.71,-1,-1,-1
85,5,592.26,513.20,64.85,91.83,1.72,-1,-1,-1
85,6,463.58,486.43,39.97,94.30,1.71,-1,-1,-1
85,7,1290.37,565.94,42.86,115.19,1.71,-1,-1,-1
85,10,1790.99,341.49,62.96,82.31,1.72,-1,-1,-1
85,11,1128.42,743.91,79.27,131.69,1.70,-1,-1,-1
85,12,1441.37,555.52,51.71,107.31,1.71,-1,-1,-1
85,13,932.42,355.18,37.00,78.05,1.66,-1,-1,-1
85,14,1438.96,418.84,48.87,83.32,1.73,-1,-1,-1
85,15,1414.89,292.86,27.76,61.68,1.64,-1,-1,-1
85,22,207.15,387.08,41.29,85.96,1.72,-1,-1,-1
85,23,200.56,1028.29,62.78,55.20,0.90,-1,-1,-1
85,4,1733.02,480.06,50.43,102.58,1.48,-1,-1,-1
86,2,1042.14,384.50,40.88,90.54,1.70,-1,-1,-1
86,3,1737.69,490.92,69.59,106.35,1.73,-1,-1,-1
86,5,583.48,513.27,79.04,94.08,1.73,-1,-1,-1
86,6,467.32,486.39,39.37,93.97,1.71,-1,-1,-1
86,7,1296.97,565.43,40.09,115.34,1.71,-1,-1,-1
86,10,1807.06,345.33,53.17,81.97,1.72,-1,-1,-1
86,11,1125.49,742.73,82.04,135.33,1.71,-1,-1,-1
86,12,1428.16,557.25,63.30,105.75,1.71,-1,-1,-1
86,13,934.10,356.12,38.71,78.81,1.69,-1,-1,-1
86,14,1436.96,419.63,48.78,83.09,1.68,-1,-1,-1
86,15,1418.67,296.15,26.52,58.94,1.65,-1,-1,-1
86,22,215.62,386.90,40.41,85.98,1.71,-1,-1,-1
86,23,215.24,1024.49,66.57,59.22,0.95,-1,-1,-1
86,4,1738.17,481.01,49.98,102.14,1.43,-1,-1,-1
87,2,1048.64,385.64,37.93,89.33,1.72,-1,-1,-1
87,3,1745.73,490.72,71.58,108.82,1.73,-1,-1,-1
87,5,587.90,513.15,72.97,92.98,1.74,-1,-1,-1
87,6,467.90,485.47,43.08,94.04,1.71,-1,-1,-1
87,7,1301.95,564.47,37.50,115.36,1.71,-1,-1,-1
87,10,1816.48,349.04,46.29,79.53,1.70,-1,-1,-1
87,11,1122.03,742.84,81.77,138.17,1.73,-1,-1,-1
87,12,1418.67,558.18,70.51,106.25,1.73,-1,-1,-1
87,13,929.51,357.80,39.21,79.66,1.71,-1,-1,-1
87,14,1436.46,417.87,44.06,84.97,1.67,-1,-1,-1
87,15,1419.79,297.47,27.03,59.96,1.65,-1,-1,-1
87,22,222.72,385.97,39.26,86.93,1.71,-1,-1,-1
87,23,233.93,1021.71,64.20,61.57,0.89,-1,-1,-1
87,4,1742.37,480.62,40.78,101.69,1.56,-1,-1,-1
88,2,1052.38,386.43,36.46,88.54,1.72,-1,-1,-1
88,3,1754.97,491.89,71.16,109.33,1.69,-1,-1,-1
88,5,589.84,511.56,66.30,94.06,1.72,-1,-1,-1
88,6,467.99,484.23,44.94,94.14,1.71,-1,-1,-1
88,7,1304.44,563.29,36.56,115.97,1.71,-1,-1,-1
88,10,1831.58,349.80,37.25,79.03,1.70,-1,-1,-1
88,11,1119.55,744.78,75.05,141.65,1.74,-1,-1,-1
88,12,1415.40,561.05,69.73,104.48,1.74,-1,-1,-1
88,13,928.92,360.36,38.87,78.45,1.70,-1,-1,-1
88,14,1432.93,418.05,46.41,84.80,1.60,-1,-1,-1
88,15,1419.70,299.69,27.24,58.79,1.63,-1,-1,-1
88,22,227.27,385.15,41.37,86.40,1.71,-1,-1,-1
88,23,254.76,1020.32,61.02,63.14,0.92,-1,-1,-1
88,4,1745.01,481.54,39.88,105.23,1.62,-1,-1,-1
89,2,1055.12,387.33,34.59,87.83,1.71,-1,-1,-1
89,3,1766.09,496.03,63.91,106.82,1.70,-1,-1,-1
89,5,584.74,510.75,61.87,94.40,1.71,-1,-1,-1
89,6,465.38,482.53,52.53,96.07,1.71,-1,-1,-1
89,7,1305.35,562.67,36.06,115.50,1.71,-1,-1,-1
89,10,1840.19,351.44,32.74,77.81,1.68,-1,-1,-1
89,11,1117.29,746.23,66.15,138.42,1.72,-1,-1,-1
89,12,1407.98,562.19,63.57,102.21,1.73,-1,-1,-1
89,13,928.63,363.34,31.79,75.86,1.69,-1,-1,-1
89,14,1426.25,419.09,51.92,83.60,1.55,-1,-1,-1
89,15,1419.30,300.80,27.40,58.99,1.66,-1,-1,-1
89,22,233.40,385.41,37.84,86.02,1.71,-1,-1,-1
89,23,275.37,1021.25,56.23,62.69,0.95,-1,-1,-1
89,4,1745.37,484.24,38.27,106.79,1.69,-1,-1,-1
89,24,1412.10,390.83,50.15,79.25,0.95,-1,-1,-1
90,2,1056.55,388.30,34.90,88.52,1.71,-1,-1,-1
90,3,1780.31,498.46,53.74,105.12,1.72,-1,-1,-1
90,5,580.33,509.78,51.44,95.70,1.69,-1,-1,-1
90,6,465.44,480.50,56.83,97.86,1.71,-1,-1,-1
90,7,1306.53,561.94,34.97,116.17,1.70,-1,-1,-1
90,10,1841.14,351.33,37.79,77.58,1.70,-1,-1,-1
90,11,1104.36,748.36,63.43,133.84,1.72,-1,-1,-1
90,12,1393.69,563.00,65.56,100.42,1.71,-1,-1,-1
90,13,925.65,365.81,28.00,73.80,1.66,-1,-1,-1
90,14,1418.32,416.35,55.11,85.79,1.71,-1,-1,-1
90,15,1416.92,301.69,29.34,59.38,1.67,-1,-1,-1
90,22,238.45,385.45,38.22,85.79,1.71,-1,-1,-1
90,23,293.29,1022.65,55.28,63.47,0.81,-1,-1,-1
90,4,1744.39,487.50,37.20,103.02,1.71,-1,-1,-1
90,24,1420.60,394.68,44.61,79.07,1.00,-1,-1,-1
91,2,1057.53,389.17,34.16,88.14,1.70,-1,-1,-1
91,3,1792.68,498.94,47.63,102.40,1.71,-1,-1,-1
91,5,568.57,510.20,55.90,93.97,1.72,-1,-1,-1
91,6,468.47,478.56,56.83,99.28,1.72,-1,-1,-1
91,7,1307.15,561.05,35.60,113.32,1.70,-1,-1,-1
91,10,1840.30,351.39,43.74,76.66,1.71,-1,-1,-1
91,11,1088.72,749.15,64.23,130.23,1.71,-1,-1,-1
91,12,1391.71,561.22,54.61,101.06,1.73,-1,-1,-1
91,13,920.05,365.45,29.26,74.51,1.67,-1,-1,-1
91,14,1415.19,415.25,56.70,86.89,1.72,-1,-1,-1
91,15,1414.21,302.37,31.57,58.24,1.68,-1,-1,-1
91,22,241.50,385.62,38.31,84.45,1.72,-1,-1,-1
91,23,310.06,1021.61,52.54,63.57,0.70,-1,-1,-1
91,4,1743.03,490.49,36.23,104.44,1.70,-1,-1,-1
92,2,1059.64,389.94,33.41,86.94,1.70,-1,-1,-1
92,3,1799.87,497.86,48.49,102.50,1.72,-1,-1,-1
92,5,558.52,511.64,71.41,94.29,1.74,-1,-1,-1
92,6,473.94,476.32,54.45,99.60,1.71,-1,-1,-1
92,7,1307.71,560.53,36.61,113.49,1.71,-1,-1,-1
92,10,1838.46,352.29,51.50,79.09,1.74,-1,-1,-1
92,11,1074.57,747.91,70.73,132.29,1.70,-1,-1,-1
92,12,1385.82,558.46,51.02,102.12,1.72,-1,-1,-1
92,13,914.50,364.61,34.14,75.58,1.68,-1,-1,-1
92,14,1409.10,415.51,57.42,87.96,1.70,-1,-1,-1
92,15,1410.72,302.93,34.69,59.61,1.68,-1,-1,-1
92,22,245.74,386.75,38.28,82.78,1.71,-1,-1,-1
92,23,327.97,1019.45,49.65,64.78,0.97,-1,-1,-1
92,4,1741.55,493.23,36.57,103.59,1.68,-1,-1,-1
93,2,1061.68,390.37,32.63,87.25,1.71,-1,-1,-1
93,3,1801.37,496.39,56.41,102.31,1.72,-1,-1,-1
93,5,550.38,513.98,73.49,94.43,1.73,-1,-1,-1
93,6,479.17,474.54,53.29,101.23,1.72,-1,-1,-1
93,7,1309.14,560.55,37.67,113.60,1.71,-1,-1,-1
93,10,1840.11,353.73,59.82,79.67,1.75,-1,-1,-1
93,11,1064.26,747.17,79.39,140.90,1.72,-1,-1,-1
93,12,1377.97,558.55,52.97,103.29,1.72,-1,-1,-1
93,13,912.26,364.10,36.44,75.73,1.71,-1,-1,-1
93,14,1403.77,416.68,58.51,89.04,1.73,-1,-1,-1
93,15,1408.67,303.33,36.01,59.23,1.68,-1,-1,-1
93,22,249.98,388.04,40.29,81.57,1.72,-1,-1,-1
93,23,344.21,1017.39,50.26,65.09,1.06,-1,-1,-1
93,4,1740.29,495.47,37.02,101.09,1.68,-1,-1,-1
94,2,1063.96,390.59,32.83,87.25,1.71,-1,-1,-1
94,3,1804.36,495.47,63.59,104.73,1.72,-1,-1,-1
94,5,547.61,516.06,73.86,95.53,1.70,-1,-1,-1
94,6,485.49,474.00,50.95,101.37,1.72,-1,-1,-1
94,7,1311.24,560.88,39.28,113.02,1.72,-1,-1,-1
94,10,1841.00,356.62,63.55,79.34,1.72,-1,-1,-1
94,11,1057.88,747.31,82.47,141.88,1.73,-1,-1,-1
94,12,1375.76,558.13,49.52,107.01,1.72,-1,-1,-1
94,13,909.25,364.49,39.62,75.10,1.71,-1,-1,-1
94,14,1399.64,418.56,57.87,88.35,1.71,-1,-1,-1
94,15,1407.55,303.52,33.91,60.36,1.67,-1,-1,-1
94,22,255.61,389.01,41.14,80.36,1.71,-1,-1,-1
94,23,364.00,1016.28,57.69,66.90,1.15,-1,-1,-1
94,4,1738.63,495.71,37.12,100.13,1.70,-1,-1,-1
95,2,1067.17,391.42,32.53,86.75,1.71,-1,-1,-1
95,3,1808.75,496.04,71.02,103.99,1.75,-1,-1,-1
95,5,546.51,518.82,66.08,91.66,1.71,-1,-1,-1
95,6,490.21,474.37,49.20,100.97,1.72,-1,-1,-1
95,7,1312.62,561.03,40.85,112.74,1.71,-1,-1,-1
95,10,1852.25,359.63,53.46,80.34,1.72,-1,-1,-1
95,11,1056.65,748.93,83.13,143.01,1.74,-1,-1,-1
95,12,1369.86,559.99,53.31,106.36,1.72,-1,-1,-1
95,13,905.72,366.39,42.67,76.54,1.72,-1,-1,-1
95,14,1393.39,421.38,56.81,86.93,1.73,-1,-1,-1
95,15,1407.47,303.59,31.79,59.57,1.67,-1,-1,-1
95,22,261.24,390.23,43.45,79.86,1.71,-1,-1,-1
95,23,379.27,1014.51,57.81,69.84,1.00,-1,-1,-1
95,4,1739.78,495.01,35.05,100.33,1.68,-1,-1,-1
96,2,1072.09,392.33,31.39,86.02,1.71,-1,-1,-1
96,3,1815.65,496.40,80.64,104.37,1.75,-1,-1,-1
96,5,540.52,518.50,68.56,90.61,1.71,-1,-1,-1
96,6,495.87,475.28,47.34,99.48,1.71,-1,-1,-1
96,7,1313.54,561.72,42.08,110.62,1.71,-1,-1,-1
96,10,1862.04,363.48,48.69,77.60,1.71,-1,-1,-1
96,11,1056.32,751.22,79.42,143.84,1.74,-1,-1,-1
96,12,1359.00,562.79,62.20,106.29,1.71,-1,-1,-1
96,13,906.60,368.32,38.54,75.68,1.71,-1,-1,-1
96,14,1388.80,424.10,50.90,83.93,1.71,-1,-1,-1
96,15,1408.11,304.12,29.03,58.35,1.67,-1,-1,-1
96,22,267.40,390.63,44.92,79.11,1.71,-1,-1,-1
96,23,393.54,1011.41,50.62,70.78,1.21,-1,-1,-1
96,4,1741.13,493.11,33.87,102.46,1.69,-1,-1,-1
97,2,1076.13,393.26,31.69,85.16,1.71,-1,-1,-1
97,3,1824.19,498.12,80.33,104.58,1.74,-1,-1,-1
97,5,539.09,514.99,68.48,94.32,1.73,-1,-1,-1
97,6,499.53,476.56,42.57,97.55,1.70,-1,-1,-1
97,7,1316.56,562.02,41.52,109.68,1.71,-1,-1,-1
97,10,1873.71,364.80,44.62,76.24,1.71,-1,-1,-1
97,11,1058.03,753.53,73.93,143.77,1.71,-1,-1,-1
97,12,1350.29,564.73,68.61,104.75,1.73,-1,-1,-1
97,13,904.35,370.68,37.59,75.01,1.69,-1,-1,-1
97,14,1381.85,425.05,53.16,83.25,1.73,-1,-1,-1
97,15,1407.97,305.54,29.48,61.27,1.65,-1,-1,-1
97,22,273.51,391.03,46.38,78.21,1.72,-1,-1,-1
97,23,405.93,1005.41,53.07,77.06,0.71,-1,-1,-1
97,4,1740.73,491.88,33.68,103.16,1.69,-1,-1,-1
98,2,1079.88,393.09,31.41,85.36,1.71,-1,-1,-1
98,3,1836.60,500.78,70.01,104.59,1.74,-1,-1,-1
98,5,543.28,511.67,60.15,97.67,1.73,-1,-1,-1
98,6,504.86,477.05,35.44,96.33,1.68,-1,-1,-1
98,7,1318.26,562.53,41.79,108.82,1.69,-1,-1,-1
98,10,1880.10,365.14,39.91,75.41,1.70,-1,-1,-1
98,11,1057.31,755.72,64.25,139.19,1.73,-1,-1,-1
98,12,1346.57,565.28,67.02,103.72,1.71,-1,-1,-1
98,13,896.91,373.99,38.65,73.28,1.69,-1,-1,-1
98,14,1376.48,425.70,57.91,81.91,1.72,-1,-1,-1
98,15,1408.53,306.93,27.36,60.41,1.64,-1,-1,-1
98,22,277.85,390.55,51.10,78.95,1.73,-1,-1,-1
98,23,416.98,999.37,61.05,82.54,1.04,-1,-1,-1
98,4,1740.02,490.42,33.99,104.00,1.69,-1,-1,-1
99,2,1083.67,394.00,31.33,85.12,1.70,-1,-1,-1
99,3,1849.49,503.54,63.63,101.79,1.72,-1,-1,-1
99,5,545.56,508.35,52.85,96.03,1.70,-1,-1,-1
99,6,508.24,478.00,28.91,95.20,1.66,-1,-1,-1
99,7,1319.75,562.29,41.24,107.88,1.69,-1,-1,-1
99,10,1885.46,365.96,34.63,74.15,1.71,-1,-1,-1
99,11,1050.41,755.85,61.99,136.90,1.71,-1,-1,-1
99,12,1349.21,564.49,58.10,102.68,1.71,-1,-1,-1
99,13,893.14,377.24,40.11,70.74,1.70,-1,-1,-1
99,14,1376.38,425.71,58.96,83.28,1.74,-1,-1,-1
99,15,1408.23,310.11,28.83,58.77,1.67,-1,-1,-1
99,22,282.86,390.84,51.88,77.90,1.72,-1,-1,-1
99,23,428.94,994.78,62.60,87.06,0.99,-1,-1,-1
99,4,1740.21,490.57,32.78,103.60,1.68,-1,-1,-1
100,2,1088.11,395.10,30.51,84.45,1.71,-1,-1,-1
100,3,1866.70,504.22,53.29,100.85,1.71,-1,-1,-1
100,5,547.71,506.56,43.64,95.14,1.71,-1,-1,-1
100,6,510.17,477.33,32.07,94.23,1.69,-1,-1,-1
100,7,1322.37,561.74,40.64,107.84,1.69,-1,-1,-1
100,10,1889.69,366.56,30.55,79.89,1.70,-1,-1,-1
100,11,1038.60,753.43,63.72,137.47,1.72,-1,-1,-1
100,12,1352.22,562.20,48.92,104.49,1.68,-1,-1,-1
100,13,890.47,379.32,45.05,68.38,1.72,-1,-1,-1
100,14,1375.24,425.95,56.61,83.43,1.73,-1,-1,-1
100,15,1407.62,312.84,28.80,57.04,1.66,-1,-1,-1
100,22,288.39,390.42,52.10,77.90,1.72,-1,-1,-1
100,23,441.00,991.79,74.69,91.05,1.17,-1,-1,-1
100,4,1739.88,491.81,32.44,103.62,1.68,-1,-1,-1
100,24,1470.56,407.71,33.86,79.71,1.57,-1,-1,-1
101,2,1091.22,395.67,31.82,84.23,1.71,-1,-1,-1
101,3,1885.14,503.10,35.40,101.94,1.70,-1,-1,-1
101,5,546.50,506.22,36.30,93.56,1.67,-1,-1,-1
101,6,509.04,475.58,37.43,96.21,1.68,-1,-1,-1
101,7,1325.12,561.13,38.85,108.32,1.69,-1,-1,-1
101,10,1893.44,368.68,26.75,71.19,1.65,-1,-1,-1
101,11,1026.89,749.29,76.66,140.01,1.73,-1,-1,-1
101,12,1355.58,561.76,37.80,104.40,1.65,-1,-1,-1
101,13,889.43,380.54,48.70,67.51,1.71,-1,-1,-1
101,14,1371.05,426.40,57.52,84.03,1.72,-1,-1,-1
101,15,1406.18,316.61,33.77,54.73,1.68,-1,-1,-1
101,22,294.50,389.65,45.84,79.27,1.71,-1,-1,-1
101,23,454.12,990.23,77.20,92.75,1.12,-1,-1,-1
101,4,1738.59,494.42,33.13,102.76,1.68,-1,-1,-1
101,24,1476.56,408.44,33.80,80.73,0.24,-1,-1,-1
102,2,1095.81,396.91,32.92,83.10,1.69,-1,-1,-1
102,3,1887.25,508.98,33.46,95.47,1.42,-1,-1,-1
102,5,545.19,506.68,35.58,94.16,1.67,-1,-1,-1
102,6,505.89,474.69,48.12,96.59,1.68,-1,-1,-1
102,7,1330.02,561.03,35.86,107.73,1.68,-1,-1,-1
102,10,1896.62,371.41,23.68,72.55,1.46,-1,-1,-1
102,11,1019.14,746.56,81.84,140.42,1.71,-1,-1,-1
102,12,1354.96,560.21,38.51,105.58,1.68,-1,-1,-1
102,13,888.61,381.52,48.28,67.95,1.72,-1,-1,-1
102,14,1368.07,428.71,54.27,84.19,1.73,-1,-1,-1
102,15,1401.91,319.82,36.96,53.00,1.68,-1,-1,-1
102,22,299.58,388.27,42.30,81.26,1.72,-1,-1,-1
102,23,469.79,990.52,77.34,92.34,1.29,-1,-1,-1
102,4,1737.88,496.99,33.13,101.65,1.67,-1,-1,-1
103,2,1099.60,397.90,34.45,83.00,1.70,-1,-1,-1
103,3,1890.50,509.83,29.67,95.50,0.53,-1,-1,-1
103,5,536.64,507.38,45.14,93.35,1.70,-1,-1,-1
103,6,506.00,474.94,50.12,94.22,1.65,-1,-1,-1
103,7,1333.60,560.28,32.93,108.65,1.66,-1,-1,-1
103,11,1013.87,744.62,85.19,140.69,1.73,-1,-1,-1
103,12,1354.80,560.94,40.81,104.50,1.67,-1,-1,-1
103,13,888.00,383.88,46.83,68.48,1.71,-1,-1,-1
103,14,1363.89,430.91,50.12,83.45,1.71,-1,-1,-1
103,15,1400.68,321.82,38.11,52.72,1.68,-1,-1,-1
103,22,305.61,388.05,38.11,81.12,1.71,-1,-1,-1
103,23,484.21,992.35,73.63,88.79,1.40,-1,-1,-1
103,4,1735.58,499.66,34.40,99.02,1.67,-1,-1,-1
103,17,1899.62,376.47,20.69,62.84,0.89,-1,-1,-1
104,2,1104.39,398.65,33.69,83.30,1.70,-1,-1,-1
104,3,1897.04,501.05,22.57,101.12,0.30,-1,-1,-1
104,5,530.19,509.91,49.40,92.03,1.73,-1,-1,-1
104,6,508.82,475.76,48.25,91.92,1.67,-1,-1,-1
104,7,1335.92,560.98,34.62,107.33,1.63,-1,-1,-1
104,11,1009.13,744.07,87.05,141.06,1.74,-1,-1,-1
104,12,1353.46,561.62,45.46,102.12,1.63,-1,-1,-1
104,13,887.18,386.30,37.34,68.33,1.69,-1,-1,-1
104,14,1359.06,433.49,43.51,81.12,1.71,-1,-1,-1
104,15,1402.44,323.61,36.60,52.89,1.69,-1,-1,-1
104,22,312.83,387.71,35.12,81.14,1.70,-1,-1,-1
104,23,500.42,994.78,78.56,86.38,1.14,-1,-1,-1
104,4,1730.45,501.01,38.40,97.73,1.67,-1,-1,-1
105,2,1109.06,400.34,34.60,82.16,1.69,-1,-1,-1
105,3,1903.51,517.74,16.50,81.84,0.26,-1,-1,-1
105,5,535.73,511.87,47.77,89.53,1.68,-1,-1,-1
105,6,514.43,477.10,47.18,90.88,1.66,-1,-1,-1
105,7,1338.77,561.37,35.97,102.84,1.63,-1,-1,-1
105,11,1006.27,745.38,81.73,140.46,1.73,-1,-1,-1
105,12,1350.97,562.77,48.82,105.81,1.62,-1,-1,-1
105,13,883.98,389.73,33.19,65.97,1.66,-1,-1,-1
105,14,1344.01,435.59,48.34,79.57,1.68,-1,-1,-1
105,15,1402.53,324.60,35.75,52.69,1.68,-1,-1,-1
105,22,320.23,388.64,33.20,80.64,1.71,-1,-1,-1
105,23,515.42,995.19,75.39,85.70,1.33,-1,-1,-1
105,4,1730.63,500.79,37.91,98.01,1.68,-1,-1,-1
105,24,1492.71,409.96,31.41,83.60,1.60,-1,-1,-1
106,2,1112.61,401.71,35.04,81.62,1.70,-1,-1,-1
106,5,541.82,511.83,46.79,89.17,1.66,-1,-1,-1
106,6,522.66,478.15,45.53,90.40,1.64,-1,-1,-1
106,7,1340.16,561.91,30.44,98.60,1.54,-1,-1,-1
106,11,1004.58,747.67,73.64,139.64,1.72,-1,-1,-1
106,12,1350.36,566.86,49.99,103.48,1.64,-1,-1,-1
106,13,880.46,392.41,39.96,64.33,1.70,-1,-1,-1
106,14,1343.42,436.58,50.87,79.17,1.73,-1,-1,-1
106,15,1401.56,325.13,34.33,53.86,1.67,-1,-1,-1
106,22,326.46,389.94,33.85,79.58,1.70,-1,-1,-1
106,23,529.44,994.91,76.07,85.26,1.27,-1,-1,-1
106,4,1735.14,499.47,32.73,99.27,1.67,-1,-1,-1
106,24,1497.25,411.60,31.38,84.08,1.68,-1,-1,-1
107,2,1117.33,402.74,34.66,81.50,1.71,-1,-1,-1
107,5,545.10,510.58,46.07,89.68,1.68,-1,-1,-1
107,6,529.70,480.51,44.47,86.33,1.63,-1,-1,-1
107,7,1343.13,561.50,30.14,97.45,1.44,-1,-1,-1
107,11,1001.18,751.64,61.18,135.28,1.70,-1,-1,-1
107,12,1350.62,570.44,50.65,102.37,1.66,-1,-1,-1
107,13,872.18,393.83,53.12,63.07,1.70,-1,-1,-1
107,14,1341.36,437.01,54.68,79.24,1.74,-1,-1,-1
107,15,1401.14,326.14,31.06,55.90,1.66,-1,-1,-1
107,22,333.09,392.40,34.08,77.78,1.71,-1,-1,-1
107,23,543.25,994.84,79.11,88.40,1.10,-1,-1,-1
107,4,1735.07,499.39,32.75,100.36,1.65,-1,-1,-1
107,24,1499.82,414.09,34.68,84.36,0.25,-1,-1,-1
108,2,1122.34,403.90,33.54,80.84,1.71,-1,-1,-1
108,5,542.28,507.29,50.69,92.30,1.69,-1,-1,-1
108,6,534.45,481.10,46.81,86.84,1.66,-1,-1,-1
108,7,1345.30,562.14,34.10,96.42,1.50,-1,-1,-1
108,11,991.96,754.09,56.53,131.53,1.72,-1,-1,-1
108,12,1353.86,574.77,49.10,97.93,1.65,-1,-1,-1
108,13,864.85,394.55,62.28,62.43,1.69,-1,-1,-1
108,14,1336.92,437.78,56.87,78.33,1.74,-1,-1,-1
108,15,1401.34,326.35,29.12,56.46,1.65,-1,-1,-1
108,22,339.25,394.84,35.55,75.94,1.70,-1,-1,-1
108,23,555.21,993.04,76.81,88.16,1.37,-1,-1,-1
108,4,1735.47,499.40,33.01,99.54,1.67,-1,-1,-1
108,24,1504.69,417.14,35.10,83.26,0.45,-1,-1,-1
109,2,1127.39,405.58,33.05,79.51,1.70,-1,-1,-1
109,5,543.05,503.94,52.39,92.86,1.68,-1,-1,-1
109,6,537.34,481.04,58.75,83.29,1.63,-1,-1,-1
109,7,1348.28,562.21,31.40,96.70,1.54,-1,-1,-1
109,11,980.77,753.45,71.41,130.95,1.71,-1,-1,-1
109,12,1354.81,577.63,43.90,95.38,1.63,-1,-1,-1
109,13,870.80,395.61,55.32,63.70,1.70,-1,-1,-1
109,14,1330.32,438.41,61.24,76.35,1.74,-1,-1,-1
109,15,1400.52,327.04,26.92,56.42,1.64,-1,-1,-1
109,22,345.48,398.16,37.42,72.79,1.71,-1,-1,-1
109,23,566.63,988.53,76.62,93.79,1.54,-1,-1,-1
109,4,1733.56,500.02,35.55,99.36,1.69,-1,-1,-1
110,2,1131.57,406.39,33.93,79.87,1.70,-1,-1,-1
110,5,548.04,501.71,48.70,90.88,1.68,-1,-1,-1
110,6,544.65,480.56,46.15,86.52,1.62,-1,-1,-1
110,7,1351.31,561.86,33.48,97.60,1.48,-1,-1,-1
110,11,964.91,752.58,87.69,128.55,1.73,-1,-1,-1
110,12,1351.68,574.98,41.78,97.58,1.61,-1,-1,-1
110,13,871.67,397.80,47.97,64.90,1.69,-1,-1,-1
110,14,1332.45,439.90,55.83,76.87,1.71,-1,-1,-1
110,15,1400.69,327.72,23.09,55.54,1.61,-1,-1,-1
110,22,353.04,401.00,38.57,70.70,1.71,-1,-1,-1
110,23,577.57,985.00,75.79,99.37,1.17,-1,-1,-1
110,4,1731.73,501.73,36.18,100.39,1.68,-1,-1,-1
111,2,1136.76,407.54,31.57,79.14,1.70,-1,-1,-1
111,5,554.01,501.65,42.83,88.63,1.64,-1,-1,-1
111,6,550.37,480.47,45.94,76.30,1.63,-1,-1,-1
111,7,1353.38,562.24,32.99,95.24,1.51,-1,-1,-1
111,11,962.82,751.71,88.96,127.36,1.73,-1,-1,-1
111,12,1354.81,573.08,34.13,99.49,1.64,-1,-1,-1
111,13,865.10,400.19,43.71,65.06,1.69,-1,-1,-1
111,14,1334.40,441.75,42.84,75.82,1.69,-1,-1,-1
111,15,1400.94,329.19,23.38,55.36,1.62,-1,-1,-1
111,22,362.75,403.16,37.11,69.82,1.70,-1,-1,-1
111,23,586.49,979.53,76.93,103.22,1.50,-1,-1,-1
111,4,1728.26,504.44,39.33,99.56,1.70,-1,-1,-1
111,24,1521.51,422.16,34.34,80.38,0.68,-1,-1,-1
112,2,1142.17,408.98,31.06,78.81,1.70,-1,-1,-1
112,5,559.95,500.62,39.24,89.06,1.63,-1,-1,-1
112,6,558.84,479.48,42.23,82.40,1.59,-1,-1,-1
112,7,1354.90,562.22,35.02,104.83,1.62,-1,-1,-1
112,11,961.45,751.22,82.47,124.48,1.73,-1,-1,-1
112,13,863.04,402.31,41.57,62.92,1.69,-1,-1,-1
112,14,1328.31,442.95,36.89,75.54,1.66,-1,-1,-1
112,15,1400.55,331.63,22.12,54.88,1.62,-1,-1,-1
112,22,371.82,404.18,36.52,69.53,1.69,-1,-1,-1
112,23,595.35,974.67,76.26,111.25,1.22,-1,-1,-1
112,4,1723.92,508.04,45.26,96.82,1.71,-1,-1,-1
113,2,1144.44,410.01,33.41,78.30,1.70,-1,-1,-1
113,5,564.66,499.09,34.88,90.04,1.61,-1,-1,-1
113,6,566.30,478.63,41.55,86.13,1.57,-1,-1,-1
113,7,1356.81,563.67,35.20,108.97,1.64,-1,-1,-1
113,11,959.47,751.84,72.07,123.71,1.73,-1,-1,-1
113,13,859.84,403.41,46.68,61.00,1.71,-1,-1,-1
113,14,1321.14,443.95,35.09,75.28,1.67,-1,-1,-1
113,15,1399.77,334.75,23.79,53.69,1.65,-1,-1,-1
113,22,381.25,403.56,35.26,70.35,1.69,-1,-1,-1
113,23,603.51,970.11,75.85,113.83,1.53,-1,-1,-1
113,4,1720.88,512.18,51.25,94.13,1.72,-1,-1,-1
113,12,1354.17,565.76,27.96,95.66,1.16,-1,-1,-1
113,24,1534.56,422.41,28.93,82.32,1.52,-1,-1,-1
114,2,1147.41,411.50,34.24,77.76,1.71,-1,-1,-1
114,5,569.97,498.03,32.37,90.74,1.65,-1,-1,-1
114,6,572.84,480.13,41.14,86.12,1.55,-1,-1,-1
114,7,1356.76,563.82,36.57,110.47,1.62,-1,-1,-1
114,11,937.38,751.80,76.56,122.60,1.71,-1,-1,-1
114,13,857.56,404.66,50.74,60.53,1.69,-1,-1,-1
114,14,1315.02,443.34,43.70,76.44,1.70,-1,-1,-1
114,15,1398.38,338.46,25.14,54.06,1.64,-1,-1,-1
114,22,389.28,403.16,35.05,71.28,1.69,-1,-1,-1
114,23,610.99,967.36,76.37,117.10,1.55,-1,-1,-1
114,4,1720.00,514.99,53.00,91.61,1.71,-1,-1,-1
114,12,1352.78,563.09,35.93,96.32,1.30,-1,-1,-1
114,24,1538.65,422.93,28.39,82.89,1.54,-1,-1,-1
115,2,1150.68,412.91,34.38,76.89,1.71,-1,-1,-1
115,5,572.34,496.55,32.62,92.65,1.65,-1,-1,-1
115,6,578.91,480.70,40.10,81.01,1.57,-1,-1,-1
115,7,1361.57,563.31,34.40,108.23,1.60,-1,-1,-1
115,11,922.95,751.74,85.92,121.18,1.71,-1,-1,-1
115,13,856.63,405.98,47.19,62.81,1.72,-1,-1,-1
115,14,1311.75,442.78,47.32,77.60,1.73,-1,-1,-1
115,15,1395.85,341.93,28.26,52.95,1.64,-1,-1,-1
115,22,397.93,403.71,33.71,71.24,1.69,-1,-1,-1
115,23,617.62,965.08,76.58,141.22,1.49,-1,-1,-1
115,4,1720.70,515.21,52.98,92.12,1.72,-1,-1,-1
115,12,1350.32,573.48,30.27,102.23,1.47,-1,-1,-1
115,24,1543.23,424.43,28.09,83.01,1.52,-1,-1,-1
116,2,1153.74,414.46,36.06,76.27,1.71,-1,-1,-1
116,5,577.70,494.98,31.21,87.69,1.65,-1,-1,-1
116,6,589.39,480.92,34.27,86.55,1.51,-1,-1,-1
116,7,1365.15,562.95,32.41,103.23,1.61,-1,-1,-1
116,11,919.29,747.98,87.19,122.80,1.72,-1,-1,-1
116,13,855.73,408.17,41.46,62.48,1.71,-1,-1,-1
116,14,1300.88,442.22,57.83,76.14,1.72,-1,-1,-1
116,15,1393.51,345.11,33.93,48.49,1.68,-1,-1,-1
116,22,403.95,404.06,35.80,69.06,1.70,-1,-1,-1
116,23,624.03,962.83,76.24,124.84,1.55,-1,-1,-1
116,4,1722.47,515.17,52.51,92.22,1.72,-1,-1,-1
116,12,1349.85,576.78,30.75,102.60,1.64,-1,-1,-1
116,24,1546.41,426.04,29.15,82.51,1.63,-1,-1,-1
117,2,1156.64,416.24,37.07,75.96,1.71,-1,-1,-1
117,5,582.63,493.91,30.90,83.23,1.64,-1,-1,-1
117,6,598.92,481.52,31.43,83.05,1.57,-1,-1,-1
117,7,1368.44,562.76,29.85,102.19,1.64,-1,-1,-1
117,11,917.83,744.59,81.03,124.20,1.72,-1,-1,-1
117,13,848.39,410.21,34.82,61.51,1.68,-1,-1,-1
117,14,1297.69,442.70,58.42,75.80,1.73,-1,-1,-1
117,15,1390.61,346.66,39.89,48.62,1.70,-1,-1,-1
117,22,409.94,405.25,36.80,68.45,1.68,-1,-1,-1
117,23,629.20,961.08,76.76,136.25,1.53,-1,-1,-1
117,4,1722.99,514.15,51.08,93.17,1.71,-1,-1,-1
117,12,1345.77,580.60,37.68,100.20,1.68,-1,-1,-1
117,24,1552.08,429.04,27.80,81.73,1.65,-1,-1,-1
118,2,1160.10,417.56,36.76,75.55,1.71,-1,-1,-1
118,5,585.55,493.96,32.19,84.20,1.66,-1,-1,-1
118,6,603.04,481.49,32.90,85.26,1.56,-1,-1,-1
118,7,1368.75,562.08,31.06,100.60,1.63,-1,-1,-1
118,11,916.52,741.39,78.60,117.49,1.72,-1,-1,-1
118,13,837.98,412.24,46.76,60.10,1.69,-1,-1,-1
118,14,1298.19,444.03,49.40,75.37,1.73,-1,-1,-1
118,15,1391.16,348.14,40.09,49.71,1.69,-1,-1,-1
118,22,417.37,407.93,38.24,66.16,1.70,-1,-1,-1
118,23,635.12,959.51,75.56,126.55,1.63,-1,-1,-1
118,4,1724.13,512.50,46.96,94.10,1.70,-1,-1,-1
118,12,1344.40,584.48,42.47,96.64,1.66,-1,-1,-1
118,24,1554.31,432.44,30.54,79.79,1.65,-1,-1,-1
119,2,1163.12,418.76,37.15,75.06,1.71,-1,-1,-1
119,5,590.28,492.50,31.90,86.00,1.66,-1,-1,-1
119,6,609.74,481.04,33.39,83.12,1.62,-1,-1,-1
119,7,1371.47,562.57,30.61,99.40,1.64,-1,-1,-1
119,11,914.33,739.89,71.52,113.79,1.72,-1,-1,-1
119,13,832.97,413.26,53.25,59.03,1.70,-1,-1,-1
119,14,1296.03,445.50,42.83,75.00,1.68,-1,-1,-1
119,15,1391.16,349.90,39.36,48.98,1.69,-1,-1,-1
119,22,423.23,410.33,40.14,65.36,1.71,-1,-1,-1
119,23,638.89,958.79,75.64,144.90,1.58,-1,-1,-1
119,4,1726.52,511.25,39.46,93.51,1.67,-1,-1,-1
119,12,1336.38,587.18,50.99,93.07,1.72,-1,-1,-1
119,24,1558.55,436.15,32.08,78.87,1.41,-1,-1,-1
120,2,1167.98,420.81,36.87,74.43,1.72,-1,-1,-1
120,5,592.26,491.32,33.80,89.38,1.67,-1,-1,-1
120,6,614.65,480.23,34.85,85.37,1.64,-1,-1,-1
120,7,1373.61,562.29,31.48,98.05,1.67,-1,-1,-1
120,11,915.00,738.93,54.17,113.93,1.71,-1,-1,-1
120,13,830.13,413.51,53.11,58.25,1.64,-1,-1,-1
120,14,1287.69,447.83,39.83,73.69,1.71,-1,-1,-1
120,15,1392.89,352.01,34.67,47.59,1.67,-1,-1,-1
120,22,430.29,412.57,42.75,64.88,1.71,-1,-1,-1
120,23,643.59,957.66,73.45,124.15,1.68,-1,-1,-1
120,4,1727.57,509.38,34.29,94.33,1.69,-1,-1,-1
120,12,1336.86,587.39,53.27,94.18,1.71,-1,-1,-1
121,2,1171.26,422.42,36.62,73.58,1.71,-1,-1,-1
121,5,594.09,489.01,35.66,88.35,1.67,-1,-1,-1
121,6,620.15,478.40,35.36,85.84,1.64,-1,-1,-1
121,7,1375.17,562.21,32.49,98.86,1.68,-1,-1,-1
121,11,907.37,738.16,44.21,114.41,1.68,-1,-1,-1
121,13,828.12,413.94,50.86,58.83,1.71,-1,-1,-1
121,14,1282.41,447.85,43.44,75.06,1.71,-1,-1,-1
121,15,1390.98,353.34,32.55,47.20,1.68,-1,-1,-1
121,22,438.22,416.20,42.18,61.63,1.72,-1,-1,-1
121,23,646.36,956.52,74.37,126.93,1.65,-1,-1,-1
121,4,1727.69,508.38,28.91,94.87,1.66,-1,-1,-1
121,12,1341.11,586.99,48.44,95.50,1.70,-1,-1,-1
122,2,1175.47,423.60,36.39,73.63,1.71,-1,-1,-1
122,5,597.32,487.46,37.26,89.45,1.67,-1,-1,-1
122,6,627.00,477.76,36.06,84.03,1.67,-1,-1,-1
122,7,1377.37,562.57,32.88,98.27,1.69,-1,-1,-1
122,11,895.85,736.10,58.74,115.80,1.72,-1,-1,-1
122,13,829.63,415.00,39.10,58.98,1.67,-1,-1,-1
122,14,1280.68,448.22,45.47,76.05,1.72,-1,-1,-1
122,15,1387.00,355.29,30.35,47.41,1.63,-1,-1,-1
122,22,447.15,418.22,40.84,60.71,1.70,-1,-1,-1
122,23,648.26,955.20,75.56,130.34,1.62,-1,-1,-1
122,4,1728.49,509.56,24.93,93.44,1.65,-1,-1,-1
122,12,1340.77,587.39,46.14,92.47,1.68,-1,-1,-1
123,2,1179.19,425.10,36.05,73.04,1.71,-1,-1,-1
123,5,598.43,487.55,40.62,84.15,1.66,-1,-1,-1
123,6,635.39,477.17,34.22,86.34,1.64,-1,-1,-1
123,7,1378.92,563.19,33.33,97.72,1.68,-1,-1,-1
123,11,886.04,733.07,70.56,118.94,1.73,-1,-1,-1
123,13,824.46,415.60,34.90,60.85,1.60,-1,-1,-1
123,14,1279.06,448.40,45.97,77.24,1.70,-1,-1,-1
123,15,1385.02,355.80,35.10,48.05,1.64,-1,-1,-1
123,22,454.45,420.19,41.21,59.74,1.71,-1,-1,-1
123,23,649.75,954.37,80.10,133.24,1.58,-1,-1,-1
123,4,1724.94,511.16,28.85,92.00,1.68,-1,-1,-1
123,12,1339.66,587.41,43.61,92.05,1.66,-1,-1,-1
124,2,1182.48,425.33,34.32,74.34,1.70,-1,-1,-1
124,5,601.30,488.00,43.31,79.87,1.68,-1,-1,-1
124,6,643.55,478.28,32.59,84.51,1.65,-1,-1,-1
124,7,1380.35,564.34,34.62,98.42,1.68,-1,-1,-1
124,11,878.20,730.65,73.90,116.03,1.71,-1,-1,-1
124,13,821.58,415.96,32.07,61.81,1.65,-1,-1,-1
124,14,1273.03,449.01,49.92,70.65,1.72,-1,-1,-1
124,15,1384.15,356.12,37.12,46.47,1.65,-1,-1,-1
124,22,459.95,421.56,42.53,59.27,1.70,-1,-1,-1
124,23,650.49,952.75,82.81,150.27,1.55,-1,-1,-1
124,4,1720.18,513.25,36.01,92.38,1.69,-1,-1,-1
124,12,1337.76,587.93,37.61,89.67,1.65,-1,-1,-1
124,24,1574.77,447.75,33.42,73.68,1.20,-1,-1,-1
125,2,1184.60,426.53,33.19,74.24,1.71,-1,-1,-1
125,5,601.28,489.17,48.05,76.83,1.68,-1,-1,-1
125,6,649.03,480.13,32.54,81.98,1.65,-1,-1,-1
125,7,1381.86,565.35,35.57,97.75,1.69,-1,-1,-1
125,11,874.09,729.63,65.94,109.63,1.72,-1,-1,-1
125,13,815.60,415.79,40.73,62.46,1.70,-1,-1,-1
125,14,1272.64,449.27,45.93,70.49,1.70,-1,-1,-1
125,15,1383.16,357.17,36.33,48.35,1.67,-1,-1,-1
125,22,465.58,422.45,44.86,59.54,1.70,-1,-1,-1
125,23,654.03,951.64,80.20,144.67,1.59,-1,-1,-1
125,4,1715.57,515.94,43.56,90.24,1.71,-1,-1,-1
125,12,1336.24,586.78,32.52,91.04,1.67,-1,-1,-1
125,24,1578.08,447.79,32.80,74.37,1.55,-1,-1,-1
126,2,1186.66,427.74,30.52,73.73,1.69,-1,-1,-1
126,5,605.04,491.50,46.02,76.52,1.70,-1,-1,-1
126,6,656.03,482.14,31.74,81.36,1.67,-1,-1,-1
126,7,1383.57,567.53,36.39,95.60,1.70,-1,-1,-1
126,11,866.66,729.33,57.61,110.03,1.70,-1,-1,-1
126,13,805.63,416.51,49.30,57.52,1.72,-1,-1,-1
126,14,1275.11,449.74,36.54,69.91,1.71,-1,-1,-1
126,15,1383.31,358.87,35.68,48.63,1.64,-1,-1,-1
126,22,472.04,422.66,46.41,60.23,1.71,-1,-1,-1
126,23,654.97,949.08,78.93,140.44,1.61,-1,-1,-1
126,4,1712.53,519.28,50.77,88.78,1.72,-1,-1,-1
126,12,1333.75,585.35,34.66,93.79,1.67,-1,-1,-1
126,24,1581.19,448.53,31.69,74.79,1.36,-1,-1,-1
127,2,1188.43,428.71,29.30,74.17,1.69,-1,-1,-1
127,5,608.33,494.04,47.58,73.77,1.70,-1,-1,-1
127,6,661.39,483.01,32.49,79.24,1.65,-1,-1,-1
127,7,1387.67,568.99,34.20,95.08,1.69,-1,-1,-1
127,11,849.16,729.12,65.43,110.41,1.68,-1,-1,-1
127,13,790.50,417.28,63.48,57.11,1.71,-1,-1,-1
127,14,1272.26,450.35,30.56,70.94,1.65,-1,-1,-1
127,15,1382.74,360.54,30.04,47.89,1.60,-1,-1,-1
127,22,478.23,422.99,48.60,61.68,1.72,-1,-1,-1
127,23,656.83,946.68,78.37,161.40,1.62,-1,-1,-1
127,4,1712.25,522.42,53.79,86.43,1.73,-1,-1,-1
127,12,1329.94,583.78,40.62,94.55,1.69,-1,-1,-1
127,24,1584.16,448.95,30.81,75.79,1.38,-1,-1,-1
128,2,1191.24,429.71,24.57,73.14,1.67,-1,-1,-1
128,5,613.26,495.86,47.56,71.77,1.69,-1,-1,-1
128,6,666.07,483.78,34.00,77.46,1.66,-1,-1,-1
128,7,1390.79,570.12,32.85,94.52,1.70,-1,-1,-1
128,11,845.93,727.49,69.30,112.04,1.68,-1,-1,-1
128,13,786.02,418.68,60.62,57.11,1.72,-1,-1,-1
128,14,1267.76,449.36,26.83,72.19,1.63,-1,-1,-1
128,15,1381.91,361.50,26.58,48.06,1.60,-1,-1,-1
128,22,486.12,424.28,47.75,60.44,1.70,-1,-1,-1
128,23,659.68,945.32,75.82,145.02,1.65,-1,-1,-1
128,4,1713.57,524.68,55.08,84.75,1.73,-1,-1,-1
128,12,1329.53,582.80,42.47,96.32,1.71,-1,-1,-1
129,2,1192.81,431.04,22.71,73.85,1.66,-1,-1,-1
129,5,612.12,496.00,52.83,73.64,1.68,-1,-1,-1
129,6,671.94,483.71,32.34,78.48,1.66,-1,-1,-1
129,7,1393.07,571.45,32.09,92.76,1.69,-1,-1,-1
129,11,833.61,725.12,77.30,114.25,1.72,-1,-1,-1
129,13,785.65,420.39,53.42,59.59,1.71,-1,-1,-1
129,14,1263.27,448.70,33.46,73.24,1.70,-1,-1,-1
129,15,1379.69,362.34,26.72,46.84,1.62,-1,-1,-1
129,22,493.83,425.58,47.01,61.28,1.70,-1,-1,-1
129,23,662.84,944.42,74.48,152.96,1.66,-1,-1,-1
129,4,1718.03,526.75,53.93,84.73,1.72,-1,-1,-1
129,12,1330.11,581.54,45.04,96.61,1.70,-1,-1,-1
130,2,1194.22,432.19,23.18,73.49,1.67,-1,-1,-1
130,5,612.14,495.26,54.28,73.10,1.71,-1,-1,-1
130,6,676.60,482.76,34.15,78.93,1.69,-1,-1,-1
130,7,1395.84,572.75,32.46,92.25,1.70,-1,-1,-1
130,11,829.36,722.47,71.56,109.96,1.73,-1,-1,-1
130,13,788.99,421.50,35.87,58.36,1.67,-1,-1,-1
130,14,1257.31,448.68,39.50,74.42,1.71,-1,-1,-1
130,15,1375.89,361.99,30.98,47.18,1.65,-1,-1,-1
130,22,505.35,426.20,39.60,60.60,1.70,-1,-1,-1
130,23,665.22,944.93,75.70,154.61,1.66,-1,-1,-1
130,4,1723.15,527.51,50.79,84.50,1.71,-1,-1,-1
130,12,1329.79,581.30,46.16,92.81,1.72,-1,-1,-1
130,24,1593.20,453.07,32.47,75.56,1.57,-1,-1,-1
131,2,1195.26,433.26,25.75,71.97,1.69,-1,-1,-1
131,5,609.42,494.91,58.32,74.08,1.71,-1,-1,-1
131,6,680.46,482.04,35.92,80.61,1.69,-1,-1,-1
131,7,1398.89,572.70,31.72,91.29,1.70,-1,-1,-1
131,11,823.41,720.49,72.74,101.27,1.73,-1,-1,-1
131,13,785.06,422.17,29.31,58.82,1.64,-1,-1,-1
131,14,1248.79,448.17,48.24,72.83,1.72,-1,-1,-1
131,15,1377.20,361.90,31.76,46.99,1.63,-1,-1,-1
131,22,512.77,426.61,37.59,60.61,1.71,-1,-1,-1
131,23,667.54,945.55,77.47,140.76,1.67,-1,-1,-1
131,4,1726.84,527.71,47.13,85.07,1.70,-1,-1,-1
131,12,1329.58,582.21,45.22,90.03,1.71,-1,-1,-1
131,24,1599.61,454.57,29.72,74.94,1.41,-1,-1,-1
132,2,1193.23,433.86,30.29,72.22,1.70,-1,-1,-1
132,5,607.82,494.84,57.13,73.09,1.72,-1,-1,-1
132,6,684.33,480.31,38.41,81.10,1.70,-1,-1,-1
132,7,1401.72,571.88,31.15,92.48,1.69,-1,-1,-1
132,11,818.20,720.43,59.36,100.97,1.71,-1,-1,-1
132,13,779.54,424.12,27.73,55.41,1.58,-1,-1,-1
132,14,1245.70,448.58,47.39,71.98,1.73,-1,-1,-1
132,15,1375.60,361.20,32.02,47.24,1.66,-1,-1,-1
132,22,517.24,427.79,34.74,58.79,1.70,-1,-1,-1
132,23,669.33,947.69,78.55,134.03,1.70,-1,-1,-1
132,4,1725.62,527.97,47.68,85.94,1.70,-1,-1,-1
132,12,1327.70,583.21,45.62,89.07,1.71,-1,-1,-1
132,24,1600.90,455.97,31.92,74.53,1.28,-1,-1,-1
133,2,1191.80,435.74,34.91,70.85,1.71,-1,-1,-1
133,5,601.71,495.89,54.73,69.62,1.72,-1,-1,-1
133,6,688.25,480.48,40.10,80.16,1.70,-1,-1,-1
133,7,1404.93,570.79,32.61,92.66,1.69,-1,-1,-1
133,11,810.34,719.74,51.18,102.00,1.72,-1,-1,-1
133,13,774.83,425.03,26.09,55.36,1.62,-1,-1,-1
133,14,1248.23,449.77,39.64,71.27,1.71,-1,-1,-1
133,15,1374.30,362.14,31.10,46.24,1.66,-1,-1,-1
133,22,522.04,428.49,36.05,59.31,1.69,-1,-1,-1
133,23,670.79,948.62,81.66,138.26,1.68,-1,-1,-1
133,4,1721.25,528.07,50.15,81.19,1.71,-1,-1,-1
133,12,1327.74,583.29,42.06,90.12,1.72,-1,-1,-1
133,24,1605.75,457.50,31.00,73.48,1.39,-1,-1,-1
134,2,1190.72,436.92,39.92,71.15,1.71,-1,-1,-1
134,5,594.70,496.16,59.06,69.44,1.68,-1,-1,-1
134,6,693.11,481.16,41.56,78.64,1.70,-1,-1,-1
134,7,1407.01,569.30,33.33,93.15,1.70,-1,-1,-1
134,11,799.04,719.10,64.73,102.24,1.72,-1,-1,-1
134,13,768.99,426.94,31.46,54.69,1.58,-1,-1,-1
134,14,1249.89,450.38,30.87,70.95,1.68,-1,-1,-1
134,15,1374.53,363.36,26.87,45.97,1.64,-1,-1,-1
134,22,527.40,429.91,35.34,59.07,1.69,-1,-1,-1
134,23,671.30,949.19,84.94,148.72,1.66,-1,-1,-1
134,4,1720.48,527.37,47.11,82.89,1.68,-1,-1,-1
134,12,1322.82,581.23,42.81,93.77,1.69,-1,-1,-1
134,24,1609.91,457.46,30.56,75.00,1.67,-1,-1,-1
135,2,1191.66,438.02,41.28,70.72,1.72,-1,-1,-1
135,5,592.48,495.47,60.55,70.61,1.71,-1,-1,-1
135,6,697.09,482.07,44.36,76.86,1.71,-1,-1,-1
135,7,1410.37,568.53,32.43,94.14,1.68,-1,-1,-1
135,11,789.02,715.95,73.92,106.06,1.73,-1,-1,-1
135,13,765.64,427.38,26.14,56.16,1.59,-1,-1,-1
135,14,1248.80,450.02,23.86,72.59,1.65,-1,-1,-1
135,15,1374.47,363.95,21.73,46.47,1.58,-1,-1,-1
135,22,531.43,432.45,41.77,59.30,1.67,-1,-1,-1
135,23,671.77,948.78,86.65,146.58,1.65,-1,-1,-1
135,4,1719.26,525.59,43.70,85.18,1.71,-1,-1,-1
135,12,1321.10,579.41,39.55,95.42,1.70,-1,-1,-1
135,24,1613.13,457.49,29.93,75.98,1.66,-1,-1,-1
136,2,1192.99,438.97,44.25,70.19,1.72,-1,-1,-1
136,5,591.81,494.86,63.47,71.11,1.72,-1,-1,-1
136,6,703.77,483.92,44.71,74.62,1.71,-1,-1,-1
136,7,1413.76,568.32,32.50,95.70,1.68,-1,-1,-1
136,11,780.09,714.54,76.93,100.46,1.73,-1,-1,-1
136,13,754.25,428.10,37.65,55.75,1.68,-1,-1,-1
136,14,1248.09,449.60,24.05,73.86,1.65,-1,-1,-1
136,15,1368.18,363.95,24.87,50.74,1.60,-1,-1,-1
136,22,537.04,433.86,44.01,58.40,1.67,-1,-1,-1
136,23,672.45,947.98,85.97,142.00,1.66,-1,-1,-1
136,4,1714.72,524.04,46.91,87.78,1.71,-1,-1,-1
136,12,1320.62,577.83,42.26,98.11,1.70,-1,-1,-1
136,24,1615.50,457.82,30.47,75.00,1.62,-1,-1,-1
137,2,1196.41,439.67,43.22,70.35,1.72,-1,-1,-1
137,5,588.12,493.15,65.47,71.56,1.71,-1,-1,-1
137,6,711.90,484.72,42.21,74.36,1.71,-1,-1,-1
137,7,1415.75,568.70,33.99,95.86,1.70,-1,-1,-1
137,11,769.98,712.99,76.78,95.23,1.70,-1,-1,-1
137,13,744.70,428.28,48.28,56.01,1.66,-1,-1,-1
137,14,1245.53,449.56,26.14,74.01,1.66,-1,-1,-1
137,15,1368.83,363.47,27.79,50.61,1.62,-1,-1,-1
137,22,543.82,435.06,46.74,58.25,1.71,-1,-1,-1
137,23,673.13,946.04,87.06,147.80,1.66,-1,-1,-1
137,4,1716.82,523.13,47.56,88.76,1.70,-1,-1,-1
137,12,1319.09,577.53,44.88,97.85,1.71,-1,-1,-1
137,24,1618.04,458.10,29.71,75.06,1.65,-1,-1,-1
138,2,1199.48,440.05,41.61,70.74,1.71,-1,-1,-1
138,5,585.93,491.38,61.33,68.61,1.71,-1,-1,-1
138,6,720.16,483.09,40.49,76.72,1.70,-1,-1,-1
138,7,1419.39,569.42,33.64,95.23,1.69,-1,-1,-1
138,11,760.20,711.81,71.23,96.61,1.72,-1,-1,-1
138,13,743.28,428.33,48.35,57.15,1.67,-1,-1,-1
138,14,1240.07,449.45,30.22,73.53,1.67,-1,-1,-1
138,15,1367.11,363.11,30.28,48.20,1.62,-1,-1,-1
138,22,548.07,436.06,46.29,59.08,1.70,-1,-1,-1
138,23,674.46,943.55,81.68,141.64,1.70,-1,-1,-1
138,4,1718.97,522.33,50.23,86.96,1.71,-1,-1,-1
138,12,1319.88,577.36,44.88,96.12,1.71,-1,-1,-1
138,24,1622.22,458.17,29.73,75.62,1.64,-1,-1,-1
139,2,1203.46,439.66,37.67,71.25,1.70,-1,-1,-1
139,5,585.26,491.17,54.88,69.51,1.72,-1,-1,-1
139,6,730.37,483.63,36.60,76.24,1.70,-1,-1,-1
139,7,1423.54,570.50,32.88,94.47,1.69,-1,-1,-1
139,11,751.71,711.77,62.39,96.27,1.71,-1,-1,-1
139,13,743.36,430.37,44.01,55.19,1.69,-1,-1,-1
139,14,1235.56,449.59,32.08,71.28,1.67,-1,-1,-1
139,15,1364.32,363.58,34.57,46.58,1.57,-1,-1,-1
139,22,554.73,436.34,42.27,58.55,1.70,-1,-1,-1
139,23,675.99,941.15,77.65,144.18,1.71,-1,-1,-1
139,4,1721.62,522.81,50.57,83.51,1.71,-1,-1,-1
139,12,1320.24,577.99,44.49,91.56,1.71,-1,-1,-1
139,24,1626.55,457.97,28.52,76.00,1.66,-1,-1,-1
140,2,1208.03,439.76,33.91,71.89,1.69,-1,-1,-1
140,5,585.04,492.24,46.30,68.91,1.70,-1,-1,-1
140,6,741.49,481.15,32.11,79.60,1.69,-1,-1,-1
140,7,1426.68,572.19,33.75,93.04,1.68,-1,-1,-1
140,11,739.59,708.83,68.05,99.93,1.67,-1,-1,-1
140,13,744.97,429.85,37.56,56.66,1.68,-1,-1,-1
140,14,1233.82,449.90,29.25,69.99,1.66,-1,-1,-1
140,15,1360.13,362.88,38.42,47.08,1.65,-1,-1,-1
140,22,561.04,435.98,39.89,59.24,1.71,-1,-1,-1
140,23,677.82,938.73,74.06,151.94,1.70,-1,-1,-1
140,4,1725.37,523.99,48.04,78.31,1.70,-1,-1,-1
140,12,1319.79,579.27,41.48,88.26,1.70,-1,-1,-1
140,24,1632.42,458.70,24.55,74.82,1.64,-1,-1,-1
141,2,1211.23,439.38,30.69,72.35,1.65,-1,-1,-1
141,5,584.03,492.51,39.07,68.62,1.68,-1,-1,-1
141,6,747.67,478.99,33.75,80.68,1.68,-1,-1,-1
141,7,1430.21,572.77,33.36,93.08,1.68,-1,-1,-1
141,11,723.87,704.93,83.97,102.59,1.70,-1,-1,-1
141,13,745.20,429.13,30.29,57.69,1.64,-1,-1,-1
141,14,1233.30,451.27,26.15,69.39,1.62,-1,-1,-1
141,15,1361.44,363.67,37.72,46.70,1.65,-1,-1,-1
141,22,568.36,435.07,39.05,61.55,1.67,-1,-1,-1
141,23,679.15,937.78,69.91,148.93,1.70,-1,-1,-1
141,4,1727.83,525.96,45.42,77.02,1.68,-1,-1,-1
141,12,1319.91,581.99,38.85,85.96,1.68,-1,-1,-1
141,24,1635.52,458.84,25.32,74.71,1.62,-1,-1,-1
142,2,1215.13,439.37,24.79,73.35,1.60,-1,-1,-1
142,5,578.77,493.23,45.75,67.43,1.70,-1,-1,-1
142,6,755.76,477.68,31.74,81.92,1.68,-1,-1,-1
142,7,1434.96,573.43,32.50,91.51,1.67,-1,-1,-1
142,11,715.98,703.40,86.80,96.46,1.67,-1,-1,-1
142,13,744.52,427.26,23.92,61.11,1.60,-1,-1,-1
142,14,1233.08,453.05,22.21,66.23,1.59,-1,-1,-1
142,15,1365.82,364.26,33.64,48.91,1.64,-1,-1,-1
142,22,574.30,433.99,39.40,61.26,1.70,-1,-1,-1
142,23,679.57,936.30,68.75,157.51,1.67,-1,-1,-1
142,4,1728.65,527.51,44.88,75.06,1.71,-1,-1,-1
142,12,1319.08,582.81,39.85,85.04,1.70,-1,-1,-1
142,24,1639.47,459.44,25.27,74.48,1.47,-1,-1,-1
143,2,1217.39,439.27,22.25,72.57,1.63,-1,-1,-1
143,5,576.25,493.06,54.95,68.60,1.72,-1,-1,-1
143,6,762.04,477.18,32.69,80.79,1.67,-1,-1,-1
143,7,1439.78,571.86,30.85,92.42,1.68,-1,-1,-1
143,11,711.03,700.35,81.48,95.94,1.74,-1,-1,-1
143,13,744.88,425.32,23.33,62.29,1.63,-1,-1,-1
143,14,1231.58,453.81,27.46,65.60,1.64,-1,-1,-1
143,15,1367.28,364.15,25.09,47.38,1.52,-1,-1,-1
143,22,580.60,433.05,39.47,61.60,1.69,-1,-1,-1
143,23,680.60,936.05,74.32,158.28,1.65,-1,-1,-1
143,4,1732.48,528.08,39.17,75.02,1.64,-1,-1,-1
143,12,1313.29,582.10,48.90,85.06,1.70,-1,-1,-1
143,24,1643.94,459.15,26.38,75.36,1.49,-1,-1,-1
144,2,1220.08,439.01,21.89,76.07,1.48,-1,-1,-1
144,5,570.17,492.62,62.89,67.60,1.71,-1,-1,-1
144,6,769.90,477.29,36.53,77.88,1.67,-1,-1,-1
144,7,1443.19,569.94,31.97,94.21,1.63,-1,-1,-1
144,11,704.60,699.05,66.81,97.51,1.73,-1,-1,-1
144,13,743.15,423.85,29.16,63.67,1.67,-1,-1,-1
144,14,1222.16,453.73,40.84,64.83,1.69,-1,-1,-1
144,15,1367.72,363.00,22.40,51.99,1.53,-1,-1,-1
144,22,586.45,431.50,37.78,62.76,1.70,-1,-1,-1
144,23,681.71,936.64,76.32,151.44,1.66,-1,-1,-1
144,4,1734.88,527.12,33.02,76.04,1.60,-1,-1,-1
144,12,1313.69,580.25,53.04,88.70,1.70,-1,-1,-1
144,24,1647.51,458.89,28.74,74.78,1.40,-1,-1,-1
145,2,1220.09,439.03,36.06,76.11,1.46,-1,-1,-1
145,5,569.78,492.47,60.76,66.35,1.72,-1,-1,-1
145,6,777.98,477.28,37.95,77.06,1.68,-1,-1,-1
145,7,1448.62,568.65,30.16,94.81,1.65,-1,-1,-1
145,11,697.35,697.94,54.90,97.87,1.70,-1,-1,-1
145,13,736.47,423.44,39.53,63.70,1.70,-1,-1,-1
145,14,1217.51,453.27,49.17,65.73,1.67,-1,-1,-1
145,15,1368.16,360.91,23.30,52.32,1.55,-1,-1,-1
145,22,593.36,430.95,33.96,63.11,1.69,-1,-1,-1
145,23,683.48,937.10,81.69,153.46,1.67,-1,-1,-1
145,4,1735.86,525.77,34.24,77.37,1.68,-1,-1,-1
145,12,1312.19,578.60,56.43,85.80,1.71,-1,-1,-1
145,24,1648.02,460.15,33.68,73.80,1.54,-1,-1,-1
146,2,1219.02,438.71,42.86,73.96,1.58,-1,-1,-1
146,5,568.10,491.60,55.14,65.50,1.73,-1,-1,-1
146,6,788.22,479.54,35.17,74.18,1.67,-1,-1,-1
146,7,1452.69,568.14,31.86,94.76,1.68,-1,-1,-1
146,11,688.62,696.47,67.10,98.09,1.69,-1,-1,-1
146,13,735.45,422.85,43.15,61.84,1.71,-1,-1,-1
146,14,1216.72,453.47,52.45,67.01,1.63,-1,-1,-1
146,15,1367.93,359.33,28.08,51.97,1.59,-1,-1,-1
146,22,600.86,431.34,31.30,62.01,1.69,-1,-1,-1
146,23,683.53,938.06,87.96,153.50,1.68,-1,-1,-1
146,4,1736.61,524.36,40.03,79.24,1.70,-1,-1,-1
146,12,1311.36,578.29,59.63,83.16,1.71,-1,-1,-1
146,24,1650.75,460.90,37.58,73.37,1.61,-1,-1,-1
147,2,1222.83,439.23,46.16,71.49,1.64,-1,-1,-1
147,5,564.01,492.27,50.80,64.43,1.69,-1,-1,-1
147,6,797.65,479.72,32.76,73.83,1.67,-1,-1,-1
147,7,1460.05,567.58,32.27,96.05,1.67,-1,-1,-1
147,11,678.06,694.33,76.95,97.77,1.72,-1,-1,-1
147,13,736.49,423.53,45.08,62.86,1.72,-1,-1,-1
147,14,1222.26,453.46,48.11,65.73,1.65,-1,-1,-1
147,15,1372.56,359.62,28.10,49.95,1.41,-1,-1,-1
147,22,609.31,431.92,32.42,60.81,1.68,-1,-1,-1
147,23,686.15,938.11,89.23,154.22,1.70,-1,-1,-1
147,4,1740.75,523.28,43.19,79.90,1.71,-1,-1,-1
147,12,1313.74,579.83,58.71,81.36,1.72,-1,-1,-1
147,24,1656.69,461.30,39.79,72.94,1.70,-1,-1,-1
148,2,1227.78,440.31,42.29,69.01,1.63,-1,-1,-1
148,5,555.75,491.62,52.00,64.01,1.67,-1,-1,-1
148,6,807.51,479.16,32.02,73.27,1.68,-1,-1,-1
148,7,1467.95,568.16,35.48,95.41,1.69,-1,-1,-1
148,11,673.04,693.18,77.48,91.39,1.74,-1,-1,-1
148,13,738.38,423.16,45.74,65.20,1.72,-1,-1,-1
148,14,1229.38,454.55,40.38,64.07,1.61,-1,-1,-1
148,15,1374.27,359.16,32.07,48.49,1.56,-1,-1,-1
148,22,618.21,432.49,35.90,59.64,1.69,-1,-1,-1
148,23,687.19,938.25,96.42,148.36,1.71,-1,-1,-1
148,4,1739.16,522.62,52.23,80.39,1.72,-1,-1,-1
148,12,1314.79,581.15,55.93,79.14,1.71,-1,-1,-1
148,24,1664.51,462.30,42.58,71.61,1.67,-1,-1,-1
149,2,1239.24,440.59,39.40,71.30,1.55,-1,-1,-1
149,5,552.62,489.06,61.75,67.52,1.73,-1,-1,-1
149,6,818.84,477.95,30.44,74.25,1.68,-1,-1,-1
149,7,1472.69,569.50,40.37,95.24,1.71,-1,-1,-1
149,11,668.24,690.67,72.96,93.28,1.74,-1,-1,-1
149,13,745.21,424.68,39.47,63.39,1.72,-1,-1,-1
149,14,1233.99,453.00,31.56,65.06,1.51,-1,-1,-1
149,15,1376.15,359.21,34.87,48.39,1.50,-1,-1,-1
149,22,625.62,433.13,38.37,59.17,1.71,-1,-1,-1
149,23,686.12,938.94,103.60,145.37,1.72,-1,-1,-1
149,4,1744.71,523.05,54.36,79.61,1.73,-1,-1,-1
149,12,1313.31,582.05,53.36,79.06,1.72,-1,-1,-1
149,24,1673.79,463.39,41.94,70.65,1.66,-1,-1,-1
150,2,1248.53,440.31,37.47,73.11,1.59,-1,-1,-1
150,5,552.33,487.20,69.02,68.05,1.71,-1,-1,-1
150,6,831.59,476.53,29.85,75.74,1.68,-1,-1,-1
150,7,1480.15,572.56,44.26,91.07,1.72,-1,-1,-1
150,11,658.96,689.94,67.69,93.99,1.73,-1,-1,-1
150,13,752.53,425.36,32.39,61.20,1.70,-1,-1,-1
150,14,1238.11,450.77,28.80,67.70,1.61,-1,-1,-1
150,15,1382.76,359.52,32.81,48.47,1.62,-1,-1,-1
150,22,635.31,433.90,37.78,58.17,1.70,-1,-1,-1
150,23,685.60,938.69,104.18,139.09,1.74,-1,-1,-1
150,4,1752.77,524.10,52.33,78.35,1.70,-1,-1,-1
150,12,1313.75,581.46,48.10,79.64,1.70,-1,-1,-1
150,24,1685.67,464.24,39.98,70.84,1.72,-1,-1,-1
151,2,1254.33,439.53,40.07,76.38,1.61,-1,-1,-1
151,5,558.11,486.67,64.59,66.33,1.72,-1,-1,-1
151,6,842.51,474.35,31.27,76.08,1.68,-1,-1,-1
151,7,1488.26,576.10,48.16,88.88,1.72,-1,-1,-1
151,11,641.82,688.80,70.46,94.16,1.72,-1,-1,-1
151,13,752.66,425.06,33.64,61.89,1.70,-1,-1,-1
151,14,1244.80,449.11,27.09,69.22,1.60,-1,-1,-1
151,15,1390.18,360.49,26.96,47.75,1.59,-1,-1,-1
151,22,644.62,433.77,39.18,57.80,1.71,-1,-1,-1
151,23,687.53,937.89,99.56,138.32,1.73,-1,-1,-1
151,4,1763.85,525.80,43.95,77.04,1.71,-1,-1,-1
151,12,1316.24,579.54,56.74,81.16,1.72,-1,-1,-1
151,24,1695.30,465.16,40.74,70.78,1.72,-1,-1,-1
152,2,1263.16,440.57,39.02,74.52,1.64,-1,-1,-1
152,5,560.88,484.90,62.11,68.73,1.74,-1,-1,-1
152,6,853.55,473.07,34.17,77.60,1.68,-1,-1,-1
152,7,1497.54,578.80,51.01,86.47,1.72,-1,-1,-1
152,11,635.75,684.23,80.82,99.76,1.72,-1,-1,-1
152,13,759.38,424.29,25.88,62.92,1.67,-1,-1,-1
152,14,1248.83,448.56,29.81,69.35,1.52,-1,-1,-1
152,15,1391.77,361.01,27.34,47.46,1.57,-1,-1,-1
152,22,655.04,433.37,38.91,58.07,1.71,-1,-1,-1
152,23,690.07,935.46,93.73,139.86,1.72,-1,-1,-1
152,4,1773.53,527.83,36.97,76.06,1.68,-1,-1,-1
152,12,1318.87,577.97,60.60,83.06,1.73,-1,-1,-1
152,24,1704.16,465.63,41.87,69.95,1.71,-1,-1,-1
153,2,1275.03,440.20,32.40,73.46,1.67,-1,-1,-1
153,5,565.16,484.49,56.16,72.17,1.70,-1,-1,-1
153,6,864.32,472.41,36.29,78.32,1.67,-1,-1,-1
153,7,1508.23,580.72,50.32,84.64,1.72,-1,-1,-1
153,11,629.11,680.79,90.28,100.77,1.72,-1,-1,-1
153,13,760.38,423.46,32.14,64.95,1.67,-1,-1,-1
153,14,1248.83,447.90,37.44,70.36,1.67,-1,-1,-1
153,15,1397.14,360.03,26.01,47.77,1.49,-1,-1,-1
153,22,663.58,431.43,39.56,60.33,1.71,-1,-1,-1
153,23,694.02,932.00,98.20,144.77,1.71,-1,-1,-1
153,4,1777.74,528.25,34.44,76.61,1.66,-1,-1,-1
153,12,1322.79,578.27,62.00,79.16,1.73,-1,-1,-1
153,24,1712.72,466.84,44.76,69.48,1.69,-1,-1,-1
154,2,1284.96,439.64,28.61,75.94,1.63,-1,-1,-1
154,5,564.32,484.22,47.09,72.56,1.67,-1,-1,-1
154,6,875.92,472.89,36.77,76.34,1.67,-1,-1,-1
154,7,1518.03,581.87,50.34,84.06,1.72,-1,-1,-1
154,11,627.11,677.91,92.81,94.23,1.74,-1,-1,-1
154,13,767.24,422.88,33.33,64.34,1.69,-1,-1,-1
154,14,1247.81,448.04,48.32,70.90,1.71,-1,-1,-1
154,15,1401.99,359.46,30.36,48.24,1.58,-1,-1,-1
154,22,673.09,429.95,38.34,61.46,1.70,-1,-1,-1
154,23,701.16,931.23,94.21,145.48,1.73,-1,-1,-1
154,4,1783.06,528.15,37.91,76.77,1.62,-1,-1,-1
154,12,1328.08,578.16,61.48,81.09,1.74,-1,-1,-1
154,24,1720.50,467.93,44.63,69.06,1.70,-1,-1,-1
155,2,1294.52,439.59,26.03,73.87,1.62,-1,-1,-1
155,5,567.65,484.91,40.36,72.01,1.68,-1,-1,-1
155,6,889.24,474.36,37.38,74.40,1.68,-1,-1,-1
155,7,1526.81,582.33,50.58,85.24,1.71,-1,-1,-1
155,11,634.31,676.68,77.97,96.28,1.72,-1,-1,-1
155,13,770.99,423.23,37.19,65.79,1.68,-1,-1,-1
155,14,1250.40,449.37,53.94,69.68,1.71,-1,-1,-1
155,15,1412.82,359.05,27.73,48.70,1.53,-1,-1,-1
155,22,682.36,429.18,37.29,59.40,1.70,-1,-1,-1
155,23,707.46,930.03,93.59,145.04,1.73,-1,-1,-1
155,4,1792.60,527.49,40.35,78.80,1.69,-1,-1,-1
155,12,1333.37,578.86,57.46,79.52,1.72,-1,-1,-1
155,24,1728.09,468.78,45.81,68.65,1.69,-1,-1,-1
156,2,1305.17,439.80,22.41,73.07,1.62,-1,-1,-1
156,5,564.21,483.30,52.96,73.55,1.68,-1,-1,-1
156,6,903.57,475.84,39.24,72.63,1.68,-1,-1,-1
156,7,1536.48,583.00,49.40,84.69,1.71,-1,-1,-1
156,11,639.20,674.91,60.49,96.72,1.73,-1,-1,-1
156,13,778.05,423.54,38.39,65.00,1.70,-1,-1,-1
156,14,1257.17,451.37,53.29,69.02,1.72,-1,-1,-1
156,15,1417.57,358.79,34.64,49.18,1.58,-1,-1,-1
156,22,694.47,428.27,34.25,58.45,1.70,-1,-1,-1
156,23,716.50,930.28,87.76,144.65,1.75,-1,-1,-1
156,4,1796.23,527.33,46.86,79.25,1.72,-1,-1,-1
156,12,1335.78,580.51,53.47,79.76,1.71,-1,-1,-1
156,24,1736.09,469.80,44.50,67.05,1.69,-1,-1,-1
157,2,1314.48,440.32,23.14,73.09,1.61,-1,-1,-1
157,5,567.46,482.10,59.93,72.19,1.73,-1,-1,-1
157,6,916.83,478.37,39.90,69.87,1.68,-1,-1,-1
157,7,1546.05,583.52,47.27,85.19,1.71,-1,-1,-1
157,11,637.42,673.64,48.03,97.41,1.72,-1,-1,-1
157,13,784.99,425.09,39.42,64.17,1.72,-1,-1,-1
157,14,1266.91,452.91,50.76,69.08,1.70,-1,-1,-1
157,15,1424.96,359.69,36.23,47.89,1.59,-1,-1,-1
157,22,704.10,426.96,37.80,58.51,1.71,-1,-1,-1
157,23,726.14,930.11,77.91,142.77,1.72,-1,-1,-1
157,4,1799.05,527.39,55.99,79.48,1.72,-1,-1,-1
157,12,1333.37,582.04,53.17,78.98,1.68,-1,-1,-1
157,24,1744.81,469.51,43.51,68.22,1.71,-1,-1,-1
158,2,1323.94,441.45,24.70,71.98,1.62,-1,-1,-1
158,5,572.53,482.38,64.67,71.00,1.70,-1,-1,-1
158,6,929.60,480.09,39.22,69.68,1.68,-1,-1,-1
158,7,1554.67,584.74,44.75,84.39,1.71,-1,-1,-1
158,11,635.37,671.40,57.74,97.89,1.70,-1,-1,-1
158,13,797.23,427.16,33.38,62.29,1.68,-1,-1,-1
158,14,1279.08,453.86,43.67,67.61,1.70,-1,-1,-1
158,15,1433.00,360.13,37.36,48.75,1.38,-1,-1,-1
158,22,713.55,425.96,39.60,60.37,1.70,-1,-1,-1
158,23,735.34,929.95,65.36,141.37,1.71,-1,-1,-1
158,4,1807.67,528.62,55.79,79.98,1.72,-1,-1,-1
158,12,1335.19,581.75,55.51,79.51,1.70,-1,-1,-1
158,24,1753.28,469.23,47.15,69.60,1.71,-1,-1,-1
159,2,1333.63,442.13,26.59,72.84,1.63,-1,-1,-1
159,5,578.51,482.71,61.39,72.20,1.74,-1,-1,-1
159,6,943.59,480.25,39.84,69.32,1.70,-1,-1,-1
159,7,1565.34,586.02,38.78,83.83,1.70,-1,-1,-1
159,11,623.72,668.13,76.91,98.86,1.72,-1,-1,-1
159,13,807.38,427.96,28.92,62.31,1.65,-1,-1,-1
159,14,1291.75,454.95,33.86,67.68,1.67,-1,-1,-1
159,15,1442.46,361.82,33.26,48.90,0.81,-1,-1,-1
159,22,727.01,425.17,40.41,60.04,1.69,-1,-1,-1
159,23,743.77,928.75,54.16,140.51,1.71,-1,-1,-1
159,4,1820.70,531.46,49.82,78.91,1.72,-1,-1,-1
159,12,1341.05,580.65,60.34,79.35,1.72,-1,-1,-1
159,24,1763.86,468.54,47.87,71.89,1.01,-1,-1,-1
160,2,1337.85,443.39,35.46,71.61,1.67,-1,-1,-1
160,5,590.17,483.61,50.41,73.48,1.73,-1,-1,-1
160,6,958.18,479.85,38.88,69.59,1.69,-1,-1,-1
160,7,1574.68,586.93,39.89,83.11,1.69,-1,-1,-1
160,11,625.77,666.87,77.50,92.81,1.74,-1,-1,-1
160,13,815.31,428.08,25.41,62.26,1.64,-1,-1,-1
160,14,1296.82,453.53,35.41,70.66,1.66,-1,-1,-1
160,15,1454.40,363.81,27.36,46.39,1.25,-1,-1,-1
160,22,739.97,424.39,40.62,60.02,1.70,-1,-1,-1
160,23,749.56,925.13,59.53,145.84,1.69,-1,-1,-1
160,4,1834.61,534.13,42.04,77.62,1.70,-1,-1,-1
160,12,1347.15,580.01,63.12,81.04,1.71,-1,-1,-1
160,24,1775.90,468.15,47.82,74.33,0.30,-1,-1,-1
160,25,1.76,567.96,57.74,98.10,1.71,-1,-1,-1
161,2,1348.40,444.31,38.33,70.86,1.66,-1,-1,-1
161,5,592.39,484.16,47.72,73.67,1.73,-1,-1,-1
161,6,971.93,477.70,38.17,72.52,1.68,-1,-1,-1
161,7,1582.08,586.80,44.25,84.11,1.70,-1,-1,-1
161,11,624.55,665.06,78.47,91.42,1.75,-1,-1,-1
161,13,823.71,426.92,25.48,62.25,1.63,-1,-1,-1
161,14,1312.70,453.42,31.00,71.03,1.65,-1,-1,-1
161,15,1464.41,364.26,23.26,50.00,0.65,-1,-1,-1
161,22,753.20,424.09,40.08,59.12,1.71,-1,-1,-1
161,23,754.76,921.36,68.48,149.57,1.70,-1,-1,-1
161,4,1842.25,536.12,38.65,77.05,1.69,-1,-1,-1
161,12,1353.84,580.00,63.98,81.23,1.72,-1,-1,-1
161,24,1787.87,469.89,47.72,72.14,1.70,-1,-1,-1
161,25,20.46,568.60,57.19,95.95,1.70,-1,-1,-1
162,2,1359.82,445.50,39.83,70.30,1.68,-1,-1,-1
162,5,592.86,484.75,47.72,72.02,1.70,-1,-1,-1
162,6,985.33,476.59,36.70,74.24,1.68,-1,-1,-1
162,7,1591.18,585.85,48.75,85.95,1.71,-1,-1,-1
162,11,631.84,664.31,66.59,93.68,1.74,-1,-1,-1
162,13,831.92,425.90,32.37,63.20,1.66,-1,-1,-1
162,14,1321.79,453.70,33.04,71.47,1.67,-1,-1,-1
162,15,1473.94,364.81,20.77,50.89,0.96,-1,-1,-1
162,22,768.21,424.71,37.42,58.40,1.71,-1,-1,-1
162,23,759.56,917.16,73.92,152.59,1.71,-1,-1,-1
162,4,1851.16,537.64,38.30,76.59,1.69,-1,-1,-1
162,12,1361.49,581.30,60.90,81.48,1.73,-1,-1,-1
162,24,1799.01,471.56,49.26,71.75,1.25,-1,-1,-1
162,25,39.34,569.72,53.76,94.65,1.70,-1,-1,-1
163,2,1373.58,446.35,39.52,70.45,1.68,-1,-1,-1
163,5,597.03,484.28,58.09,72.13,1.73,-1,-1,-1
163,6,999.13,475.26,34.68,75.50,1.68,-1,-1,-1
163,7,1601.13,584.83,51.08,87.33,1.71,-1,-1,-1
163,11,634.16,663.09,56.22,93.04,1.73,-1,-1,-1
163,13,839.67,425.63,37.58,66.10,1.67,-1,-1,-1
163,14,1327.48,453.99,38.00,72.75,1.66,-1,-1,-1
163,22,781.53,425.42,36.26,57.05,1.69,-1,-1,-1
163,23,759.81,914.57,82.00,151.00,1.72,-1,-1,-1
163,4,1859.19,537.89,42.38,76.84,1.67,-1,-1,-1
163,12,1371.22,583.90,53.21,78.79,1.73,-1,-1,-1
163,24,1808.29,473.20,47.65,70.47,1.35,-1,-1,-1
163,25,55.98,569.96,49.54,94.01,1.70,-1,-1,-1
164,2,1385.73,447.01,39.35,70.88,1.68,-1,-1,-1
164,5,601.65,482.06,63.17,72.06,1.73,-1,-1,-1
164,6,1012.02,473.93,34.75,77.00,1.68,-1,-1,-1
164,7,1612.28,585.20,50.67,87.63,1.72,-1,-1,-1
164,11,624.81,659.45,58.32,95.77,1.71,-1,-1,-1
164,13,848.55,426.07,40.09,63.25,1.68,-1,-1,-1
164,14,1333.91,455.45,42.41,72.15,1.69,-1,-1,-1
164,22,794.51,425.15,37.39,58.02,1.70,-1,-1,-1
164,23,767.70,913.99,82.43,149.99,1.73,-1,-1,-1
164,4,1872.46,538.04,40.66,79.11,1.69,-1,-1,-1
164,12,1377.68,584.88,46.36,78.16,1.72,-1,-1,-1
164,24,1818.34,475.05,43.67,69.13,1.70,-1,-1,-1
164,25,72.40,568.77,47.54,94.65,1.68,-1,-1,-1
164,15,1491.61,364.32,27.64,50.12,1.38,-1,-1,-1
165,2,1399.84,447.67,38.48,70.37,1.70,-1,-1,-1
165,5,609.77,481.44,62.72,71.68,1.74,-1,-1,-1
165,6,1026.86,474.22,29.97,76.33,1.68,-1,-1,-1
165,7,1622.23,586.06,52.46,87.92,1.72,-1,-1,-1
165,11,623.57,655.30,70.59,98.95,1.74,-1,-1,-1
165,13,857.42,426.77,40.10,63.35,1.67,-1,-1,-1
165,14,1343.79,457.73,42.75,70.51,1.68,-1,-1,-1
165,22,806.29,425.10,34.55,58.29,1.69,-1,-1,-1
165,23,779.77,914.10,76.71,149.98,1.73,-1,-1,-1
165,4,1877.53,539.00,43.12,79.93,1.70,-1,-1,-1
165,12,1379.49,583.90,42.54,80.02,1.69,-1,-1,-1
165,24,1823.96,476.87,44.18,68.50,0.61,-1,-1,-1
165,25,88.27,568.50,45.18,96.52,1.68,-1,-1,-1
165,15,1497.10,364.76,33.62,48.50,1.52,-1,-1,-1
166,2,1414.08,448.34,34.96,70.81,1.69,-1,-1,-1
166,5,616.44,482.03,60.09,73.17,1.72,-1,-1,-1
166,6,1040.17,475.16,29.37,75.79,1.69,-1,-1,-1
166,7,1633.04,587.46,52.47,89.48,1.72,-1,-1,-1
166,11,625.05,651.39,75.82,95.42,1.74,-1,-1,-1
166,13,871.06,428.76,37.13,63.66,1.68,-1,-1,-1
166,14,1357.45,459.54,38.37,69.54,1.69,-1,-1,-1
166,22,817.12,423.57,31.67,59.84,1.68,-1,-1,-1
166,23,788.51,915.67,69.83,147.22,1.73,-1,-1,-1
166,4,1884.50,540.42,35.97,80.13,1.68,-1,-1,-1
166,12,1382.62,583.49,46.27,81.07,1.69,-1,-1,-1
166,25,104.74,567.55,45.86,97.12,1.67,-1,-1,-1
166,15,1505.74,366.48,36.45,48.31,1.41,-1,-1,-1
167,2,1427.53,448.55,31.06,71.33,1.67,-1,-1,-1
167,5,626.35,482.61,50.83,73.18,1.72,-1,-1,-1
167,6,1052.50,476.47,28.81,74.66,1.69,-1,-1,-1
167,7,1642.48,589.14,49.68,88.58,1.71,-1,-1,-1
167,11,628.26,648.06,77.07,95.94,1.74,-1,-1,-1
167,13,884.14,429.79,32.40,63.52,1.66,-1,-1,-1
167,14,1368.32,460.73,38.00,68.76,1.69,-1,-1,-1
167,22,831.88,422.23,30.49,60.15,1.67,-1,-1,-1
167,23,794.76,915.90,63.08,144.98,1.72,-1,-1,-1
167,4,1896.58,542.48,23.50,80.34,1.46,-1,-1,-1
167,12,1385.50,581.95,52.69,80.05,1.71,-1,-1,-1
167,25,120.36,568.13,44.92,97.08,1.68,-1,-1,-1
167,15,1514.40,368.15,35.76,47.16,1.60,-1,-1,-1
168,2,1439.37,449.32,28.91,70.82,1.68,-1,-1,-1
168,5,632.54,484.16,39.16,71.87,1.70,-1,-1,-1
168,6,1064.69,478.15,30.95,73.94,1.69,-1,-1,-1
168,7,1650.59,592.17,45.33,86.53,1.72,-1,-1,-1
168,11,628.33,646.35,74.94,94.89,1.75,-1,-1,-1
168,13,890.87,431.53,31.82,60.88,1.66,-1,-1,-1
168,14,1376.70,461.47,39.41,68.23,1.70,-1,-1,-1
168,22,842.83,420.24,33.82,61.50,1.67,-1,-1,-1
168,23,800.08,914.23,55.51,145.34,1.72,-1,-1,-1
168,12,1392.66,582.05,56.58,80.41,1.72,-1,-1,-1
168,25,136.33,569.75,43.88,95.71,1.69,-1,-1,-1
168,15,1526.21,369.12,31.35,46.97,1.55,-1,-1,-1
169,2,1450.86,449.60,25.00,70.91,1.66,-1,-1,-1
169,5,630.77,484.69,40.84,70.63,1.70,-1,-1,-1
169,6,1072.68,481.05,36.57,71.66,1.70,-1,-1,-1
169,7,1655.08,593.23,42.40,85.92,1.71,-1,-1,-1
169,11,636.61,645.76,58.52,96.96,1.72,-1,-1,-1
169,13,901.92,431.57,25.02,61.85,1.63,-1,-1,-1
169,14,1385.48,461.17,39.07,68.79,1.69,-1,-1,-1
169,22,854.56,419.94,32.35,62.97,1.65,-1,-1,-1
169,23,803.37,911.86,58.88,146.13,1.71,-1,-1,-1
169,12,1391.46,582.22,62.25,81.44,1.73,-1,-1,-1
169,25,151.22,571.55,40.63,94.54,1.71,-1,-1,-1
169,15,1536.17,370.21,28.58,46.57,1.33,-1,-1,-1
170,2,1459.70,450.18,26.41,70.86,1.66,-1,-1,-1
170,5,631.38,484.31,51.33,70.76,1.72,-1,-1,-1
170,6,1080.08,483.05,40.27,71.67,1.70,-1,-1,-1
170,7,1658.51,594.52,46.44,85.38,1.71,-1,-1,-1
170,11,641.76,642.96,45.61,98.08,1.71,-1,-1,-1
170,13,907.85,430.42,26.49,62.91,1.64,-1,-1,-1
170,14,1394.47,460.70,39.87,69.62,1.69,-1,-1,-1
170,22,864.72,419.43,33.84,62.43,1.68,-1,-1,-1
170,23,806.14,909.40,64.84,147.08,1.72,-1,-1,-1
170,12,1391.80,583.80,64.50,81.00,1.74,-1,-1,-1
170,25,165.52,573.62,40.78,91.49,1.70,-1,-1,-1
170,15,1545.69,370.60,23.32,46.19,0.56,-1,-1,-1
171,2,1470.59,450.74,25.20,71.37,1.65,-1,-1,-1
171,5,633.14,483.02,56.33,69.94,1.72,-1,-1,-1
171,6,1088.76,484.39,44.23,70.66,1.70,-1,-1,-1
171,7,1665.51,593.73,47.45,87.64,1.71,-1,-1,-1
171,11,640.03,640.54,36.95,98.72,1.69,-1,-1,-1
171,13,914.03,429.80,30.39,63.74,1.65,-1,-1,-1
171,14,1403.45,459.79,40.67,71.01,1.69,-1,-1,-1
171,22,874.78,419.77,30.28,59.77,1.67,-1,-1,-1
171,23,807.81,908.13,71.35,146.56,1.72,-1,-1,-1
171,12,1399.98,585.19,53.81,78.60,1.73,-1,-1,-1
171,25,178.34,574.01,40.28,91.13,1.70,-1,-1,-1
171,15,1553.87,369.97,22.31,46.78,0.80,-1,-1,-1
171,26,7.15,456.30,35.11,68.20,1.69,-1,-1,-1
172,2,1477.96,451.07,26.64,70.97,1.67,-1,-1,-1
172,5,635.27,482.85,60.83,69.69,1.74,-1,-1,-1
172,6,1099.20,485.52,44.54,70.59,1.70,-1,-1,-1
172,7,1671.60,593.57,49.86,90.62,1.72,-1,-1,-1
172,11,634.44,637.67,49.07,99.11,1.70,-1,-1,-1
172,13,923.35,429.20,29.20,63.82,1.67,-1,-1,-1
172,14,1415.37,459.44,38.17,72.00,1.69,-1,-1,-1
172,22,884.39,420.67,29.89,58.86,1.66,-1,-1,-1
172,23,811.99,907.61,69.23,148.72,1.72,-1,-1,-1
172,12,1396.47,587.00,51.87,77.50,1.71,-1,-1,-1
172,25,190.23,573.60,41.34,91.08,1.70,-1,-1,-1
172,26,24.04,456.26,34.63,67.06,1.69,-1,-1,-1
173,2,1480.73,452.25,32.77,70.51,1.68,-1,-1,-1
173,5,637.79,483.66,59.26,69.63,1.75,-1,-1,-1
173,6,1107.95,486.31,44.71,70.35,1.70,-1,-1,-1
173,7,1677.45,594.65,51.59,90.89,1.73,-1,-1,-1
173,11,631.74,636.44,57.02,93.67,1.72,-1,-1,-1
173,13,925.99,429.57,34.86,63.72,1.67,-1,-1,-1
173,14,1425.94,460.55,36.65,72.43,1.68,-1,-1,-1
173,22,894.73,421.10,27.03,58.79,1.65,-1,-1,-1
173,23,815.36,908.72,65.68,147.15,1.73,-1,-1,-1
173,12,1394.70,586.86,49.22,77.33,1.70,-1,-1,-1
173,25,199.83,572.68,42.94,93.44,1.70,-1,-1,-1
173,26,39.69,456.19,33.70,67.86,1.68,-1,-1,-1
173,4,1892.57,483.61,27.29,70.83,0.74,-1,-1,-1
173,15,1570.68,369.89,19.75,47.86,0.81,-1,-1,-1
174,2,1487.86,452.55,33.67,70.81,1.69,-1,-1,-1
174,5,645.99,484.85,49.12,70.41,1.73,-1,-1,-1
174,6,1118.82,486.65,40.78,70.37,1.71,-1,-1,-1
174,7,1682.12,595.40,52.21,90.96,1.73,-1,-1,-1
174,11,622.50,635.17,70.36,94.47,1.73,-1,-1,-1
174,13,928.22,430.40,39.35,62.81,1.71,-1,-1,-1
174,14,1436.73,462.03,33.60,72.71,1.68,-1,-1,-1
174,22,902.84,421.06,23.26,58.77,1.63,-1,-1,-1
174,23,819.46,910.14,60.29,146.27,1.71,-1,-1,-1
174,12,1398.22,585.30,47.34,79.24,1.70,-1,-1,-1
174,25,208.46,572.83,49.46,93.92,1.70,-1,-1,-1
174,26,54.70,456.08,33.54,67.49,1.68,-1,-1,-1
174,4,1895.60,484.60,25.08,70.68,1.54,-1,-1,-1
175,2,1493.91,454.27,36.16,68.85,1.68,-1,-1,-1
175,5,644.50,485.83,42.56,69.75,1.70,-1,-1,-1
175,6,1126.97,487.52,40.13,70.11,1.71,-1,-1,-1
175,7,1687.09,597.24,47.82,89.86,1.73,-1,-1,-1
175,11,614.63,634.81,77.31,91.56,1.73,-1,-1,-1
175,13,936.34,431.92,38.65,61.29,1.71,-1,-1,-1
175,14,1445.80,463.64,31.93,72.49,1.67,-1,-1,-1
175,22,910.68,419.96,24.41,59.43,1.67,-1,-1,-1
175,23,824.38,910.41,57.12,144.99,1.71,-1,-1,-1
175,12,1400.89,584.40,50.75,79.27,1.70,-1,-1,-1
175,25,216.80,573.26,53.13,95.24,1.70,-1,-1,-1
175,26,68.22,455.94,35.82,66.75,1.67,-1,-1,-1
175,4,1897.23,484.32,23.30,64.08,1.62,-1,-1,-1
176,2,1502.56,454.73,36.20,69.26,1.70,-1,-1,-1
176,5,639.97,485.97,40.44,70.02,1.68,-1,-1,-1
176,6,1134.86,488.59,37.72,69.67,1.70,-1,-1,-1
176,7,1690.81,599.17,41.99,87.91,1.72,-1,-1,-1
176,11,615.11,635.83,72.06,90.56,1.73,-1,-1,-1
176,13,944.17,433.14,32.25,60.46,1.67,-1,-1,-1
176,14,1453.45,465.07,31.13,71.59,1.66,-1,-1,-1
176,22,915.91,418.88,27.40,61.87,1.65,-1,-1,-1
176,23,828.03,908.73,55.61,147.33,1.71,-1,-1,-1
176,12,1402.16,584.12,52.56,83.54,1.71,-1,-1,-1
176,25,226.26,574.79,51.57,94.36,1.71,-1,-1,-1
176,26,81.89,456.68,34.88,66.59,1.68,-1,-1,-1
176,4,1897.98,483.41,22.46,66.40,1.58,-1,-1,-1
176,15,1582.06,372.74,24.89,48.99,1.33,-1,-1,-1
177,2,1508.20,455.52,37.84,69.84,1.67,-1,-1,-1
177,5,639.21,484.73,48.33,69.74,1.73,-1,-1,-1
177,6,1141.76,490.01,35.43,68.29,1.69,-1,-1,-1
177,7,1695.69,599.93,34.45,88.51,1.70,-1,-1,-1
177,11,623.37,635.10,55.42,90.46,1.72,-1,-1,-1
177,13,949.76,432.94,27.93,60.52,1.66,-1,-1,-1
177,14,1462.12,465.82,29.82,71.66,1.66,-1,-1,-1
177,22,920.87,417.54,29.90,60.22,1.66,-1,-1,-1
177,23,830.28,906.61,55.63,148.40,1.71,-1,-1,-1
177,12,1399.11,584.68,58.26,82.96,1.72,-1,-1,-1
177,25,234.45,576.06,51.33,92.14,1.71,-1,-1,-1
177,26,94.66,457.00,36.09,67.06,1.66,-1,-1,-1
177,4,1903.13,482.65,17.38,69.64,1.30,-1,-1,-1
177,15,1585.00,375.13,26.28,45.82,1.52,-1,-1,-1
178,2,1514.36,455.42,38.77,69.94,1.68,-1,-1,-1
178,5,639.65,483.62,52.09,70.55,1.73,-1,-1,-1
178,6,1146.39,491.01,35.62,67.16,1.69,-1,-1,-1
178,7,1698.07,599.64,33.25,88.37,1.67,-1,-1,-1
178,11,623.29,631.98,42.97,92.77,1.70,-1,-1,-1
178,13,956.12,432.47,21.00,61.29,1.60,-1,-1,-1
178,14,1466.24,466.13,31.54,73.42,1.68,-1,-1,-1
178,22,927.94,417.66,30.32,59.06,1.67,-1,-1,-1
178,23,822.31,904.38,63.84,147.34,1.73,-1,-1,-1
178,12,1400.12,586.11,56.50,84.29,1.72,-1,-1,-1
178,25,242.14,577.09,46.58,90.67,1.71,-1,-1,-1
178,26,105.78,458.27,35.92,65.85,1.67,-1,-1,-1
178,4,1903.67,482.52,16.65,71.55,1.27,-1,-1,-1
178,15,1585.93,375.43,31.09,46.88,1.50,-1,-1,-1
179,2,1520.79,455.53,37.71,70.43,1.70,-1,-1,-1
179,5,636.39,482.88,56.73,69.82,1.73,-1,-1,-1
179,6,1150.53,492.07,32.49,67.25,1.67,-1,-1,-1
179,7,1698.38,599.04,38.37,90.00,1.71,-1,-1,-1
179,11,619.24,629.21,39.97,93.01,1.70,-1,-1,-1
179,13,958.85,431.71,22.43,60.99,1.61,-1,-1,-1
179,14,1473.24,466.69,30.39,72.87,1.69,-1,-1,-1
179,22,931.17,417.50,31.99,58.61,1.65,-1,-1,-1
179,23,814.80,900.79,73.26,147.54,1.74,-1,-1,-1
179,12,1403.32,587.69,47.01,82.40,1.65,-1,-1,-1
179,25,246.29,576.94,46.11,90.94,1.70,-1,-1,-1
179,26,115.99,459.24,36.44,65.49,1.68,-1,-1,-1
179,4,1898.53,483.01,22.21,73.58,1.02,-1,-1,-1
179,15,1589.56,377.20,31.44,45.92,1.56,-1,-1,-1
180,2,1526.32,456.12,35.02,70.61,1.67,-1,-1,-1
180,5,632.77,482.76,59.34,72.71,1.74,-1,-1,-1
180,6,1152.20,491.74,32.01,67.25,1.70,-1,-1,-1
180,7,1695.67,598.76,43.26,89.90,1.72,-1,-1,-1
180,11,615.68,627.36,40.65,92.67,1.70,-1,-1,-1
180,13,961.52,431.29,24.65,62.13,1.60,-1,-1,-1
180,14,1477.49,466.55,30.83,74.22,1.69,-1,-1,-1
180,22,935.34,417.96,33.45,58.17,1.64,-1,-1,-1
180,23,811.86,900.84,79.49,146.43,1.75,-1,-1,-1
180,12,1402.89,589.21,37.71,81.04,1.68,-1,-1,-1
180,25,251.42,576.63,47.83,94.25,1.70,-1,-1,-1
180,26,126.38,460.31,35.07,64.76,1.69,-1,-1,-1
180,4,1899.20,484.07,21.09,73.92,0.68,-1,-1,-1
180,15,1593.38,377.84,31.34,44.98,1.55,-1,-1,-1
181,2,1531.40,456.12,33.60,70.81,1.66,-1,-1,-1
181,5,632.12,484.43,53.83,73.74,1.70,-1,-1,-1
181,6,1153.50,491.15,35.98,68.10,1.69,-1,-1,-1
181,7,1691.11,598.70,50.58,90.58,1.72,-1,-1,-1
181,11,611.77,625.80,42.55,92.02,1.71,-1,-1,-1
181,13,960.77,430.45,29.04,62.02,1.66,-1,-1,-1
181,14,1484.08,466.90,28.31,74.08,1.67,-1,-1,-1
181,22,937.62,419.51,33.31,58.35,1.61,-1,-1,-1
181,23,813.51,900.23,82.65,145.69,1.74,-1,-1,-1
181,12,1399.51,586.75,32.54,82.39,1.65,-1,-1,-1
181,25,257.59,576.33,48.36,95.53,1.71,-1,-1,-1
181,26,133.37,460.24,38.91,65.61,1.69,-1,-1,-1
181,4,1902.80,486.36,17.32,72.65,0.68,-1,-1,-1
181,15,1599.35,379.17,25.28,43.99,1.26,-1,-1,-1
182,2,1535.99,456.27,29.09,70.98,1.66,-1,-1,-1
182,5,632.85,485.62,42.88,72.78,1.66,-1,-1,-1
182,6,1155.47,489.58,37.92,70.33,1.70,-1,-1,-1
182,7,1687.86,599.02,56.08,91.13,1.74,-1,-1,-1
182,11,608.87,624.86,42.78,89.00,1.71,-1,-1,-1
182,13,962.16,430.82,30.38,60.47,1.67,-1,-1,-1
182,14,1488.50,467.88,29.10,74.06,1.70,-1,-1,-1
182,22,941.21,419.41,30.78,58.35,1.60,-1,-1,-1
182,23,818.49,900.79,78.33,144.49,1.74,-1,-1,-1
182,12,1393.17,584.71,39.61,84.65,1.70,-1,-1,-1
182,25,263.09,576.98,46.63,96.32,1.71,-1,-1,-1
182,26,141.15,460.64,40.32,65.94,1.69,-1,-1,-1
182,4,1903.52,488.25,16.92,71.13,1.35,-1,-1,-1
182,15,1602.78,379.50,24.00,44.78,0.22,-1,-1,-1
183,2,1540.27,456.72,26.62,70.65,1.67,-1,-1,-1
183,5,629.08,486.28,32.37,71.90,1.62,-1,-1,-1
183,6,1158.79,488.69,38.90,71.80,1.69,-1,-1,-1
183,7,1691.09,600.36,53.59,90.92,1.72,-1,-1,-1
183,11,603.73,624.68,44.78,88.06,1.71,-1,-1,-1
183,13,964.87,431.15,30.03,60.73,1.68,-1,-1,-1
183,14,1493.53,468.24,26.68,75.36,1.69,-1,-1,-1
183,22,943.67,419.05,28.18,59.55,1.63,-1,-1,-1
183,23,822.19,900.50,73.16,142.30,1.73,-1,-1,-1
183,12,1390.53,583.78,43.97,83.85,1.70,-1,-1,-1
183,25,270.12,578.74,40.45,95.56,1.70,-1,-1,-1
183,26,148.43,460.54,41.87,65.23,1.70,-1,-1,-1
183,4,1898.68,488.65,21.16,70.55,0.97,-1,-1,-1
183,15,1606.21,379.91,21.30,44.67,1.52,-1,-1,-1
184,2,1543.93,456.79,25.79,70.06,1.67,-1,-1,-1
184,5,623.50,485.94,39.40,71.94,1.69,-1,-1,-1
184,6,1160.52,488.17,40.51,72.93,1.71,-1,-1,-1
184,7,1695.75,602.04,44.59,89.25,1.72,-1,-1,-1
184,11,597.85,623.52,45.65,87.96,1.71,-1,-1,-1
184,13,967.56,432.36,29.42,60.87,1.67,-1,-1,-1
184,14,1497.29,470.06,27.33,73.52,1.69,-1,-1,-1
184,22,945.27,417.80,27.14,59.65,1.62,-1,-1,-1
184,23,820.35,899.43,69.99,141.97,1.72,-1,-1,-1
184,12,1384.42,583.82,51.81,84.08,1.69,-1,-1,-1
184,25,274.98,581.69,39.35,93.14,1.70,-1,-1,-1
184,26,154.39,460.45,40.31,65.82,1.69,-1,-1,-1
184,4,1895.94,488.15,24.49,61.94,1.34,-1,-1,-1
184,15,1607.82,378.22,23.41,46.39,1.41,-1,-1,-1
185,2,1544.46,457.22,28.92,70.04,1.67,-1,-1,-1
185,5,617.60,485.17,46.06,71.32,1.70,-1,-1,-1
185,6,1162.15,488.05,42.14,73.19,1.72,-1,-1,-1
185,7,1694.00,602.80,41.73,88.37,1.70,-1,-1,-1
185,11,584.00,621.43,58.45,88.14,1.72,-1,-1,-1
185,13,971.39,432.74,24.78,59.69,1.63,-1,-1,-1
185,14,1502.16,471.11,26.60,72.53,1.66,-1,-1,-1
185,22,948.80,416.21,27.93,60.88,1.62,-1,-1,-1
185,23,819.52,896.85,65.05,143.43,1.72,-1,-1,-1
185,12,1374.03,584.23,59.87,84.45,1.71,-1,-1,-1
185,25,279.50,582.47,39.77,90.74,1.70,-1,-1,-1
185,26,159.58,458.63,37.46,66.32,1.70,-1,-1,-1
185,4,1894.31,486.84,25.75,68.98,0.64,-1,-1,-1
185,15,1608.98,377.97,22.77,45.95,1.57,-1,-1,-1
186,2,1546.38,457.33,30.64,70.46,1.65,-1,-1,-1
186,5,607.13,485.01,54.79,72.21,1.72,-1,-1,-1
186,6,1163.67,489.39,41.78,71.82,1.72,-1,-1,-1
186,7,1689.85,602.44,38.90,88.41,1.70,-1,-1,-1
186,11,576.94,621.11,67.03,86.72,1.73,-1,-1,-1
186,13,974.51,432.60,19.80,58.30,1.56,-1,-1,-1
186,14,1505.61,471.61,26.90,72.14,1.66,-1,-1,-1
186,22,951.91,414.73,26.81,59.41,1.62,-1,-1,-1
186,23,821.12,894.69,61.51,144.02,1.72,-1,-1,-1
186,12,1369.30,585.02,63.29,86.51,1.72,-1,-1,-1
186,25,282.00,582.64,37.74,91.35,1.70,-1,-1,-1
186,26,164.29,457.89,34.36,66.61,1.69,-1,-1,-1
186,4,1893.15,485.67,27.15,71.03,0.78,-1,-1,-1
186,15,1610.61,377.62,22.82,45.65,1.55,-1,-1,-1
187,2,1548.24,457.28,33.45,70.20,1.67,-1,-1,-1
187,5,601.39,485.25,55.26,73.47,1.71,-1,-1,-1
187,6,1166.67,490.43,41.05,71.82,1.71,-1,-1,-1
187,7,1688.21,601.58,39.05,89.22,1.70,-1,-1,-1
187,11,575.67,620.83,64.66,84.25,1.73,-1,-1,-1
187,13,975.55,431.42,17.80,60.61,1.57,-1,-1,-1
187,14,1511.39,471.44,24.53,72.06,1.67,-1,-1,-1
187,22,953.55,413.53,27.09,58.37,1.66,-1,-1,-1
187,23,822.34,892.59,60.02,145.42,1.73,-1,-1,-1
187,12,1372.22,587.10,50.71,84.14,1.72,-1,-1,-1
187,25,281.41,581.60,44.51,92.74,1.71,-1,-1,-1
187,26,169.08,457.54,32.75,67.63,1.67,-1,-1,-1
187,4,1889.37,484.32,31.18,73.88,0.36,-1,-1,-1
187,15,1612.12,376.87,24.28,45.20,1.58,-1,-1,-1
188,2,1550.43,457.33,32.16,69.71,1.68,-1,-1,-1
188,5,601.49,485.85,44.41,73.61,1.68,-1,-1,-1
188,6,1166.63,491.45,39.30,69.96,1.70,-1,-1,-1
188,7,1684.93,600.20,40.69,91.95,1.71,-1,-1,-1
188,11,579.29,620.01,52.99,82.60,1.72,-1,-1,-1
188,13,976.29,429.52,21.14,61.30,1.62,-1,-1,-1
188,14,1514.31,471.15,24.82,71.70,1.65,-1,-1,-1
188,22,954.52,413.11,28.31,57.41,1.63,-1,-1,-1
188,23,823.80,890.90,58.73,144.90,1.73,-1,-1,-1
188,12,1363.35,587.56,48.97,82.61,1.70,-1,-1,-1
188,25,282.36,581.04,48.21,94.75,1.71,-1,-1,-1
188,26,170.11,457.09,37.75,64.33,1.62,-1,-1,-1
188,4,1883.29,483.82,37.53,74.13,0.44,-1,-1,-1
188,15,1612.35,376.65,24.95,46.64,1.57,-1,-1,-1
189,2,1551.86,457.09,31.76,69.37,1.68,-1,-1,-1
189,5,600.94,487.78,37.07,70.91,1.58,-1,-1,-1
189,6,1162.35,491.53,39.51,68.87,1.70,-1,-1,-1
189,7,1681.73,599.22,44.02,93.16,1.71,-1,-1,-1
189,11,581.28,616.90,42.71,85.33,1.70,-1,-1,-1
189,13,976.03,427.99,24.31,60.75,1.65,-1,-1,-1
189,14,1518.24,469.61,25.27,73.09,1.67,-1,-1,-1
189,22,955.67,412.65,28.71,56.40,1.63,-1,-1,-1
189,23,823.82,891.21,57.70,143.14,1.73,-1,-1,-1
189,12,1359.30,586.01,41.60,84.48,1.68,-1,-1,-1
189,25,283.18,580.74,52.27,97.61,1.71,-1,-1,-1
189,26,175.09,457.34,34.96,61.16,1.69,-1,-1,-1
189,15,1612.38,376.15,25.35,47.29,1.57,-1,-1,-1
190,2,1552.85,456.69,31.98,70.65,1.68,-1,-1,-1
190,5,581.37,486.97,43.12,70.95,1.66,-1,-1,-1
190,6,1160.73,491.11,37.80,68.99,1.70,-1,-1,-1
190,7,1679.79,599.02,44.30,92.54,1.72,-1,-1,-1
190,11,578.74,613.73,40.89,87.06,1.69,-1,-1,-1
190,13,975.19,426.84,27.63,60.60,1.67,-1,-1,-1
190,14,1521.18,467.96,25.65,73.71,1.66,-1,-1,-1
190,22,955.63,412.55,28.07,57.09,1.62,-1,-1,-1
190,23,817.05,890.92,65.46,141.77,1.73,-1,-1,-1
190,12,1354.15,584.10,42.24,83.30,1.69,-1,-1,-1
190,25,284.82,581.61,50.25,96.21,1.73,-1,-1,-1
190,26,179.01,457.34,36.29,60.85,1.67,-1,-1,-1
190,15,1612.93,376.30,25.70,46.68,1.62,-1,-1,-1
190,4,1883.45,484.85,37.76,73.10,0.91,-1,-1,-1
191,2,1554.55,455.91,32.48,71.00,1.66,-1,-1,-1
191,5,575.20,484.38,50.80,72.58,1.68,-1,-1,-1
191,6,1161.79,489.58,36.40,69.52,1.70,-1,-1,-1
191,7,1678.68,599.39,43.74,92.13,1.71,-1,-1,-1
191,11,576.04,610.49,41.34,86.53,1.69,-1,-1,-1
191,13,973.96,425.89,33.09,60.38,1.68,-1,-1,-1
191,14,1523.71,466.46,26.57,74.26,1.64,-1,-1,-1
191,22,958.12,412.30,24.99,57.31,1.62,-1,-1,-1
191,23,811.31,890.78,74.19,140.70,1.73,-1,-1,-1
191,12,1347.57,582.16,46.75,83.71,1.69,-1,-1,-1
191,25,285.75,581.92,45.68,94.73,1.72,-1,-1,-1
191,26,182.67,457.04,35.35,59.62,1.68,-1,-1,-1
191,15,1608.35,377.44,29.99,46.83,1.63,-1,-1,-1
191,4,1885.33,485.79,35.04,72.51,0.49,-1,-1,-1
192,2,1558.43,455.79,30.96,71.32,1.68,-1,-1,-1
192,5,571.76,482.61,52.73,73.16,1.68,-1,-1,-1
192,6,1159.75,487.63,39.65,70.74,1.71,-1,-1,-1
192,7,1679.13,600.62,39.62,89.73,1.70,-1,-1,-1
192,11,572.32,608.74,42.23,85.61,1.70,-1,-1,-1
192,13,973.93,425.85,31.56,59.02,1.71,-1,-1,-1
192,14,1528.50,465.46,24.88,74.29,1.64,-1,-1,-1
192,22,958.95,410.41,20.28,59.21,1.65,-1,-1,-1
192,23,809.78,891.11,78.47,138.78,1.74,-1,-1,-1
192,12,1343.78,580.93,50.01,85.68,1.71,-1,-1,-1
192,25,287.64,583.03,38.87,93.16,1.71,-1,-1,-1
192,26,185.19,457.04,37.07,59.25,1.69,-1,-1,-1
192,15,1610.09,378.04,28.93,45.51,1.65,-1,-1,-1
192,4,1878.51,485.24,36.16,71.89,1.41,-1,-1,-1
193,2,1560.62,455.26,30.14,70.64,1.67,-1,-1,-1
193,5,565.20,480.88,58.20,72.65,1.70,-1,-1,-1
193,6,1159.23,486.73,40.94,73.02,1.72,-1,-1,-1
193,7,1675.14,601.24,36.46,88.79,1.70,-1,-1,-1
193,11,567.67,607.42,43.85,84.94,1.69,-1,-1,-1
193,13,975.02,425.60,29.61,59.08,1.67,-1,-1,-1
193,14,1530.49,465.84,26.06,73.37,1.66,-1,-1,-1
193,22,959.30,408.99,20.63,59.36,1.62,-1,-1,-1
193,23,811.05,890.52,79.40,137.74,1.72,-1,-1,-1
193,12,1336.83,580.95,54.94,84.92,1.73,-1,-1,-1
193,25,287.77,582.29,36.44,92.99,1.71,-1,-1,-1
193,26,189.80,456.53,34.39,59.46,1.69,-1,-1,-1
193,15,1608.95,378.51,30.50,45.28,1.67,-1,-1,-1
193,4,1872.95,484.28,32.18,70.30,1.67,-1,-1,-1
194,2,1562.10,455.21,29.83,70.47,1.65,-1,-1,-1
194,5,561.37,480.83,54.94,74.16,1.72,-1,-1,-1
194,6,1159.41,486.10,41.07,74.22,1.72,-1,-1,-1
194,7,1672.20,601.05,33.88,88.67,1.66,-1,-1,-1
194,11,563.12,607.19,45.40,83.12,1.72,-1,-1,-1
194,13,977.46,425.34,28.17,59.32,1.67,-1,-1,-1
194,14,1536.58,467.04,22.99,72.59,1.66,-1,-1,-1
194,22,959.74,407.62,22.93,57.90,1.62,-1,-1,-1
194,23,811.39,890.10,77.59,136.33,1.73,-1,-1,-1
194,12,1334.10,582.54,51.99,84.26,1.71,-1,-1,-1
194,25,287.99,580.85,38.20,95.36,1.70,-1,-1,-1
194,26,192.69,456.03,35.94,59.64,1.69,-1,-1,-1
194,15,1610.81,379.89,29.03,43.28,1.66,-1,-1,-1
194,4,1869.49,482.82,38.41,72.37,1.22,-1,-1,-1
195,2,1565.64,454.35,26.91,69.39,1.64,-1,-1,-1
195,5,561.76,480.69,45.84,72.28,1.68,-1,-1,-1
195,6,1158.22,486.10,41.74,73.91,1.72,-1,-1,-1
195,7,1668.73,599.76,35.16,89.50,1.69,-1,-1,-1
195,11,558.45,606.15,46.15,81.77,1.72,-1,-1,-1
195,13,978.50,424.67,25.27,60.05,1.63,-1,-1,-1
195,14,1537.88,467.61,25.44,72.79,1.66,-1,-1,-1
195,22,959.43,406.26,24.71,58.11,1.63,-1,-1,-1
195,23,808.22,888.64,75.93,136.17,1.73,-1,-1,-1
195,12,1330.33,583.87,46.82,81.66,1.71,-1,-1,-1
195,25,288.61,580.46,37.29,96.30,1.70,-1,-1,-1
195,26,196.62,454.95,35.15,60.71,1.70,-1,-1,-1
195,15,1613.51,379.73,25.97,43.84,1.63,-1,-1,-1
195,4,1864.13,481.16,43.11,74.51,0.25,-1,-1,-1
196,2,1566.69,453.66,26.12,70.63,1.64,-1,-1,-1
196,5,558.73,481.23,24.64,71.82,1.54,-1,-1,-1
196,6,1156.42,486.84,42.38,73.12,1.70,-1,-1,-1
196,7,1663.93,598.82,38.94,90.14,1.72,-1,-1,-1
196,11,546.72,604.72,53.90,81.46,1.73,-1,-1,-1
196,13,977.83,424.20,21.38,58.99,1.61,-1,-1,-1
196,14,1538.81,469.43,26.47,71.69,1.66,-1,-1,-1
196,22,957.97,405.52,26.78,57.46,1.63,-1,-1,-1
196,23,806.31,886.42,70.05,136.43,1.74,-1,-1,-1
196,12,1329.05,584.67,38.27,80.44,1.66,-1,-1,-1
196,25,288.41,580.66,38.60,98.24,1.71,-1,-1,-1
196,26,199.10,455.34,35.98,59.97,1.71,-1,-1,-1
196,15,1615.16,380.12,23.65,42.50,1.63,-1,-1,-1
196,24,1856.62,480.62,49.68,72.60,1.71,-1,-1,-1
197,2,1568.13,453.55,24.74,69.86,1.63,-1,-1,-1
197,5,546.12,480.36,34.90,72.19,1.67,-1,-1,-1
197,6,1155.60,487.62,40.70,72.97,1.70,-1,-1,-1
197,7,1653.74,597.75,48.96,90.17,1.72,-1,-1,-1
197,11,542.29,603.22,60.38,80.90,1.72,-1,-1,-1
197,13,976.71,422.97,22.04,58.97,1.60,-1,-1,-1
197,14,1539.25,471.65,27.89,69.68,1.67,-1,-1,-1
197,22,953.13,405.92,33.40,56.01,1.62,-1,-1,-1
197,23,805.72,883.61,61.95,138.11,1.73,-1,-1,-1
197,12,1321.94,583.44,31.79,81.35,1.63,-1,-1,-1
197,25,288.71,581.06,38.69,98.86,1.71,-1,-1,-1
197,26,201.41,455.27,34.79,61.07,1.68,-1,-1,-1
197,15,1615.35,380.07,23.60,42.58,1.63,-1,-1,-1
197,24,1846.87,480.31,56.30,70.47,1.65,-1,-1,-1
198,2,1569.34,453.79,24.42,68.21,1.64,-1,-1,-1
198,5,534.72,479.46,49.28,70.95,1.70,-1,-1,-1
198,6,1156.32,488.96,33.98,71.72,1.67,-1,-1,-1
198,7,1648.45,597.80,52.93,89.53,1.73,-1,-1,-1
198,11,541.24,602.43,61.65,80.80,1.72,-1,-1,-1
198,13,977.92,420.59,22.89,59.61,1.60,-1,-1,-1
198,14,1543.25,472.62,26.97,68.43,1.63,-1,-1,-1
198,22,952.72,405.96,34.02,56.13,1.62,-1,-1,-1
198,23,806.19,880.84,57.01,141.86,1.73,-1,-1,-1
198,12,1313.43,582.64,38.75,81.78,1.68,-1,-1,-1
198,25,289.13,582.54,38.59,97.55,1.71,-1,-1,-1
198,26,204.83,455.59,33.60,60.44,1.68,-1,-1,-1
198,15,1613.37,380.44,26.44,42.61,1.62,-1,-1,-1
199,2,1570.63,453.63,25.15,67.60,1.60,-1,-1,-1
199,5,529.52,477.19,53.39,69.47,1.70,-1,-1,-1
199,6,1155.63,489.05,30.07,70.38,1.67,-1,-1,-1
199,7,1647.95,598.59,53.02,89.27,1.73,-1,-1,-1
199,11,543.98,602.10,58.15,79.83,1.72,-1,-1,-1
199,13,978.00,419.94,24.29,59.18,1.63,-1,-1,-1
199,14,1547.36,472.02,27.00,71.24,1.58,-1,-1,-1
199,22,958.11,406.52,30.40,54.23,1.60,-1,-1,-1
199,23,806.86,879.29,54.65,143.56,1.72,-1,-1,-1
199,12,1307.01,581.99,45.28,80.52,1.69,-1,-1,-1
199,25,290.28,584.16,38.65,95.16,1.70,-1,-1,-1
199,26,209.23,456.22,31.06,58.16,1.68,-1,-1,-1
199,15,1615.41,380.77,25.85,41.68,1.60,-1,-1,-1
200,2,1573.29,452.68,25.05,67.72,1.58,-1,-1,-1
200,5,527.14,475.79,52.20,68.41,1.71,-1,-1,-1
200,6,1153.16,487.78,30.82,70.53,1.68,-1,-1,-1
200,7,1648.40,599.39,48.34,88.04,1.73,-1,-1,-1
200,11,549.21,600.43,50.78,80.82,1.71,-1,-1,-1
200,13,977.63,419.91,26.35,58.44,1.65,-1,-1,-1
200,14,1552.29,471.76,27.01,70.13,1.63,-1,-1,-1
200,22,960.58,406.61,28.28,54.55,1.60,-1,-1,-1
200,23,807.83,877.40,52.59,143.76,1.72,-1,-1,-1
200,12,1300.41,582.53,51.87,78.48,1.69,-1,-1,-1
200,25,293.64,585.28,37.07,93.13,1.71,-1,-1,-1
200,26,214.04,456.94,27.78,56.00,1.67,-1,-1,-1
200,15,1616.61,380.75,26.65,41.39,1.59,-1,-1,-1
201,2,1575.03,453.66,25.44,67.94,1.57,-1,-1,-1
201,5,524.00,475.06,47.65,70.00,1.71,-1,-1,-1
201,6,1152.58,486.52,35.44,71.53,1.70,-1,-1,-1
201,7,1649.56,600.45,41.91,87.08,1.71,-1,-1,-1
201,11,551.33,597.15,43.92,82.69,1.70,-1,-1,-1
201,13,980.98,420.27,24.66,57.60,1.66,-1,-1,-1
201,14,1555.60,470.91,28.73,70.56,1.60,-1,-1,-1
201,22,961.82,405.75,26.49,54.85,1.59,-1,-1,-1
201,23,802.40,877.26,57.58,142.79,1.72,-1,-1,-1
201,12,1290.70,584.20,58.34,78.41,1.72,-1,-1,-1
201,25,293.09,585.51,41.44,92.62,1.71,-1,-1,-1
201,26,218.44,456.74,28.75,55.66,1.67,-1,-1,-1
201,15,1618.18,379.84,27.51,41.39,1.58,-1,-1,-1
202,2,1577.71,452.85,26.62,66.74,1.53,-1,-1,-1
202,5,521.09,475.12,40.56,68.99,1.65,-1,-1,-1
202,6,1151.96,484.81,38.13,72.01,1.71,-1,-1,-1
202,7,1644.83,600.53,41.29,87.10,1.71,-1,-1,-1
202,11,552.37,594.35,38.91,84.76,1.69,-1,-1,-1
202,13,983.23,420.34,23.37,57.17,1.64,-1,-1,-1
202,14,1560.41,470.95,27.97,71.17,1.63,-1,-1,-1
202,22,963.90,404.16,22.45,56.33,1.60,-1,-1,-1
202,23,792.42,876.67,71.46,140.44,1.73,-1,-1,-1
202,12,1289.71,585.58,53.61,77.03,1.71,-1,-1,-1
202,25,293.38,584.56,42.44,94.88,1.70,-1,-1,-1
202,26,223.05,456.68,29.45,57.51,1.66,-1,-1,-1
202,15,1623.57,379.58,23.96,43.00,1.54,-1,-1,-1
202,24,1833.18,481.42,39.84,68.37,0.93,-1,-1,-1
203,2,1582.71,453.10,24.31,66.59,1.52,-1,-1,-1
203,5,510.26,474.73,41.09,66.04,1.62,-1,-1,-1
203,6,1152.04,484.12,39.64,72.32,1.71,-1,-1,-1
203,7,1641.28,599.97,44.94,86.68,1.72,-1,-1,-1
203,11,552.59,591.74,38.03,85.85,1.68,-1,-1,-1
203,13,983.96,420.06,24.00,56.99,1.62,-1,-1,-1
203,14,1566.17,469.89,26.94,71.83,1.63,-1,-1,-1
203,22,965.90,403.00,19.35,54.95,1.59,-1,-1,-1
203,23,787.50,877.46,79.63,138.18,1.73,-1,-1,-1
203,12,1289.01,588.46,39.82,73.32,1.68,-1,-1,-1
203,25,292.88,583.08,43.84,96.54,1.70,-1,-1,-1
203,26,224.33,455.87,33.30,53.88,1.68,-1,-1,-1
203,15,1625.77,378.47,22.41,44.23,1.59,-1,-1,-1
203,24,1832.84,480.42,39.54,69.15,0.87,-1,-1,-1
204,2,1586.44,454.10,23.35,65.57,1.56,-1,-1,-1
204,5,502.76,473.82,47.73,68.25,1.70,-1,-1,-1
204,6,1150.30,483.59,43.00,72.31,1.71,-1,-1,-1
204,7,1640.80,598.70,45.08,88.20,1.72,-1,-1,-1
204,11,552.75,589.78,37.92,88.32,1.69,-1,-1,-1
204,13,986.15,418.63,21.18,56.09,1.64,-1,-1,-1
204,14,1571.26,469.75,28.18,70.88,1.60,-1,-1,-1
204,22,967.56,402.11,18.16,52.83,1.62,-1,-1,-1
204,23,787.41,878.25,84.56,137.09,1.74,-1,-1,-1
204,12,1280.29,591.32,42.60,70.26,1.70,-1,-1,-1
204,25,297.39,582.94,44.00,98.02,1.72,-1,-1,-1
204,26,225.34,455.78,37.37,57.08,1.68,-1,-1,-1
204,15,1628.69,378.28,20.96,45.11,1.57,-1,-1,-1
204,24,1832.54,480.13,39.68,68.86,1.17,-1,-1,-1
205,2,1581.38,455.16,31.90,63.49,1.50,-1,-1,-1
205,5,497.32,471.57,55.82,70.06,1.71,-1,-1,-1
205,6,1150.52,484.43,47.17,72.99,1.72,-1,-1,-1
205,7,1641.34,598.21,44.74,89.72,1.72,-1,-1,-1
205,11,552.29,588.67,39.44,86.63,1.70,-1,-1,-1
205,13,987.23,417.66,22.04,57.19,1.60,-1,-1,-1
205,14,1575.74,469.75,26.33,70.85,1.49,-1,-1,-1
205,22,969.32,401.99,17.46,52.23,1.60,-1,-1,-1
205,23,790.23,879.22,85.71,136.18,1.72,-1,-1,-1
205,12,1279.34,591.99,42.83,68.58,1.71,-1,-1,-1
205,25,301.02,584.17,42.44,97.16,1.71,-1,-1,-1
205,26,225.36,455.32,43.24,56.21,1.69,-1,-1,-1
205,15,1631.37,376.53,20.19,46.31,1.59,-1,-1,-1
205,24,1824.71,479.43,49.60,66.96,0.23,-1,-1,-1
206,2,1578.87,455.44,37.94,63.73,1.65,-1,-1,-1
206,5,494.89,470.35,56.51,65.61,1.70,-1,-1,-1
206,6,1151.36,485.34,44.94,72.00,1.73,-1,-1,-1
206,7,1638.16,598.07,48.10,89.25,1.73,-1,-1,-1
206,11,551.31,588.32,40.62,85.35,1.71,-1,-1,-1
206,13,990.43,416.65,21.95,56.34,1.63,-1,-1,-1
206,14,1586.07,466.32,26.16,73.90,1.26,-1,-1,-1
206,22,970.20,402.02,17.45,51.97,1.59,-1,-1,-1
206,23,794.31,880.26,85.37,134.58,1.74,-1,-1,-1
206,12,1278.60,591.63,41.03,71.82,1.69,-1,-1,-1
206,25,304.28,585.61,40.81,96.77,1.71,-1,-1,-1
206,26,225.57,455.02,47.83,56.96,1.69,-1,-1,-1
206,15,1632.59,376.91,22.51,46.48,1.56,-1,-1,-1
207,2,1583.70,456.24,37.23,63.10,1.64,-1,-1,-1
207,5,490.82,470.38,56.51,65.06,1.72,-1,-1,-1
207,6,1152.23,486.91,40.92,69.73,1.71,-1,-1,-1
207,7,1636.36,599.05,47.47,88.79,1.72,-1,-1,-1
207,11,544.80,588.70,47.70,85.03,1.72,-1,-1,-1
207,13,991.07,415.47,24.46,57.15,1.66,-1,-1,-1
207,14,1592.18,473.50,24.98,65.98,1.15,-1,-1,-1
207,22,969.78,403.00,20.76,51.14,1.57,-1,-1,-1
207,23,797.97,880.63,81.92,133.17,1.74,-1,-1,-1
207,12,1270.44,592.05,47.99,74.17,1.69,-1,-1,-1
207,25,306.21,586.30,38.74,95.99,1.70,-1,-1,-1
207,26,225.54,454.80,52.82,53.89,1.69,-1,-1,-1
207,15,1635.38,379.51,21.70,43.34,1.58,-1,-1,-1
208,2,1585.76,456.31,37.92,62.71,1.65,-1,-1,-1
208,5,485.38,469.90,52.42,64.73,1.68,-1,-1,-1
208,6,1147.55,487.13,39.62,68.63,1.69,-1,-1,-1
208,7,1637.64,600.20,42.89,87.82,1.72,-1,-1,-1
208,11,543.98,588.56,47.88,84.56,1.72,-1,-1,-1
208,13,991.35,415.06,26.52,55.84,1.68,-1,-1,-1
208,14,1599.36,465.63,22.63,74.43,1.51,-1,-1,-1
208,22,971.04,403.25,22.87,49.15,1.62,-1,-1,-1
208,23,801.99,879.83,76.27,131.77,1.73,-1,-1,-1
208,12,1268.13,592.63,45.92,74.02,1.71,-1,-1,-1
208,25,307.00,586.48,37.66,94.85,1.70,-1,-1,-1
208,26,226.69,453.88,51.93,54.05,1.69,-1,-1,-1
208,15,1636.23,378.95,21.72,43.22,1.59,-1,-1,-1
209,2,1586.68,456.62,38.21,61.00,1.60,-1,-1,-1
209,5,481.37,469.68,43.78,65.36,1.68,-1,-1,-1
209,6,1144.63,486.04,37.29,68.50,1.69,-1,-1,-1
209,7,1637.20,600.85,40.78,85.91,1.72,-1,-1,-1
209,11,544.29,587.94,46.82,84.58,1.72,-1,-1,-1
209,13,990.91,414.11,28.52,56.45,1.66,-1,-1,-1
209,14,1604.77,466.94,24.08,73.61,1.62,-1,-1,-1
209,22,967.86,402.61,28.63,50.65,1.62,-1,-1,-1
209,23,802.94,877.48,70.87,131.71,1.73,-1,-1,-1
209,12,1270.17,594.37,34.56,71.81,1.68,-1,-1,-1
209,25,307.07,585.33,37.83,95.12,1.70,-1,-1,-1
209,26,227.94,451.78,47.97,54.10,1.68,-1,-1,-1
209,15,1637.35,378.65,21.19,42.65,1.61,-1,-1,-1
209,24,1823.42,481.26,32.51,65.02,1.69,-1,-1,-1
210,2,1587.66,456.38,39.71,61.69,1.61,-1,-1,-1
210,5,479.93,469.13,31.22,63.49,1.63,-1,-1,-1
210,6,1143.73,484.60,32.58,68.32,1.68,-1,-1,-1
210,7,1636.86,601.34,35.94,85.33,1.70,-1,-1,-1
210,11,546.22,586.57,44.64,83.91,1.70,-1,-1,-1
210,13,991.18,414.08,29.38,56.08,1.66,-1,-1,-1
210,14,1606.64,468.35,25.03,72.95,1.63,-1,-1,-1
210,22,963.80,401.74,35.70,52.91,1.61,-1,-1,-1
210,23,802.99,874.96,66.44,133.50,1.73,-1,-1,-1
210,12,1268.83,595.33,28.93,69.77,1.64,-1,-1,-1
210,25,308.89,584.37,35.76,95.84,1.70,-1,-1,-1
210,26,230.82,450.14,49.20,53.70,1.66,-1,-1,-1
210,15,1638.70,377.17,21.33,42.06,1.57,-1,-1,-1
210,24,1822.18,480.88,25.38,64.47,1.59,-1,-1,-1
211,2,1592.11,456.67,35.54,60.82,1.55,-1,-1,-1
211,5,472.09,467.59,32.23,64.99,1.63,-1,-1,-1
211,6,1143.10,482.82,33.82,69.18,1.69,-1,-1,-1
211,7,1633.60,600.29,36.69,85.14,1.69,-1,-1,-1
211,11,549.32,584.73,41.68,84.78,1.69,-1,-1,-1
211,13,991.23,413.95,28.12,55.09,1.65,-1,-1,-1
211,14,1612.02,469.33,23.46,71.86,1.59,-1,-1,-1
211,22,963.76,400.97,35.96,51.59,1.61,-1,-1,-1
211,23,804.67,873.15,58.25,136.04,1.73,-1,-1,-1
211,12,1263.28,594.69,30.22,68.42,1.66,-1,-1,-1
211,25,309.87,582.52,36.40,97.31,1.70,-1,-1,-1
211,26,237.07,448.93,50.66,55.07,1.70,-1,-1,-1
211,15,1639.00,376.34,22.57,42.07,1.53,-1,-1,-1
211,24,1816.14,479.10,27.79,65.66,1.37,-1,-1,-1
212,2,1592.63,456.50,33.56,60.65,1.58,-1,-1,-1
212,5,463.08,465.52,41.93,66.02,1.68,-1,-1,-1
212,6,1138.94,480.55,37.75,71.51,1.71,-1,-1,-1
212,7,1628.26,598.73,38.20,85.16,1.72,-1,-1,-1
212,11,548.69,583.63,41.98,83.86,1.70,-1,-1,-1
212,13,991.38,413.38,25.90,53.40,1.63,-1,-1,-1
212,14,1612.83,469.67,27.83,71.99,1.62,-1,-1,-1
212,22,964.88,399.62,33.90,50.67,1.58,-1,-1,-1
212,23,804.40,872.12,57.43,137.11,1.72,-1,-1,-1
212,12,1255.10,593.88,33.88,69.18,1.64,-1,-1,-1
212,25,310.27,582.04,36.98,97.75,1.71,-1,-1,-1
212,26,242.31,447.80,51.71,57.31,1.72,-1,-1,-1
212,15,1639.93,374.55,21.75,43.80,1.62,-1,-1,-1
212,24,1811.61,476.61,29.18,66.27,1.59,-1,-1,-1
213,2,1593.29,456.26,34.09,61.68,1.58,-1,-1,-1
213,5,454.14,464.63,49.18,64.28,1.70,-1,-1,-1
213,6,1136.28,479.76,38.91,72.59,1.72,-1,-1,-1
213,7,1618.49,597.50,44.25,86.01,1.72,-1,-1,-1
213,11,547.30,582.93,42.45,82.37,1.71,-1,-1,-1
213,13,990.63,412.36,23.41,52.86,1.61,-1,-1,-1
213,14,1615.49,470.72,30.42,71.51,1.62,-1,-1,-1
213,22,966.46,399.44,29.98,48.42,1.60,-1,-1,-1
213,23,804.23,871.40,57.62,138.26,1.72,-1,-1,-1
213,12,1247.15,592.72,40.34,73.44,1.69,-1,-1,-1
213,25,310.28,582.17,37.70,98.51,1.71,-1,-1,-1
213,26,244.36,446.89,50.36,58.08,1.70,-1,-1,-1
213,15,1638.98,373.55,22.13,45.65,1.61,-1,-1,-1
213,24,1801.83,475.25,38.26,66.45,1.56,-1,-1,-1
214,2,1593.56,455.76,29.83,58.82,1.62,-1,-1,-1
214,5,439.01,463.64,60.67,64.10,1.71,-1,-1,-1
214,6,1130.97,479.35,43.09,71.69,1.72,-1,-1,-1
214,7,1611.08,595.86,48.03,88.45,1.72,-1,-1,-1
214,11,545.75,581.95,43.06,82.22,1.71,-1,-1,-1
214,13,988.32,410.43,22.22,53.53,1.61,-1,-1,-1
214,14,1617.41,469.71,31.08,74.10,1.64,-1,-1,-1
214,22,967.39,399.39,28.33,47.88,1.57,-1,-1,-1
214,23,804.89,871.87,56.65,140.43,1.72,-1,-1,-1
214,12,1239.68,592.59,47.23,77.75,1.67,-1,-1,-1
214,25,310.49,583.43,36.64,97.63,1.72,-1,-1,-1
214,26,244.92,447.01,47.52,59.00,1.70,-1,-1,-1
214,15,1636.98,372.93,23.69,45.17,1.62,-1,-1,-1
214,24,1791.55,474.67,48.56,66.21,1.62,-1,-1,-1
215,2,1592.92,455.03,29.92,58.08,1.66,-1,-1,-1
215,5,431.30,464.04,59.70,64.40,1.70,-1,-1,-1
215,6,1127.35,479.83,42.95,70.85,1.71,-1,-1,-1
215,7,1609.48,596.40,47.80,88.34,1.72,-1,-1,-1
215,11,544.31,580.73,43.81,82.12,1.72,-1,-1,-1
215,13,984.83,408.38,26.08,54.72,1.62,-1,-1,-1
215,14,1620.23,468.83,30.44,73.25,1.68,-1,-1,-1
215,22,965.94,398.20,23.55,47.42,1.57,-1,-1,-1
215,23,805.85,871.68,55.84,141.73,1.72,-1,-1,-1
215,12,1238.63,593.56,42.18,77.03,1.70,-1,-1,-1
215,25,310.22,585.03,37.23,95.74,1.69,-1,-1,-1
215,26,245.46,446.69,45.67,60.23,1.69,-1,-1,-1
215,15,1636.17,372.60,23.71,45.36,1.63,-1,-1,-1
215,24,1785.39,475.41,53.62,65.85,1.14,-1,-1,-1
216,2,1593.14,453.22,30.62,58.55,1.65,-1,-1,-1
216,5,427.46,463.82,53.90,63.49,1.70,-1,-1,-1
216,6,1126.25,480.60,40.98,69.60,1.72,-1,-1,-1
216,7,1608.52,597.49,45.72,87.19,1.73,-1,-1,-1
216,11,538.58,580.71,47.03,81.93,1.73,-1,-1,-1
216,13,987.24,406.83,24.35,55.98,1.64,-1,-1,-1
216,14,1620.89,467.67,32.18,73.30,1.68,-1,-1,-1
216,22,963.59,397.15,19.69,46.40,1.60,-1,-1,-1
216,23,807.21,872.89,54.20,140.32,1.73,-1,-1,-1
216,12,1231.05,596.17,41.73,74.62,1.70,-1,-1,-1
216,25,303.94,585.56,45.02,93.36,1.72,-1,-1,-1
216,26,247.33,447.71,45.22,58.38,1.71,-1,-1,-1
216,15,1634.48,373.66,26.08,44.12,1.63,-1,-1,-1
216,24,1781.21,475.54,52.74,66.41,0.28,-1,-1,-1
217,2,1593.00,452.03,31.30,59.59,1.67,-1,-1,-1
217,5,423.03,462.12,44.60,64.38,1.68,-1,-1,-1
217,6,1120.77,480.82,38.71,67.81,1.70,-1,-1,-1
217,7,1608.79,597.99,39.32,85.01,1.72,-1,-1,-1
217,11,537.79,578.34,46.90,83.10,1.72,-1,-1,-1
217,13,981.48,405.20,29.36,56.76,1.65,-1,-1,-1
217,14,1623.10,466.28,32.39,73.42,1.65,-1,-1,-1
217,22,961.25,395.86,20.90,47.01,1.59,-1,-1,-1
217,23,807.49,872.16,54.02,138.20,1.72,-1,-1,-1
217,12,1223.86,596.87,48.33,73.30,1.70,-1,-1,-1
217,25,301.06,585.41,46.06,93.88,1.72,-1,-1,-1
217,26,240.83,447.41,49.03,57.30,1.68,-1,-1,-1
217,15,1633.56,372.70,26.06,43.82,1.63,-1,-1,-1
218,2,1592.95,450.18,30.96,61.64,1.68,-1,-1,-1
218,5,414.58,459.12,39.00,65.84,1.65,-1,-1,-1
218,6,1120.07,480.83,31.22,65.90,1.68,-1,-1,-1
218,7,1607.40,597.88,37.31,83.85,1.72,-1,-1,-1
218,11,539.82,576.18,44.10,84.11,1.70,-1,-1,-1
218,13,980.01,403.23,30.85,57.16,1.66,-1,-1,-1
218,14,1627.06,464.36,31.37,73.18,1.67,-1,-1,-1
218,22,959.10,393.53,22.97,48.12,1.63,-1,-1,-1
218,23,806.11,870.54,54.68,139.19,1.72,-1,-1,-1
218,12,1221.92,594.94,49.12,74.72,1.67,-1,-1,-1
218,25,298.63,584.60,46.16,95.01,1.73,-1,-1,-1
218,26,244.42,447.96,36.80,54.88,1.63,-1,-1,-1
218,15,1632.63,371.54,25.70,44.43,1.65,-1,-1,-1
219,2,1590.87,449.11,32.22,62.36,1.68,-1,-1,-1
219,5,407.04,455.70,35.28,67.87,1.64,-1,-1,-1
219,6,1119.50,479.14,24.18,66.34,1.63,-1,-1,-1
219,7,1600.17,595.96,42.96,84.10,1.72,-1,-1,-1
219,11,541.38,573.00,42.75,85.25,1.70,-1,-1,-1
219,13,978.51,403.10,31.18,55.40,1.66,-1,-1,-1
219,14,1627.21,460.44,32.84,75.25,1.65,-1,-1,-1
219,22,952.90,391.40,29.59,48.91,1.64,-1,-1,-1
219,23,804.16,868.38,56.84,140.37,1.72,-1,-1,-1
219,12,1217.56,594.80,46.87,75.23,1.69,-1,-1,-1
219,25,298.02,582.59,45.15,95.15,1.73,-1,-1,-1
219,26,241.57,446.78,35.36,55.29,1.59,-1,-1,-1
219,15,1631.81,368.92,25.69,46.98,1.63,-1,-1,-1
219,24,1779.67,472.89,36.21,64.55,0.61,-1,-1,-1
220,2,1592.08,447.71,29.73,63.11,1.68,-1,-1,-1
220,5,401.82,452.34,38.30,67.90,1.66,-1,-1,-1
220,6,1113.11,476.31,28.13,67.27,1.66,-1,-1,-1
220,7,1599.50,594.31,41.10,85.11,1.71,-1,-1,-1
220,11,542.69,569.35,41.34,87.18,1.70,-1,-1,-1
220,13,978.38,402.05,29.04,53.77,1.66,-1,-1,-1
220,14,1632.12,457.76,29.98,76.42,1.67,-1,-1,-1
220,22,951.74,389.94,30.80,49.13,1.65,-1,-1,-1
220,23,803.56,865.89,57.89,140.76,1.71,-1,-1,-1
220,12,1213.95,594.75,45.63,78.54,1.70,-1,-1,-1
220,25,299.97,580.12,41.33,97.62,1.71,-1,-1,-1
220,26,245.24,445.23,34.51,53.48,1.60,-1,-1,-1
220,15,1631.68,367.09,24.44,46.81,1.63,-1,-1,-1
220,24,1778.09,472.07,35.96,63.56,1.42,-1,-1,-1
221,2,1592.06,446.59,30.09,64.47,1.67,-1,-1,-1
221,5,396.39,449.98,40.18,64.07,1.54,-1,-1,-1
221,6,1111.15,473.44,29.62,68.18,1.68,-1,-1,-1
221,7,1595.59,592.38,42.73,88.32,1.72,-1,-1,-1
221,11,544.20,566.02,40.08,87.66,1.69,-1,-1,-1
221,13,977.84,400.27,27.35,53.99,1.63,-1,-1,-1
221,14,1633.59,455.86,30.34,76.22,1.68,-1,-1,-1
221,22,951.45,387.55,30.89,50.41,1.64,-1,-1,-1
221,23,798.64,863.78,62.41,140.20,1.73,-1,-1,-1
221,12,1208.45,595.37,43.97,79.20,1.70,-1,-1,-1
221,25,300.66,578.12,40.50,97.69,1.71,-1,-1,-1
221,26,246.94,442.86,34.59,55.94,1.63,-1,-1,-1
221,15,1631.88,365.64,23.36,45.46,1.62,-1,-1,-1
221,24,1777.01,468.89,35.87,65.47,1.34,-1,-1,-1
222,2,1592.06,446.20,31.13,62.30,1.67,-1,-1,-1
222,5,384.34,448.60,40.66,62.88,1.67,-1,-1,-1
222,6,1104.43,471.85,36.09,68.39,1.70,-1,-1,-1
222,7,1588.16,591.39,48.00,89.00,1.72,-1,-1,-1
222,11,545.60,563.42,39.77,88.50,1.71,-1,-1,-1
222,13,975.73,398.49,25.11,53.24,1.62,-1,-1,-1
222,14,1635.22,454.81,31.36,75.85,1.68,-1,-1,-1
222,22,950.93,387.28,27.54,49.64,1.64,-1,-1,-1
222,23,796.15,862.77,64.41,139.97,1.73,-1,-1,-1
222,12,1209.59,596.41,37.53,77.13,1.69,-1,-1,-1
222,25,302.23,577.71,38.64,98.47,1.71,-1,-1,-1
222,26,248.25,440.61,37.95,55.29,1.67,-1,-1,-1
222,15,1631.58,364.17,22.55,46.56,1.63,-1,-1,-1
222,24,1769.61,467.24,42.11,67.55,1.63,-1,-1,-1
223,2,1591.39,445.79,30.19,62.32,1.67,-1,-1,-1
223,5,373.51,447.79,44.10,64.34,1.63,-1,-1,-1
223,6,1098.07,470.68,43.17,70.51,1.71,-1,-1,-1
223,7,1585.06,591.03,47.41,89.28,1.72,-1,-1,-1
223,11,546.59,561.31,40.59,88.11,1.69,-1,-1,-1
223,13,974.50,395.41,22.03,54.16,1.61,-1,-1,-1
223,14,1641.01,454.12,28.59,76.37,1.67,-1,-1,-1
223,22,947.69,386.55,28.00,49.88,1.61,-1,-1,-1
223,23,795.20,862.36,66.00,137.98,1.73,-1,-1,-1
223,12,1208.23,596.88,33.22,75.49,1.67,-1,-1,-1
223,25,302.90,577.71,38.07,97.97,1.71,-1,-1,-1
223,26,247.36,433.44,41.76,60.91,1.66,-1,-1,-1
223,15,1631.27,363.21,20.55,47.15,1.61,-1,-1,-1
223,24,1762.88,465.96,45.46,67.86,1.00,-1,-1,-1
224,2,1592.25,445.47,28.14,59.83,1.66,-1,-1,-1
224,5,367.89,447.45,39.65,63.76,1.67,-1,-1,-1
224,6,1095.17,471.08,45.52,69.04,1.72,-1,-1,-1
224,7,1586.37,591.95,42.23,87.52,1.71,-1,-1,-1
224,11,547.32,560.67,39.38,87.63,1.70,-1,-1,-1
224,13,975.01,393.49,18.57,55.10,1.61,-1,-1,-1
224,14,1643.99,454.60,26.88,75.55,1.67,-1,-1,-1
224,22,946.01,385.67,27.42,48.00,1.63,-1,-1,-1
224,23,793.73,862.21,67.41,138.48,1.73,-1,-1,-1
224,12,1207.69,596.45,29.95,73.79,1.65,-1,-1,-1
224,25,303.78,578.96,37.28,95.02,1.71,-1,-1,-1
224,26,244.07,433.72,44.86,61.04,1.69,-1,-1,-1
224,15,1631.12,362.90,20.79,46.17,1.62,-1,-1,-1
225,2,1592.23,444.47,29.20,58.80,1.66,-1,-1,-1
225,5,363.91,447.24,32.04,65.21,1.65,-1,-1,-1
225,6,1094.95,471.52,40.94,69.25,1.71,-1,-1,-1
225,7,1585.41,591.95,39.13,86.29,1.70,-1,-1,-1
225,11,546.55,559.96,42.28,87.38,1.69,-1,-1,-1
225,13,974.21,391.65,19.85,55.87,1.62,-1,-1,-1
225,14,1648.20,455.39,24.90,74.32,1.66,-1,-1,-1
225,22,946.54,384.23,26.29,48.60,1.63,-1,-1,-1
225,23,792.55,862.19,67.40,139.87,1.73,-1,-1,-1
225,12,1200.58,595.62,32.31,76.00,1.67,-1,-1,-1
225,25,304.82,580.37,36.57,92.89,1.71,-1,-1,-1
225,26,241.37,430.18,46.08,61.57,1.70,-1,-1,-1
225,15,1628.88,362.34,21.87,45.59,1.64,-1,-1,-1
226,2,1591.78,442.05,27.60,60.21,1.66,-1,-1,-1
226,5,359.64,447.21,25.81,64.67,1.64,-1,-1,-1
226,6,1094.41,471.78,37.07,67.95,1.70,-1,-1,-1
226,7,1581.06,592.10,39.06,84.18,1.69,-1,-1,-1
226,11,547.37,560.30,42.33,86.80,1.69,-1,-1,-1
226,13,969.25,390.65,23.74,55.21,1.65,-1,-1,-1
226,14,1649.02,456.30,26.83,73.33,1.67,-1,-1,-1
226,22,945.46,382.17,26.78,49.87,1.63,-1,-1,-1
226,23,790.63,862.30,68.20,142.12,1.72,-1,-1,-1
226,12,1195.20,595.38,33.99,82.76,1.65,-1,-1,-1
226,25,305.42,580.97,35.79,92.34,1.71,-1,-1,-1
226,26,235.68,429.37,48.16,60.67,1.65,-1,-1,-1
226,15,1627.20,364.04,22.70,42.31,1.64,-1,-1,-1
227,2,1592.75,440.38,26.89,61.08,1.68,-1,-1,-1
227,5,351.19,447.13,29.09,64.03,1.62,-1,-1,-1
227,6,1089.04,472.61,37.34,65.19,1.68,-1,-1,-1
227,7,1572.63,591.73,42.86,81.99,1.72,-1,-1,-1
227,11,547.87,560.12,42.06,85.91,1.69,-1,-1,-1
227,13,966.67,388.90,25.43,56.56,1.65,-1,-1,-1
227,14,1649.42,457.40,28.85,71.82,1.68,-1,-1,-1
227,22,944.62,380.81,25.08,50.54,1.67,-1,-1,-1
227,23,788.87,862.07,68.09,143.61,1.73,-1,-1,-1
227,12,1188.97,596.24,37.58,85.20,1.68,-1,-1,-1
227,25,305.81,580.12,37.13,92.59,1.71,-1,-1,-1
227,26,231.60,426.44,50.39,61.52,1.65,-1,-1,-1
227,15,1627.29,361.71,22.06,45.20,1.65,-1,-1,-1
228,2,1591.58,438.74,28.72,63.19,1.67,-1,-1,-1
228,5,335.74,445.50,38.89,66.02,1.68,-1,-1,-1
228,6,1087.61,471.35,31.90,63.93,1.68,-1,-1,-1
228,7,1565.96,590.05,47.53,84.18,1.73,-1,-1,-1
228,11,547.93,560.21,42.53,85.10,1.70,-1,-1,-1
228,13,964.64,388.39,25.64,55.50,1.65,-1,-1,-1
228,14,1648.83,457.89,30.70,70.80,1.68,-1,-1,-1
228,22,942.98,379.78,24.48,50.85,1.67,-1,-1,-1
228,23,787.29,861.93,67.02,146.99,1.72,-1,-1,-1
228,12,1184.57,598.46,38.85,83.05,1.69,-1,-1,-1
228,25,306.41,578.53,38.55,95.19,1.72,-1,-1,-1
228,26,227.47,426.97,56.92,59.17,1.72,-1,-1,-1
228,15,1625.53,360.51,23.33,42.93,1.65,-1,-1,-1
229,2,1591.40,437.14,28.37,64.81,1.68,-1,-1,-1
229,5,322.17,444.58,52.03,65.79,1.69,-1,-1,-1
229,6,1088.98,470.08,29.61,62.81,1.69,-1,-1,-1
229,7,1560.39,589.04,49.71,86.69,1.72,-1,-1,-1
229,11,544.16,559.81,47.03,83.71,1.72,-1,-1,-1
229,13,964.49,387.95,23.21,53.69,1.65,-1,-1,-1
229,14,1650.26,457.40,29.42,70.77,1.69,-1,-1,-1
229,22,942.79,379.03,22.59,50.85,1.66,-1,-1,-1
229,23,785.75,862.17,66.56,148.07,1.73,-1,-1,-1
229,12,1176.29,599.82,49.27,80.43,1.71,-1,-1,-1
229,25,306.71,577.21,44.20,96.57,1.72,-1,-1,-1
229,26,226.36,423.47,58.98,60.98,1.67,-1,-1,-1
229,15,1624.34,358.00,24.48,46.20,1.62,-1,-1,-1
230,2,1590.80,436.78,26.91,65.33,1.69,-1,-1,-1
230,5,315.58,444.32,53.18,65.74,1.70,-1,-1,-1
230,6,1084.94,468.25,31.06,65.62,1.67,-1,-1,-1
230,7,1557.50,588.95,48.61,86.71,1.72,-1,-1,-1
230,11,538.47,559.34,52.93,82.57,1.71,-1,-1,-1
230,13,962.75,387.03,22.83,53.21,1.60,-1,-1,-1
230,14,1650.75,457.29,28.73,71.21,1.67,-1,-1,-1
230,22,940.52,378.72,21.23,50.83,1.63,-1,-1,-1
230,23,784.03,864.77,65.58,145.19,1.73,-1,-1,-1
230,12,1167.77,603.81,59.44,76.13,1.71,-1,-1,-1
230,25,309.81,576.43,46.47,97.29,1.73,-1,-1,-1
230,26,228.94,422.76,52.96,60.44,1.68,-1,-1,-1
230,15,1622.85,356.33,24.27,45.53,1.63,-1,-1,-1
231,2,1590.49,437.76,25.87,64.61,1.70,-1,-1,-1
231,5,311.45,444.60,50.30,65.52,1.71,-1,-1,-1
231,6,1081.37,467.30,30.90,68.45,1.69,-1,-1,-1
231,7,1557.17,589.78,46.07,89.71,1.71,-1,-1,-1
231,11,534.74,559.85,54.18,81.00,1.71,-1,-1,-1
231,13,960.21,387.03,21.15,52.80,1.59,-1,-1,-1
231,14,1651.01,457.22,28.96,70.31,1.68,-1,-1,-1
231,22,938.14,378.59,20.53,49.86,1.64,-1,-1,-1
231,23,780.38,864.85,67.10,145.02,1.73,-1,-1,-1
231,12,1168.71,603.38,55.74,76.53,1.72,-1,-1,-1
231,25,310.71,576.83,49.90,96.52,1.73,-1,-1,-1
231,26,229.36,422.36,50.90,58.92,1.70,-1,-1,-1
231,15,1620.78,356.32,24.43,44.84,1.64,-1,-1,-1
231,27,1906.87,575.96,13.45,87.16,0.73,-1,-1,-1
232,2,1585.49,438.56,30.46,63.24,1.69,-1,-1,-1
232,5,309.74,445.06,43.88,63.17,1.70,-1,-1,-1
232,6,1074.39,467.35,33.95,71.05,1.70,-1,-1,-1
232,7,1553.96,591.36,45.81,87.44,1.72,-1,-1,-1
232,11,530.73,560.83,55.60,79.25,1.71,-1,-1,-1
232,13,958.65,385.92,18.52,52.80,1.64,-1,-1,-1
232,14,1650.73,457.44,28.96,69.16,1.68,-1,-1,-1
232,22,935.76,377.16,19.63,49.29,1.64,-1,-1,-1
232,23,778.47,863.98,65.97,144.82,1.74,-1,-1,-1
232,12,1167.45,604.70,50.59,81.87,1.71,-1,-1,-1
232,25,310.73,576.82,53.61,95.65,1.73,-1,-1,-1
232,26,231.62,420.25,46.49,60.56,1.69,-1,-1,-1
232,15,1617.06,356.36,24.98,46.64,1.62,-1,-1,-1
232,4,1896.33,577.63,23.23,88.84,1.50,-1,-1,-1
232,24,1750.44,459.86,32.96,67.44,0.91,-1,-1,-1
233,2,1584.18,438.14,31.40,63.36,1.68,-1,-1,-1
233,5,304.16,444.62,35.30,62.95,1.62,-1,-1,-1
233,6,1070.39,467.87,33.10,72.14,1.69,-1,-1,-1
233,7,1550.30,592.84,45.31,84.85,1.70,-1,-1,-1
233,11,528.81,562.86,53.61,76.33,1.71,-1,-1,-1
233,13,954.17,383.41,20.52,54.48,1.62,-1,-1,-1
233,14,1651.33,457.42,27.87,68.56,1.68,-1,-1,-1
233,22,931.29,375.81,20.42,51.92,1.61,-1,-1,-1
233,23,775.89,860.33,66.48,146.96,1.73,-1,-1,-1
233,12,1160.88,605.82,47.13,88.08,1.68,-1,-1,-1
233,25,308.98,576.79,54.10,95.49,1.72,-1,-1,-1
233,26,232.18,416.73,40.33,63.14,1.69,-1,-1,-1
233,15,1613.45,356.61,25.64,44.77,1.60,-1,-1,-1
233,4,1887.17,577.85,33.00,91.48,1.67,-1,-1,-1
233,24,1746.86,459.26,33.79,71.17,0.68,-1,-1,-1
234,2,1581.85,437.73,31.26,63.14,1.67,-1,-1,-1
234,5,296.33,442.31,27.24,64.95,1.61,-1,-1,-1
234,6,1065.70,469.28,31.49,70.72,1.70,-1,-1,-1
234,7,1547.49,593.07,45.37,83.60,1.70,-1,-1,-1
234,11,528.16,564.53,53.31,73.65,1.71,-1,-1,-1
234,13,948.15,382.80,21.88,54.18,1.64,-1,-1,-1
234,14,1649.27,457.11,28.60,67.91,1.66,-1,-1,-1
234,22,927.27,374.86,20.20,50.43,1.65,-1,-1,-1
234,23,772.85,856.98,66.27,146.80,1.73,-1,-1,-1
234,12,1156.16,609.16,43.17,85.41,1.69,-1,-1,-1
234,25,307.62,576.50,51.74,94.96,1.72,-1,-1,-1
234,26,227.93,415.63,39.77,63.32,1.68,-1,-1,-1
234,15,1609.54,357.37,25.44,43.91,1.63,-1,-1,-1
234,4,1881.27,579.32,39.21,92.26,1.70,-1,-1,-1
235,2,1577.95,436.04,31.18,63.91,1.60,-1,-1,-1
235,5,286.12,441.01,28.26,64.23,1.63,-1,-1,-1
235,6,1062.50,471.90,29.27,66.71,1.67,-1,-1,-1
235,7,1544.36,593.10,46.48,84.00,1.71,-1,-1,-1
235,11,525.36,567.34,48.26,70.37,1.71,-1,-1,-1
235,13,943.29,382.27,22.29,54.43,1.66,-1,-1,-1
235,14,1647.71,456.07,27.34,68.37,1.66,-1,-1,-1
235,22,923.40,373.26,20.35,52.82,1.64,-1,-1,-1
235,23,770.26,855.53,65.93,144.39,1.73,-1,-1,-1
235,12,1154.73,611.34,37.98,82.20,1.68,-1,-1,-1
235,25,307.48,576.23,46.96,93.72,1.70,-1,-1,-1
235,26,225.27,412.16,35.28,67.13,1.69,-1,-1,-1
235,15,1605.33,357.11,26.48,44.51,1.62,-1,-1,-1
235,4,1875.35,581.41,43.99,91.89,1.71,-1,-1,-1
236,2,1574.84,435.25,32.08,64.27,1.62,-1,-1,-1
236,5,276.65,439.86,33.38,66.92,1.66,-1,-1,-1
236,6,1057.36,472.53,29.47,64.87,1.69,-1,-1,-1
236,7,1539.70,593.15,48.03,88.45,1.69,-1,-1,-1
236,11,517.58,567.79,46.75,69.24,1.62,-1,-1,-1
236,13,936.86,381.62,24.18,55.86,1.65,-1,-1,-1
236,14,1646.20,455.10,25.57,69.20,1.66,-1,-1,-1
236,22,918.71,372.60,20.30,54.31,1.65,-1,-1,-1
236,23,769.86,855.53,62.21,146.60,1.73,-1,-1,-1
236,12,1154.58,612.61,30.39,80.57,1.66,-1,-1,-1
236,25,305.42,576.27,46.19,93.52,1.69,-1,-1,-1
236,26,223.88,410.32,28.26,68.05,1.67,-1,-1,-1
236,15,1600.27,356.35,27.07,43.93,1.64,-1,-1,-1
236,4,1871.56,583.18,42.38,89.15,1.70,-1,-1,-1
237,2,1568.79,434.16,32.72,68.41,1.65,-1,-1,-1
237,5,261.70,439.98,41.74,66.64,1.66,-1,-1,-1
237,6,1053.78,472.37,27.59,63.69,1.68,-1,-1,-1
237,7,1536.91,593.34,47.34,91.75,1.70,-1,-1,-1
237,11,511.76,568.16,44.74,69.79,1.70,-1,-1,-1
237,13,935.03,381.19,23.69,56.34,1.64,-1,-1,-1
237,14,1643.20,453.18,25.63,72.76,1.64,-1,-1,-1
237,22,912.91,373.14,22.18,54.79,1.66,-1,-1,-1
237,23,766.78,856.12,60.12,146.13,1.74,-1,-1,-1
237,12,1150.62,612.29,27.84,81.29,1.64,-1,-1,-1
237,25,302.69,576.06,44.78,95.77,1.71,-1,-1,-1
237,26,217.97,408.36,27.26,68.40,1.67,-1,-1,-1
237,15,1596.17,355.13,26.42,44.94,1.64,-1,-1,-1
237,4,1864.66,582.98,45.82,87.93,1.67,-1,-1,-1
238,2,1568.04,434.47,30.59,68.17,1.60,-1,-1,-1
238,5,248.34,440.16,48.60,69.29,1.69,-1,-1,-1
238,6,1047.54,472.03,29.22,63.75,1.69,-1,-1,-1
238,7,1532.30,594.39,46.94,92.10,1.71,-1,-1,-1
238,11,504.50,567.95,47.71,70.89,1.67,-1,-1,-1
238,13,931.68,382.29,22.32,54.59,1.65,-1,-1,-1
238,14,1639.06,453.06,27.69,73.18,1.66,-1,-1,-1
238,22,907.11,373.55,23.17,53.93,1.66,-1,-1,-1
238,23,763.03,859.29,58.30,143.56,1.73,-1,-1,-1
238,12,1144.66,613.28,27.95,87.94,1.63,-1,-1,-1
238,25,300.24,576.96,42.72,96.51,1.72,-1,-1,-1
238,26,214.55,406.05,27.45,69.05,1.67,-1,-1,-1
238,15,1593.39,353.81,23.48,46.31,1.64,-1,-1,-1
238,4,1858.41,582.84,44.51,87.81,1.69,-1,-1,-1
239,2,1565.59,435.54,30.21,67.40,1.66,-1,-1,-1
239,5,239.82,441.50,49.06,69.09,1.69,-1,-1,-1
239,6,1040.68,470.22,31.12,66.78,1.71,-1,-1,-1
239,7,1527.64,596.26,46.72,90.99,1.69,-1,-1,-1
239,11,503.86,567.98,44.56,73.33,1.70,-1,-1,-1
239,13,927.37,381.79,23.09,54.87,1.62,-1,-1,-1
239,14,1636.05,453.69,27.46,73.57,1.66,-1,-1,-1
239,22,902.50,374.95,24.03,53.02,1.66,-1,-1,-1
239,23,758.46,864.34,58.99,138.03,1.72,-1,-1,-1
239,12,1139.35,615.86,28.11,95.89,1.64,-1,-1,-1
239,25,299.23,578.97,42.23,96.98,1.72,-1,-1,-1
239,26,209.76,406.43,26.77,68.71,1.65,-1,-1,-1
239,15,1589.18,353.68,24.19,47.38,1.62,-1,-1,-1
239,4,1854.07,582.40,42.95,92.21,1.68,-1,-1,-1
240,2,1561.82,436.88,29.74,67.92,1.68,-1,-1,-1
240,5,233.14,444.92,46.45,66.54,1.69,-1,-1,-1
240,6,1035.80,470.06,32.52,71.32,1.69,-1,-1,-1
240,7,1521.36,599.27,46.75,86.87,1.70,-1,-1,-1
240,11,498.79,568.35,45.54,75.63,1.68,-1,-1,-1
240,13,924.01,382.35,20.86,53.90,1.65,-1,-1,-1
240,14,1632.48,454.73,28.56,73.03,1.65,-1,-1,-1
240,22,897.65,375.16,25.20,53.18,1.68,-1,-1,-1
240,23,755.85,868.73,58.94,132.13,1.73,-1,-1,-1
240,12,1131.00,618.35,31.10,96.60,1.66,-1,-1,-1
240,25,298.79,581.01,42.63,96.03,1.72,-1,-1,-1
240,26,207.37,406.61,25.09,68.84,1.67,-1,-1,-1
240,15,1584.37,354.13,24.43,48.00,1.66,-1,-1,-1
240,4,1847.08,583.37,42.71,95.52,1.67,-1,-1,-1
241,2,1557.88,439.07,30.47,65.53,1.66,-1,-1,-1
241,5,225.61,445.57,42.33,66.35,1.63,-1,-1,-1
241,6,1032.55,470.94,31.92,73.11,1.69,-1,-1,-1
241,7,1519.51,601.90,43.12,84.23,1.70,-1,-1,-1
241,11,488.74,570.38,53.21,75.00,1.72,-1,-1,-1
241,13,920.99,382.32,20.94,53.63,1.63,-1,-1,-1
241,14,1627.12,456.56,30.34,72.06,1.66,-1,-1,-1
241,22,895.55,375.41,22.69,52.83,1.66,-1,-1,-1
241,23,751.23,872.23,60.79,128.61,1.73,-1,-1,-1
241,12,1119.01,622.60,44.40,94.01,1.67,-1,-1,-1
241,25,302.58,582.81,42.37,95.29,1.72,-1,-1,-1
241,26,202.86,408.00,26.47,67.63,1.66,-1,-1,-1
241,15,1579.75,356.26,25.24,47.06,1.63,-1,-1,-1
241,4,1837.87,584.84,44.00,95.47,1.69,-1,-1,-1
241,24,1715.50,460.20,31.88,72.63,1.54,-1,-1,-1
242,2,1553.76,439.90,30.78,64.84,1.69,-1,-1,-1
242,5,217.89,446.74,38.15,65.27,1.53,-1,-1,-1
242,6,1030.56,473.08,29.46,72.62,1.69,-1,-1,-1
242,7,1512.27,602.90,45.16,82.85,1.69,-1,-1,-1
242,11,480.57,572.63,57.31,73.86,1.72,-1,-1,-1
242,13,918.50,382.07,20.31,54.97,1.63,-1,-1,-1
242,14,1623.50,457.79,30.44,70.61,1.68,-1,-1,-1
242,22,891.36,375.10,23.67,52.79,1.68,-1,-1,-1
242,23,746.73,874.86,63.46,123.70,1.73,-1,-1,-1
242,12,1104.41,627.52,63.64,89.09,1.73,-1,-1,-1
242,25,305.92,583.88,40.47,96.05,1.71,-1,-1,-1
242,26,199.12,411.10,25.87,65.07,1.66,-1,-1,-1
242,15,1574.99,359.49,25.15,46.19,1.63,-1,-1,-1
242,4,1832.00,587.21,43.57,96.29,1.68,-1,-1,-1
243,2,1551.38,440.62,28.89,64.35,1.67,-1,-1,-1
243,5,213.07,446.46,34.32,65.82,1.57,-1,-1,-1
243,6,1026.02,475.45,29.40,72.36,1.70,-1,-1,-1
243,7,1505.39,603.31,49.05,85.65,1.70,-1,-1,-1
243,11,480.13,574.79,54.32,70.63,1.72,-1,-1,-1
243,13,914.42,381.78,20.98,55.93,1.65,-1,-1,-1
243,14,1617.79,459.26,32.68,68.98,1.67,-1,-1,-1
243,22,887.00,375.04,24.18,53.77,1.67,-1,-1,-1
243,23,742.91,875.65,69.30,121.24,1.73,-1,-1,-1
243,12,1097.03,630.96,68.01,85.87,1.73,-1,-1,-1
243,25,302.88,583.27,47.35,97.59,1.71,-1,-1,-1
243,26,193.93,411.90,27.98,65.02,1.65,-1,-1,-1
243,15,1570.03,359.28,25.27,45.61,1.64,-1,-1,-1
243,4,1823.23,590.35,45.78,97.79,1.67,-1,-1,-1
244,2,1547.92,440.17,28.34,65.10,1.67,-1,-1,-1
244,5,208.50,446.52,32.23,65.63,1.58,-1,-1,-1
244,6,1021.48,476.67,30.40,71.42,1.70,-1,-1,-1
244,7,1504.46,604.14,46.10,90.89,1.71,-1,-1,-1
244,11,480.50,575.88,56.63,69.81,1.69,-1,-1,-1
244,13,909.87,381.82,22.39,57.13,1.63,-1,-1,-1
244,14,1615.74,459.67,31.90,68.01,1.69,-1,-1,-1
244,22,882.25,375.29,24.56,55.52,1.66,-1,-1,-1
244,23,741.39,874.73,71.44,121.70,1.73,-1,-1,-1
244,12,1094.41,632.10,63.76,89.33,1.71,-1,-1,-1
244,25,303.89,583.60,46.09,98.46,1.73,-1,-1,-1
244,26,191.78,412.47,27.26,65.39,1.64,-1,-1,-1
244,15,1565.02,360.01,26.35,43.33,1.64,-1,-1,-1
244,4,1816.86,593.35,43.42,94.53,1.68,-1,-1,-1
244,28,1886.25,772.41,34.28,112.35,1.66,-1,-1,-1
245,2,1543.66,439.27,28.40,66.44,1.66,-1,-1,-1
245,5,198.34,446.16,34.67,70.49,1.67,-1,-1,-1
245,6,1017.09,478.77,30.49,68.45,1.70,-1,-1,-1
245,7,1502.65,606.05,44.86,92.48,1.70,-1,-1,-1
245,11,487.53,576.52,50.93,72.33,1.72,-1,-1,-1
245,13,905.86,382.71,21.81,56.12,1.64,-1,-1,-1
245,14,1613.61,458.45,30.42,70.29,1.67,-1,-1,-1
245,22,877.54,376.19,24.99,55.26,1.67,-1,-1,-1
245,23,740.84,873.51,71.76,124.46,1.72,-1,-1,-1
245,12,1089.38,634.95,58.89,93.67,1.69,-1,-1,-1
245,25,304.03,584.48,45.47,98.67,1.72,-1,-1,-1
245,26,189.96,411.86,25.80,65.38,1.63,-1,-1,-1
245,15,1560.16,359.13,25.65,45.37,1.64,-1,-1,-1
245,4,1808.83,594.01,44.21,92.83,1.70,-1,-1,-1
245,28,1865.46,771.40,55.02,111.62,1.70,-1,-1,-1
246,2,1540.49,439.41,26.97,67.81,1.67,-1,-1,-1
246,5,184.93,446.39,40.71,70.81,1.66,-1,-1,-1
246,6,1013.64,478.84,30.98,68.06,1.70,-1,-1,-1
246,7,1499.98,608.39,43.87,92.54,1.72,-1,-1,-1
246,11,487.05,577.14,49.64,75.64,1.72,-1,-1,-1
246,13,902.67,383.50,22.45,56.42,1.65,-1,-1,-1
246,14,1610.08,457.87,30.12,74.67,1.65,-1,-1,-1
246,22,873.46,376.91,24.20,55.12,1.66,-1,-1,-1
246,23,741.13,871.99,69.33,131.08,1.73,-1,-1,-1
246,12,1081.76,639.16,51.87,98.02,1.68,-1,-1,-1
246,25,304.00,585.44,43.73,98.95,1.71,-1,-1,-1
246,26,187.33,409.78,26.07,68.35,1.64,-1,-1,-1
246,15,1553.94,359.33,27.10,46.34,1.62,-1,-1,-1
246,4,1802.60,594.11,43.71,92.28,1.69,-1,-1,-1
246,28,1847.72,769.60,65.08,114.72,1.73,-1,-1,-1
247,2,1535.80,439.56,28.19,70.62,1.68,-1,-1,-1
247,5,178.57,448.53,40.61,71.10,1.66,-1,-1,-1
247,6,1010.35,477.91,29.84,69.11,1.70,-1,-1,-1
247,7,1495.38,610.62,45.24,91.07,1.70,-1,-1,-1
247,11,486.10,578.54,45.02,77.42,1.72,-1,-1,-1
247,13,898.81,384.21,21.54,55.75,1.62,-1,-1,-1
247,14,1606.29,458.63,29.60,74.41,1.67,-1,-1,-1
247,22,870.06,377.93,23.32,55.07,1.68,-1,-1,-1
247,23,738.68,870.40,69.28,134.16,1.72,-1,-1,-1
247,12,1081.51,642.78,43.01,97.97,1.69,-1,-1,-1
247,25,303.97,587.08,42.44,97.88,1.71,-1,-1,-1
247,26,182.98,408.24,27.37,68.35,1.58,-1,-1,-1
247,15,1550.81,358.69,24.58,48.40,1.63,-1,-1,-1
247,4,1794.98,593.53,44.81,92.51,1.67,-1,-1,-1
247,28,1831.92,768.63,67.98,116.71,1.73,-1,-1,-1
248,2,1531.13,440.46,27.80,70.83,1.66,-1,-1,-1
248,5,169.81,449.14,42.19,72.20,1.66,-1,-1,-1
248,6,1007.31,478.02,29.93,71.49,1.70,-1,-1,-1
248,7,1489.96,612.82,47.36,87.35,1.70,-1,-1,-1
248,11,484.46,579.43,41.34,78.07,1.70,-1,-1,-1
248,13,894.45,384.49,22.38,54.93,1.63,-1,-1,-1
248,14,1602.68,459.40,28.98,74.20,1.67,-1,-1,-1
248,22,865.37,379.40,23.27,53.26,1.66,-1,-1,-1
248,23,740.00,868.77,65.06,135.13,1.72,-1,-1,-1
248,12,1083.52,647.36,33.27,91.22,1.65,-1,-1,-1
248,25,308.79,589.39,37.63,95.98,1.70,-1,-1,-1
248,26,179.30,406.57,28.79,69.45,1.59,-1,-1,-1
248,15,1545.40,359.96,24.01,46.81,1.62,-1,-1,-1
248,4,1786.28,594.10,46.45,97.56,1.69,-1,-1,-1
248,28,1820.21,768.65,68.44,117.36,1.72,-1,-1,-1
248,24,1680.25,465.87,32.70,69.72,1.09,-1,-1,-1
249,2,1526.46,442.25,27.53,69.76,1.67,-1,-1,-1
249,5,166.38,451.41,38.30,69.01,1.63,-1,-1,-1
249,6,1003.48,478.01,30.10,74.91,1.71,-1,-1,-1
249,7,1487.00,613.74,48.47,85.10,1.71,-1,-1,-1
249,11,481.70,580.87,38.71,76.90,1.71,-1,-1,-1
249,13,890.80,384.65,21.13,54.06,1.64,-1,-1,-1
249,14,1599.10,460.44,28.91,73.62,1.68,-1,-1,-1
249,22,860.88,379.88,22.38,52.70,1.67,-1,-1,-1
249,23,740.98,867.26,61.01,134.96,1.72,-1,-1,-1
249,12,1074.14,650.12,37.50,87.38,1.67,-1,-1,-1
249,25,314.08,591.14,30.91,93.38,1.70,-1,-1,-1
249,26,175.46,407.02,30.17,70.93,1.62,-1,-1,-1
249,15,1539.55,360.61,24.33,47.08,1.65,-1,-1,-1
249,4,1781.89,594.78,44.35,99.97,1.69,-1,-1,-1
249,28,1809.63,769.17,68.08,121.58,1.70,-1,-1,-1
249,24,1674.33,465.14,33.09,71.88,0.63,-1,-1,-1
250,2,1520.12,443.36,30.34,68.90,1.67,-1,-1,-1
250,5,160.05,452.32,35.19,67.31,1.63,-1,-1,-1
250,6,1000.03,478.65,29.31,77.44,1.69,-1,-1,-1
250,7,1482.91,614.19,50.55,87.13,1.72,-1,-1,-1
250,11,480.12,582.73,36.63,74.39,1.71,-1,-1,-1
250,13,886.84,383.91,21.44,54.25,1.62,-1,-1,-1
250,14,1594.19,462.05,30.06,72.22,1.67,-1,-1,-1
250,22,856.14,379.63,22.96,53.06,1.67,-1,-1,-1
250,23,740.32,866.84,58.88,134.12,1.73,-1,-1,-1
250,12,1065.51,652.62,39.59,92.22,1.67,-1,-1,-1
250,25,316.19,591.29,29.82,92.70,1.69,-1,-1,-1
250,26,174.31,407.32,26.94,66.57,1.63,-1,-1,-1
250,15,1531.84,360.93,29.08,46.89,1.60,-1,-1,-1
250,4,1776.14,597.01,41.71,98.85,1.69,-1,-1,-1
250,28,1804.66,770.94,60.07,121.70,1.71,-1,-1,-1
250,24,1668.91,465.39,33.65,75.14,0.96,-1,-1,-1
251,2,1513.53,443.50,31.42,68.71,1.68,-1,-1,-1
251,5,153.24,452.15,32.00,67.39,1.58,-1,-1,-1
251,6,994.91,479.75,29.54,77.00,1.69,-1,-1,-1
251,7,1479.09,614.57,52.19,92.27,1.73,-1,-1,-1
251,11,478.38,584.13,35.95,72.25,1.71,-1,-1,-1
251,13,880.85,383.32,22.53,57.01,1.63,-1,-1,-1
251,14,1590.50,464.23,28.15,69.09,1.67,-1,-1,-1
251,22,851.20,378.65,22.07,53.50,1.66,-1,-1,-1
251,23,737.65,866.26,61.14,135.17,1.73,-1,-1,-1
251,12,1056.40,653.67,41.82,101.88,1.63,-1,-1,-1
251,25,315.04,590.14,33.11,93.37,1.70,-1,-1,-1
251,26,170.21,408.12,28.86,68.04,1.66,-1,-1,-1
251,15,1525.70,361.47,26.46,46.56,1.62,-1,-1,-1
251,4,1770.97,599.51,40.24,101.12,1.68,-1,-1,-1
251,28,1798.47,772.77,53.55,118.63,1.69,-1,-1,-1
252,2,1508.04,443.25,32.19,67.25,1.65,-1,-1,-1
252,5,146.76,451.00,33.80,67.95,1.63,-1,-1,-1
252,6,990.72,481.74,30.70,76.67,1.69,-1,-1,-1
252,7,1473.08,614.70,53.26,96.55,1.71,-1,-1,-1
252,11,473.68,584.41,37.88,76.43,1.70,-1,-1,-1
252,13,876.42,382.81,22.89,54.89,1.65,-1,-1,-1
252,14,1585.20,465.21,28.37,66.91,1.64,-1,-1,-1
252,22,847.45,378.38,22.26,54.36,1.68,-1,-1,-1
252,23,736.17,866.95,64.49,137.36,1.74,-1,-1,-1
252,12,1057.17,657.44,31.43,104.51,1.65,-1,-1,-1
252,25,311.78,588.89,38.96,94.18,1.71,-1,-1,-1
252,26,166.76,408.95,27.31,65.42,1.67,-1,-1,-1
252,15,1519.56,362.05,26.22,45.27,1.62,-1,-1,-1
252,4,1760.49,601.40,43.49,98.11,1.68,-1,-1,-1
252,28,1780.72,773.12,57.51,115.42,1.70,-1,-1,-1
253,2,1502.71,441.40,30.98,68.43,1.65,-1,-1,-1
253,5,140.74,449.53,33.56,69.44,1.64,-1,-1,-1
253,6,984.80,483.66,31.91,74.00,1.70,-1,-1,-1
253,7,1469.90,615.73,51.90,96.06,1.72,-1,-1,-1
253,11,465.59,583.69,43.65,79.97,1.70,-1,-1,-1
253,13,872.73,381.91,21.46,56.99,1.65,-1,-1,-1
253,14,1579.71,464.47,29.14,68.81,1.65,-1,-1,-1
253,22,840.95,377.85,22.80,55.75,1.66,-1,-1,-1
253,23,734.69,868.12,66.50,136.40,1.74,-1,-1,-1
253,12,1044.07,661.18,36.28,102.15,1.62,-1,-1,-1
253,25,310.54,588.36,45.46,96.26,1.71,-1,-1,-1
253,26,163.35,408.73,28.37,65.11,1.68,-1,-1,-1
253,15,1511.12,361.06,26.52,46.25,1.63,-1,-1,-1
253,4,1750.93,602.00,45.92,97.15,1.69,-1,-1,-1
253,28,1767.71,772.46,61.29,113.97,1.70,-1,-1,-1
254,2,1496.35,440.20,30.30,69.97,1.65,-1,-1,-1
254,5,130.03,448.89,37.07,72.24,1.63,-1,-1,-1
254,6,979.19,483.78,32.61,71.77,1.68,-1,-1,-1
254,7,1467.34,617.77,49.59,93.39,1.71,-1,-1,-1
254,11,459.28,583.80,47.68,82.04,1.70,-1,-1,-1
254,13,867.62,381.59,21.84,56.74,1.64,-1,-1,-1
254,14,1574.01,464.18,28.62,70.28,1.67,-1,-1,-1
254,22,834.87,378.22,23.64,56.72,1.67,-1,-1,-1
254,23,731.89,869.45,68.25,133.04,1.74,-1,-1,-1
254,12,1024.81,665.02,53.12,97.13,1.68,-1,-1,-1
254,25,309.69,588.87,48.12,95.87,1.72,-1,-1,-1
254,26,160.19,408.04,27.87,64.01,1.66,-1,-1,-1
254,15,1503.55,360.04,26.57,46.98,1.65,-1,-1,-1
254,4,1745.08,601.71,42.92,95.14,1.70,-1,-1,-1
254,28,1758.35,770.96,60.76,113.08,1.71,-1,-1,-1
254,29,1889.27,801.92,30.94,119.61,1.06,-1,-1,-1
255,2,1491.61,439.22,27.90,73.70,1.68,-1,-1,-1
255,5,120.16,448.27,38.66,74.59,1.64,-1,-1,-1
255,6,976.23,483.38,30.88,71.60,1.69,-1,-1,-1
255,7,1463.06,619.36,49.73,91.53,1.71,-1,-1,-1
255,11,451.96,584.48,52.19,83.06,1.71,-1,-1,-1
255,13,863.40,381.90,21.13,55.18,1.64,-1,-1,-1
255,14,1566.98,463.96,31.11,71.61,1.64,-1,-1,-1
255,22,828.35,378.65,24.43,56.99,1.65,-1,-1,-1
255,23,729.00,872.28,67.79,133.94,1.73,-1,-1,-1
255,12,1008.84,667.92,62.51,93.48,1.71,-1,-1,-1
255,25,309.27,590.34,45.96,96.01,1.72,-1,-1,-1
255,26,156.74,407.66,28.17,64.63,1.67,-1,-1,-1
255,15,1495.43,358.65,27.85,50.21,1.66,-1,-1,-1
255,4,1738.16,600.86,42.66,98.55,1.69,-1,-1,-1
255,28,1748.09,769.05,60.06,122.58,1.70,-1,-1,-1
255,29,1880.99,802.42,39.43,116.53,1.65,-1,-1,-1
256,2,1486.14,439.57,26.80,72.73,1.68,-1,-1,-1
256,5,111.06,447.96,40.61,75.06,1.64,-1,-1,-1
256,6,972.42,481.88,29.09,71.42,1.69,-1,-1,-1
256,7,1461.77,619.83,47.31,90.06,1.71,-1,-1,-1
256,11,448.03,585.08,51.85,83.84,1.72,-1,-1,-1
256,13,856.77,382.39,21.77,56.05,1.64,-1,-1,-1
256,14,1563.90,464.28,29.91,72.19,1.65,-1,-1,-1
256,22,821.58,379.72,26.06,55.41,1.64,-1,-1,-1
256,23,722.57,874.38,67.61,142.98,1.73,-1,-1,-1
256,12,996.70,669.54,66.77,99.43,1.71,-1,-1,-1
256,25,309.78,591.99,42.96,94.36,1.72,-1,-1,-1
256,26,152.71,406.55,27.27,65.14,1.66,-1,-1,-1
256,15,1487.64,357.91,27.08,50.11,1.63,-1,-1,-1
256,4,1731.99,600.42,42.08,103.12,1.69,-1,-1,-1
256,28,1736.00,769.19,59.30,126.13,1.72,-1,-1,-1
256,29,1864.47,802.40,55.91,114.64,1.69,-1,-1,-1
257,2,1479.82,439.82,28.30,73.05,1.67,-1,-1,-1
257,5,104.10,447.92,39.24,76.32,1.68,-1,-1,-1
257,6,967.46,481.04,30.07,77.63,1.69,-1,-1,-1
257,7,1460.54,619.69,46.76,90.64,1.71,-1,-1,-1
257,11,447.21,586.70,48.26,81.14,1.72,-1,-1,-1
257,13,852.26,382.32,22.05,54.04,1.62,-1,-1,-1
257,14,1558.94,464.77,27.18,71.85,1.67,-1,-1,-1
257,22,816.65,379.60,24.26,54.52,1.65,-1,-1,-1
257,23,718.37,879.29,67.55,139.83,1.73,-1,-1,-1
257,12,986.58,672.57,64.56,109.09,1.67,-1,-1,-1
257,25,307.61,592.89,45.02,92.57,1.73,-1,-1,-1
257,26,148.02,404.92,28.11,66.01,1.66,-1,-1,-1
257,15,1480.42,358.74,26.19,49.35,1.65,-1,-1,-1
257,4,1724.28,600.66,42.02,103.25,1.67,-1,-1,-1
257,28,1719.02,769.90,64.77,126.34,1.73,-1,-1,-1
257,29,1841.93,800.87,64.94,113.78,1.70,-1,-1,-1
258,2,1473.54,441.19,29.47,73.39,1.67,-1,-1,-1
258,5,92.52,450.11,42.83,76.16,1.65,-1,-1,-1
258,6,961.68,480.77,30.62,79.60,1.69,-1,-1,-1
258,7,1456.02,619.53,48.13,97.04,1.72,-1,-1,-1
258,11,446.88,586.62,46.95,80.24,1.71,-1,-1,-1
258,13,847.14,381.50,21.76,53.79,1.65,-1,-1,-1
258,14,1552.18,465.12,30.54,70.30,1.67,-1,-1,-1
258,22,809.78,379.15,25.64,53.77,1.67,-1,-1,-1
258,23,714.46,881.93,67.04,137.46,1.73,-1,-1,-1
258,12,981.81,676.43,57.99,112.85,1.66,-1,-1,-1
258,25,303.77,593.55,47.75,91.91,1.72,-1,-1,-1
258,26,143.06,403.74,29.26,66.21,1.68,-1,-1,-1
258,15,1472.47,359.34,25.25,47.32,1.65,-1,-1,-1
258,4,1717.90,602.66,41.30,102.25,1.67,-1,-1,-1
258,28,1706.61,770.94,64.13,126.88,1.72,-1,-1,-1
258,29,1825.63,799.18,67.85,124.39,1.71,-1,-1,-1
259,2,1468.57,441.86,29.17,71.70,1.67,-1,-1,-1
259,5,81.96,451.36,43.20,74.16,1.66,-1,-1,-1
259,6,956.72,482.06,30.71,79.27,1.70,-1,-1,-1
259,7,1454.53,620.05,48.14,100.17,1.70,-1,-1,-1
259,11,448.44,585.82,42.07,80.15,1.71,-1,-1,-1
259,13,841.82,380.03,22.39,54.00,1.64,-1,-1,-1
259,14,1546.32,466.07,29.77,68.26,1.67,-1,-1,-1
259,22,803.48,378.12,25.36,54.04,1.67,-1,-1,-1
259,23,711.66,881.13,64.51,137.59,1.72,-1,-1,-1
259,12,983.66,682.17,47.77,109.73,1.66,-1,-1,-1
259,25,299.69,593.22,48.82,92.20,1.72,-1,-1,-1
259,26,136.54,402.75,32.26,65.98,1.68,-1,-1,-1
259,15,1464.34,358.95,24.41,47.57,1.64,-1,-1,-1
259,4,1710.85,605.01,42.16,103.04,1.69,-1,-1,-1
259,28,1697.72,773.59,61.61,124.32,1.71,-1,-1,-1
259,29,1814.20,798.36,64.79,127.99,1.71,-1,-1,-1
260,2,1462.64,441.76,29.33,70.64,1.67,-1,-1,-1
260,5,75.28,451.86,40.03,73.43,1.66,-1,-1,-1
260,6,950.43,482.83,31.57,79.87,1.70,-1,-1,-1
260,7,1452.78,621.97,46.89,101.55,1.69,-1,-1,-1
260,11,446.62,585.01,39.20,80.93,1.71,-1,-1,-1
260,13,837.01,379.03,21.41,52.77,1.64,-1,-1,-1
260,14,1539.98,465.28,31.61,67.57,1.66,-1,-1,-1
260,22,797.14,376.95,25.72,55.92,1.68,-1,-1,-1
260,23,706.55,878.79,63.51,138.07,1.72,-1,-1,-1
260,12,960.44,689.05,64.69,100.98,1.71,-1,-1,-1
260,25,297.10,592.23,45.48,94.46,1.72,-1,-1,-1
260,26,129.97,401.64,32.50,66.81,1.67,-1,-1,-1
260,15,1455.29,357.89,25.88,47.31,1.66,-1,-1,-1
260,4,1703.02,607.22,42.17,100.22,1.68,-1,-1,-1
260,28,1686.01,774.97,58.01,121.83,1.70,-1,-1,-1
260,29,1796.19,799.02,68.72,127.77,1.69,-1,-1,-1
261,2,1454.86,440.79,30.08,70.48,1.66,-1,-1,-1
261,5,71.21,451.43,35.91,72.09,1.69,-1,-1,-1
261,6,944.35,485.36,32.04,77.44,1.70,-1,-1,-1
261,7,1448.64,623.91,46.49,97.75,1.72,-1,-1,-1
261,11,444.61,583.62,37.00,87.60,1.71,-1,-1,-1
261,13,831.38,377.04,23.19,55.61,1.66,-1,-1,-1
261,14,1532.34,463.89,32.11,70.10,1.66,-1,-1,-1
261,22,791.04,377.11,24.44,58.36,1.68,-1,-1,-1
261,23,702.21,872.96,63.11,138.90,1.73,-1,-1,-1
261,12,938.38,691.43,81.68,97.60,1.72,-1,-1,-1
261,25,296.42,591.55,43.39,98.24,1.70,-1,-1,-1
261,26,126.52,401.71,31.30,65.83,1.68,-1,-1,-1
261,15,1445.37,356.03,27.78,46.12,1.64,-1,-1,-1
261,4,1693.67,608.03,41.03,97.26,1.67,-1,-1,-1
261,28,1674.27,774.29,52.81,119.19,1.69,-1,-1,-1
261,29,1781.88,800.08,66.01,127.70,1.67,-1,-1,-1
262,2,1445.66,439.84,28.06,69.78,1.64,-1,-1,-1
262,5,69.09,450.71,34.08,72.61,1.68,-1,-1,-1
262,6,938.52,486.76,31.93,74.45,1.70,-1,-1,-1
262,7,1441.95,624.26,46.32,95.92,1.71,-1,-1,-1
262,11,442.25,583.12,38.33,90.53,1.70,-1,-1,-1
262,13,825.50,376.80,22.75,55.32,1.65,-1,-1,-1
262,14,1522.78,463.49,31.39,72.43,1.68,-1,-1,-1
262,22,785.07,377.11,24.37,56.50,1.67,-1,-1,-1
262,23,696.30,867.51,63.07,133.05,1.73,-1,-1,-1
262,12,926.27,692.56,82.91,106.92,1.71,-1,-1,-1
262,25,296.83,591.33,44.32,98.78,1.71,-1,-1,-1
262,26,123.40,401.35,33.02,66.36,1.67,-1,-1,-1
262,15,1434.08,355.13,28.64,45.74,1.65,-1,-1,-1
262,4,1681.83,606.63,39.98,95.45,1.68,-1,-1,-1
262,28,1657.79,771.95,51.04,117.99,1.69,-1,-1,-1
262,29,1753.81,799.48,68.41,125.30,1.70,-1,-1,-1
263,2,1438.33,436.93,28.51,74.92,1.67,-1,-1,-1
263,5,61.98,449.61,33.70,76.05,1.69,-1,-1,-1
263,6,932.27,485.53,32.55,74.40,1.70,-1,-1,-1
263,7,1437.91,624.40,47.90,92.32,1.72,-1,-1,-1
263,11,439.52,584.20,38.30,90.21,1.70,-1,-1,-1
263,13,818.65,376.30,24.14,55.11,1.66,-1,-1,-1
263,14,1514.96,462.18,31.30,74.36,1.65,-1,-1,-1
263,22,777.78,377.56,25.29,57.45,1.66,-1,-1,-1
263,23,692.03,863.76,63.48,129.74,1.72,-1,-1,-1
263,12,911.31,695.65,81.58,111.54,1.71,-1,-1,-1
263,25,296.81,591.49,41.34,98.56,1.72,-1,-1,-1
263,26,120.25,401.39,29.93,64.71,1.66,-1,-1,-1
263,15,1424.07,353.83,30.54,47.09,1.64,-1,-1,-1
263,4,1673.25,604.83,38.80,101.55,1.69,-1,-1,-1
263,28,1645.08,769.97,49.25,115.58,1.68,-1,-1,-1
263,29,1743.23,798.74,54.94,122.95,1.69,-1,-1,-1
264,2,1431.17,435.55,27.74,76.58,1.67,-1,-1,-1
264,5,54.54,448.88,33.64,77.41,1.68,-1,-1,-1
264,6,927.57,483.92,31.26,74.17,1.70,-1,-1,-1
264,7,1432.92,623.89,48.58,91.35,1.72,-1,-1,-1
264,11,438.09,584.70,37.07,91.48,1.70,-1,-1,-1
264,13,813.46,375.79,25.33,54.86,1.66,-1,-1,-1
264,14,1508.99,461.42,30.09,74.97,1.67,-1,-1,-1
264,22,770.18,378.00,26.62,55.41,1.67,-1,-1,-1
264,23,689.06,859.80,64.72,126.27,1.73,-1,-1,-1
264,12,905.20,698.38,69.54,110.90,1.72,-1,-1,-1
264,25,294.18,591.96,41.11,101.06,1.72,-1,-1,-1
264,26,115.05,399.16,30.55,64.82,1.68,-1,-1,-1
264,15,1413.93,353.11,32.96,47.31,1.66,-1,-1,-1
264,4,1663.83,603.70,38.64,103.01,1.69,-1,-1,-1
264,28,1629.84,767.63,50.10,122.46,1.70,-1,-1,-1
264,29,1728.56,798.20,49.42,119.85,1.70,-1,-1,-1
265,2,1422.84,434.33,29.18,76.86,1.67,-1,-1,-1
265,5,46.63,448.20,33.42,77.82,1.68,-1,-1,-1
265,6,921.44,482.85,31.51,76.06,1.70,-1,-1,-1
265,7,1426.15,622.62,52.50,99.51,1.73,-1,-1,-1
265,11,434.20,585.55,39.33,90.42,1.69,-1,-1,-1
265,13,807.83,375.24,23.42,54.11,1.66,-1,-1,-1
265,14,1502.82,461.64,30.50,73.80,1.66,-1,-1,-1
265,22,763.31,377.17,26.77,54.41,1.69,-1,-1,-1
265,23,684.56,855.80,68.64,127.92,1.73,-1,-1,-1
265,12,899.07,701.84,56.06,107.59,1.65,-1,-1,-1
265,25,291.78,592.59,41.09,99.14,1.71,-1,-1,-1
265,26,111.30,397.84,29.40,64.36,1.67,-1,-1,-1
265,15,1402.02,351.76,32.63,48.58,1.64,-1,-1,-1
265,4,1652.57,602.96,40.85,103.87,1.66,-1,-1,-1
265,28,1612.40,765.36,54.43,126.80,1.70,-1,-1,-1
265,29,1710.55,794.95,54.93,120.03,1.71,-1,-1,-1
265,30,1905.38,419.99,14.80,66.39,1.14,-1,-1,-1
266,2,1414.61,433.74,28.69,76.27,1.67,-1,-1,-1
266,5,39.68,448.84,33.33,77.21,1.68,-1,-1,-1
266,6,915.39,480.80,31.04,79.32,1.70,-1,-1,-1
266,7,1417.00,623.09,59.40,102.90,1.73,-1,-1,-1
266,11,429.52,586.17,42.56,87.79,1.71,-1,-1,-1
266,13,802.08,374.08,23.50,53.30,1.65,-1,-1,-1
266,14,1495.27,461.42,29.61,73.06,1.66,-1,-1,-1
266,22,756.11,374.90,26.82,55.67,1.66,-1,-1,-1
266,23,679.21,851.32,71.36,130.24,1.73,-1,-1,-1
266,12,888.53,703.45,51.01,103.58,1.62,-1,-1,-1
266,25,290.08,592.58,37.27,98.01,1.71,-1,-1,-1
266,26,106.50,396.76,30.48,63.95,1.68,-1,-1,-1
266,15,1392.32,352.19,28.68,47.69,1.62,-1,-1,-1
266,4,1641.60,604.48,40.96,103.54,1.67,-1,-1,-1
266,28,1599.16,765.18,55.56,126.83,1.72,-1,-1,-1
266,29,1686.90,793.75,67.40,122.48,1.72,-1,-1,-1
266,30,1897.79,415.77,22.47,69.94,1.65,-1,-1,-1
267,2,1405.82,434.33,28.64,76.32,1.68,-1,-1,-1
267,5,32.07,448.45,33.28,77.02,1.68,-1,-1,-1
267,6,909.92,480.14,31.72,81.01,1.71,-1,-1,-1
267,7,1414.05,623.75,60.47,102.65,1.72,-1,-1,-1
267,11,425.70,584.64,44.95,87.76,1.71,-1,-1,-1
267,13,798.18,372.49,21.69,53.08,1.64,-1,-1,-1
267,14,1487.25,460.11,29.36,72.03,1.67,-1,-1,-1
267,22,751.19,373.42,24.04,56.23,1.67,-1,-1,-1
267,23,673.51,844.91,76.25,133.63,1.74,-1,-1,-1
267,12,863.63,703.30,63.23,101.58,1.68,-1,-1,-1
267,25,287.86,591.76,38.72,96.70,1.72,-1,-1,-1
267,26,101.95,394.37,30.36,64.14,1.68,-1,-1,-1
267,15,1382.61,351.47,27.58,47.47,1.63,-1,-1,-1
267,4,1630.65,605.44,42.97,101.49,1.68,-1,-1,-1
267,28,1589.32,765.51,52.87,128.75,1.69,-1,-1,-1
267,29,1663.52,792.37,80.30,126.30,1.74,-1,-1,-1
267,30,1888.24,414.80,31.82,67.46,1.68,-1,-1,-1
268,2,1396.90,433.73,30.13,73.68,1.66,-1,-1,-1
268,5,23.85,449.70,35.43,74.45,1.68,-1,-1,-1
268,6,904.32,480.62,31.69,81.20,1.71,-1,-1,-1
268,7,1414.38,624.69,57.85,103.19,1.73,-1,-1,-1
268,11,424.01,581.87,42.06,88.95,1.70,-1,-1,-1
268,13,792.38,370.30,22.68,53.55,1.64,-1,-1,-1
268,14,1479.43,458.38,29.38,70.67,1.68,-1,-1,-1
268,22,744.07,371.15,24.24,58.39,1.68,-1,-1,-1
268,23,668.99,837.55,77.22,138.07,1.73,-1,-1,-1
268,12,845.88,704.10,63.70,112.52,1.65,-1,-1,-1
268,25,284.84,589.87,38.31,96.61,1.71,-1,-1,-1
268,26,96.08,392.57,31.84,64.24,1.68,-1,-1,-1
268,15,1373.44,349.40,28.07,48.34,1.64,-1,-1,-1
268,4,1619.00,607.53,43.83,97.06,1.69,-1,-1,-1
268,28,1575.11,767.68,53.33,124.76,1.68,-1,-1,-1
268,29,1649.06,794.11,83.01,126.46,1.74,-1,-1,-1
268,30,1878.66,412.98,33.39,67.04,1.67,-1,-1,-1
268,31,1543.34,457.94,32.42,77.68,1.31,-1,-1,-1
269,2,1386.10,432.71,31.73,72.07,1.67,-1,-1,-1
269,5,15.91,449.22,35.84,73.46,1.69,-1,-1,-1
269,6,898.07,481.83,33.17,81.23,1.70,-1,-1,-1
269,7,1414.34,626.90,54.60,99.01,1.72,-1,-1,-1
269,11,421.11,580.48,42.50,93.11,1.72,-1,-1,-1
269,13,785.62,368.64,23.64,52.89,1.65,-1,-1,-1
269,14,1471.62,456.21,30.37,73.49,1.68,-1,-1,-1
269,22,736.71,370.19,25.79,58.43,1.69,-1,-1,-1
269,23,657.50,830.86,84.71,139.42,1.71,-1,-1,-1
269,12,835.01,706.65,51.60,116.33,1.66,-1,-1,-1
269,25,280.75,587.54,40.20,97.58,1.70,-1,-1,-1
269,26,89.04,391.16,34.32,63.65,1.68,-1,-1,-1
269,15,1361.80,347.41,28.19,44.35,1.64,-1,-1,-1
269,4,1608.83,607.64,44.61,94.19,1.67,-1,-1,-1
269,28,1555.00,768.20,59.99,121.14,1.69,-1,-1,-1
269,29,1640.29,795.29,74.15,123.82,1.72,-1,-1,-1
269,30,1868.10,410.22,34.03,67.24,1.68,-1,-1,-1
270,2,1377.44,431.26,32.36,71.71,1.67,-1,-1,-1
270,5,7.86,448.18,38.30,72.19,1.66,-1,-1,-1
270,6,892.11,483.16,33.87,78.19,1.71,-1,-1,-1
270,7,1410.61,627.96,51.07,95.10,1.72,-1,-1,-1
270,11,417.22,578.76,45.56,98.24,1.72,-1,-1,-1
270,13,783.12,366.18,21.37,55.71,1.65,-1,-1,-1
270,14,1464.12,455.51,30.81,76.33,1.68,-1,-1,-1
270,22,728.79,369.39,28.19,57.98,1.68,-1,-1,-1
270,23,642.66,824.79,95.82,137.77,1.73,-1,-1,-1
270,12,822.91,710.30,41.01,113.69,1.64,-1,-1,-1
270,25,278.50,586.44,44.53,99.89,1.71,-1,-1,-1
270,26,82.34,389.44,37.43,63.55,1.67,-1,-1,-1
270,15,1351.50,344.69,27.52,47.09,1.64,-1,-1,-1
270,4,1600.18,607.64,42.61,99.24,1.70,-1,-1,-1
270,28,1540.68,767.19,63.69,117.68,1.70,-1,-1,-1
270,29,1623.43,795.46,66.40,120.29,1.70,-1,-1,-1
270,30,1858.10,407.25,33.15,70.09,1.68,-1,-1,-1
271,2,1368.12,428.51,32.79,72.89,1.69,-1,-1,-1
271,5,2.92,446.23,38.13,73.76,1.68,-1,-1,-1
271,6,886.81,483.20,33.34,77.04,1.69,-1,-1,-1
271,7,1407.76,628.09,44.53,92.54,1.72,-1,-1,-1
271,11,415.76,579.01,43.54,97.40,1.71,-1,-1,-1
271,13,776.46,365.01,22.62,56.51,1.64,-1,-1,-1
271,14,1456.05,454.71,31.25,76.89,1.68,-1,-1,-1
271,22,722.92,369.84,28.89,57.16,1.68,-1,-1,-1
271,23,636.54,821.08,101.43,132.38,1.74,-1,-1,-1
271,12,792.25,712.65,54.85,110.08,1.63,-1,-1,-1
271,25,275.92,585.24,46.17,103.27,1.71,-1,-1,-1
271,26,78.51,388.14,33.71,64.41,1.68,-1,-1,-1
271,15,1340.92,343.31,27.68,50.02,1.67,-1,-1,-1
271,4,1589.62,606.99,42.22,100.98,1.69,-1,-1,-1
271,28,1528.27,764.37,65.58,121.25,1.71,-1,-1,-1
271,29,1605.22,794.68,63.65,117.75,1.69,-1,-1,-1
271,30,1848.42,405.55,31.95,72.05,1.70,-1,-1,-1
272,2,1360.66,426.25,31.61,74.01,1.68,-1,-1,-1
272,6,881.78,482.29,31.60,76.04,1.70,-1,-1,-1
272,7,1402.46,626.73,43.19,93.05,1.70,-1,-1,-1
272,11,412.44,579.79,44.33,97.80,1.71,-1,-1,-1
272,13,771.76,364.03,21.97,56.59,1.66,-1,-1,-1
272,14,1449.06,454.73,30.86,77.84,1.70,-1,-1,-1
272,22,716.88,369.84,28.37,58.63,1.67,-1,-1,-1
272,23,636.52,816.94,101.26,130.76,1.73,-1,-1,-1
272,12,774.03,713.53,65.05,110.47,1.70,-1,-1,-1
272,25,273.23,586.65,46.74,102.76,1.71,-1,-1,-1
272,26,72.67,387.05,39.88,63.38,1.69,-1,-1,-1
272,15,1330.55,342.70,28.22,50.29,1.65,-1,-1,-1
272,4,1578.50,606.83,42.66,102.39,1.69,-1,-1,-1
272,28,1519.58,762.49,62.50,127.44,1.71,-1,-1,-1
272,29,1583.66,791.23,63.38,118.97,1.72,-1,-1,-1
272,30,1838.57,404.01,32.48,72.31,1.68,-1,-1,-1
273,2,1352.53,424.75,30.58,77.22,1.68,-1,-1,-1
273,6,875.95,480.66,30.23,76.20,1.70,-1,-1,-1
273,7,1398.82,626.00,39.73,98.93,1.70,-1,-1,-1
273,11,410.35,581.57,45.14,97.09,1.70,-1,-1,-1
273,13,767.53,363.86,20.81,55.47,1.66,-1,-1,-1
273,14,1441.12,455.64,30.60,77.02,1.67,-1,-1,-1
273,22,711.41,370.05,28.48,55.89,1.66,-1,-1,-1
273,23,648.20,811.84,84.98,131.69,1.74,-1,-1,-1
273,12,753.57,715.91,72.99,110.88,1.70,-1,-1,-1
273,25,271.57,587.84,45.04,101.95,1.71,-1,-1,-1
273,26,68.77,387.21,39.65,61.87,1.69,-1,-1,-1
273,15,1321.39,342.04,27.50,49.34,1.65,-1,-1,-1
273,4,1568.84,608.14,42.80,101.00,1.68,-1,-1,-1
273,28,1507.01,761.97,62.78,129.79,1.71,-1,-1,-1
273,29,1566.11,789.71,66.67,127.30,1.70,-1,-1,-1
273,30,1826.98,403.60,33.43,70.70,1.68,-1,-1,-1
274,2,1344.13,424.93,30.57,77.07,1.68,-1,-1,-1
274,6,870.93,479.99,29.87,80.32,1.69,-1,-1,-1
274,7,1392.50,625.36,38.18,104.58,1.69,-1,-1,-1
274,11,408.78,583.19,43.48,93.68,1.70,-1,-1,-1
274,13,762.11,364.22,21.79,54.64,1.66,-1,-1,-1
274,14,1433.47,455.65,31.05,74.40,1.69,-1,-1,-1
274,22,705.66,369.52,28.63,56.49,1.67,-1,-1,-1
274,23,658.94,807.74,63.74,125.36,1.71,-1,-1,-1
274,12,735.18,719.90,76.19,116.14,1.70,-1,-1,-1
274,25,269.61,589.37,44.32,99.87,1.72,-1,-1,-1
274,26,64.63,385.98,40.64,62.15,1.70,-1,-1,-1
274,15,1311.97,342.90,25.85,49.23,1.63,-1,-1,-1
274,4,1560.20,609.86,40.11,96.98,1.69,-1,-1,-1
274,28,1494.10,762.86,62.34,130.23,1.71,-1,-1,-1
274,29,1550.71,788.07,68.44,130.06,1.71,-1,-1,-1
274,30,1817.35,404.45,32.41,67.94,1.68,-1,-1,-1
275,2,1337.26,425.51,28.33,76.68,1.68,-1,-1,-1
275,6,864.33,479.62,29.57,82.56,1.71,-1,-1,-1
275,7,1389.18,626.22,35.53,106.17,1.70,-1,-1,-1
275,11,409.02,583.07,42.48,92.07,1.70,-1,-1,-1
275,13,758.42,363.82,19.89,53.99,1.65,-1,-1,-1
275,14,1426.37,456.09,30.17,72.16,1.70,-1,-1,-1
275,22,699.69,368.53,27.18,55.15,1.67,-1,-1,-1
275,23,661.32,804.68,54.51,112.90,1.70,-1,-1,-1
275,12,720.35,724.60,67.61,119.89,1.70,-1,-1,-1
275,25,265.81,589.41,45.51,98.01,1.72,-1,-1,-1
275,26,60.02,385.37,42.22,61.64,1.69,-1,-1,-1
275,15,1301.16,342.35,25.01,48.41,1.65,-1,-1,-1
275,4,1550.55,609.90,39.98,95.24,1.68,-1,-1,-1
275,28,1480.46,764.21,61.05,130.03,1.72,-1,-1,-1
275,29,1531.39,787.59,73.56,129.73,1.72,-1,-1,-1
275,30,1808.27,404.42,31.60,67.00,1.68,-1,-1,-1
276,2,1328.67,425.61,30.52,77.32,1.69,-1,-1,-1
276,6,858.05,480.34,30.07,82.69,1.70,-1,-1,-1
276,7,1382.61,628.87,37.50,103.62,1.70,-1,-1,-1
276,11,408.73,582.80,38.18,91.65,1.69,-1,-1,-1
276,13,752.35,362.86,22.25,53.88,1.65,-1,-1,-1
276,14,1417.54,454.94,31.33,71.68,1.69,-1,-1,-1
276,22,693.49,367.38,25.86,56.97,1.69,-1,-1,-1
276,23,658.11,801.41,54.36,109.77,1.71,-1,-1,-1
276,12,705.06,728.08,59.33,114.16,1.71,-1,-1,-1
276,25,261.30,587.97,46.06,99.18,1.71,-1,-1,-1
276,26,56.36,385.06,41.09,62.37,1.70,-1,-1,-1
276,15,1290.65,341.90,25.89,49.40,1.63,-1,-1,-1
276,4,1538.76,609.67,43.73,96.41,1.68,-1,-1,-1
276,28,1468.78,766.03,56.96,126.23,1.68,-1,-1,-1
276,29,1516.38,788.26,69.10,130.34,1.69,-1,-1,-1
276,30,1796.42,403.43,33.05,66.49,1.67,-1,-1,-1
276,32,1482.59,452.35,31.15,80.42,0.91,-1,-1,-1
277,2,1319.43,426.36,30.86,75.70,1.69,-1,-1,-1
277,6,849.82,481.22,32.08,84.26,1.70,-1,-1,-1
277,7,1375.36,630.05,40.64,100.86,1.70,-1,-1,-1
277,11,407.06,581.89,37.18,92.94,1.70,-1,-1,-1
277,13,747.93,360.93,20.54,54.38,1.64,-1,-1,-1
277,14,1409.36,453.80,31.69,76.70,1.70,-1,-1,-1
277,22,686.40,366.19,26.09,58.75,1.68,-1,-1,-1
277,23,649.09,797.59,56.34,109.99,1.70,-1,-1,-1
277,12,689.86,729.54,56.63,111.74,1.69,-1,-1,-1
277,25,257.52,587.82,45.52,101.25,1.72,-1,-1,-1
277,26,50.15,383.47,43.09,62.87,1.70,-1,-1,-1
277,15,1281.16,339.14,24.15,50.43,1.65,-1,-1,-1
277,4,1527.60,608.31,46.84,100.96,1.68,-1,-1,-1
277,28,1458.05,768.15,51.41,121.50,1.67,-1,-1,-1
277,29,1503.94,790.23,61.30,127.64,1.65,-1,-1,-1
277,30,1787.03,401.98,31.30,65.74,1.67,-1,-1,-1
278,2,1311.98,426.66,29.72,72.78,1.68,-1,-1,-1
278,6,843.68,483.48,32.91,83.17,1.69,-1,-1,-1
278,7,1368.39,630.98,43.40,96.75,1.71,-1,-1,-1
278,11,406.16,582.36,36.64,97.21,1.69,-1,-1,-1
278,13,742.42,359.73,21.51,54.97,1.66,-1,-1,-1
278,14,1401.39,452.69,31.84,79.23,1.69,-1,-1,-1
278,22,679.69,366.26,25.69,57.86,1.69,-1,-1,-1
278,23,638.98,791.04,60.88,113.77,1.71,-1,-1,-1
278,12,683.07,729.65,49.07,120.92,1.57,-1,-1,-1
278,25,254.45,587.06,43.53,103.16,1.71,-1,-1,-1
278,26,49.20,382.85,38.88,62.83,1.71,-1,-1,-1
278,15,1270.56,337.62,25.30,50.00,1.63,-1,-1,-1
278,4,1516.35,608.68,49.13,102.05,1.68,-1,-1,-1
278,28,1446.23,768.72,49.34,118.36,1.67,-1,-1,-1
278,29,1489.24,790.42,52.08,125.17,1.65,-1,-1,-1
278,30,1776.90,400.36,31.24,65.00,1.68,-1,-1,-1
278,33,1467.90,451.93,33.16,80.44,0.99,-1,-1,-1
279,2,1302.62,425.97,30.33,70.32,1.67,-1,-1,-1
279,6,836.35,484.72,35.08,81.42,1.69,-1,-1,-1
279,7,1361.38,631.06,46.23,94.79,1.72,-1,-1,-1
279,11,402.35,583.06,40.79,97.54,1.69,-1,-1,-1
279,13,735.63,358.32,23.92,56.59,1.64,-1,-1,-1
279,14,1394.15,452.23,30.15,79.97,1.69,-1,-1,-1
279,22,672.60,367.04,25.72,57.82,1.69,-1,-1,-1
279,23,634.87,783.75,58.22,118.87,1.70,-1,-1,-1
279,12,664.92,730.45,52.58,111.57,1.42,-1,-1,-1
279,25,250.89,587.07,44.46,102.44,1.70,-1,-1,-1
279,26,46.59,381.62,35.48,63.42,1.69,-1,-1,-1
279,15,1259.76,336.57,26.47,48.25,1.64,-1,-1,-1
279,4,1503.50,609.34,52.56,103.63,1.70,-1,-1,-1
279,28,1431.58,766.91,49.38,123.42,1.68,-1,-1,-1
279,29,1473.34,789.86,45.41,122.44,1.64,-1,-1,-1
279,30,1767.30,398.83,30.48,67.13,1.67,-1,-1,-1
280,2,1295.20,424.41,28.33,70.64,1.66,-1,-1,-1
280,6,829.52,484.39,35.43,79.87,1.71,-1,-1,-1
280,7,1353.75,630.00,48.80,103.76,1.71,-1,-1,-1
280,11,399.24,584.62,41.80,97.29,1.69,-1,-1,-1
280,13,730.22,356.68,23.17,57.01,1.66,-1,-1,-1
280,14,1385.83,452.74,30.89,80.64,1.70,-1,-1,-1
280,22,664.56,367.62,27.21,57.02,1.68,-1,-1,-1
280,23,631.91,769.50,56.27,131.23,1.68,-1,-1,-1
280,12,653.42,732.39,50.24,126.30,1.27,-1,-1,-1
280,25,247.79,587.37,46.05,102.38,1.71,-1,-1,-1
280,26,43.33,380.44,33.94,62.86,1.68,-1,-1,-1
280,15,1248.93,335.37,30.18,49.15,1.64,-1,-1,-1
280,4,1488.74,609.50,55.09,102.48,1.69,-1,-1,-1
280,28,1415.33,764.91,53.07,127.77,1.68,-1,-1,-1
280,29,1451.84,788.14,53.66,121.08,1.67,-1,-1,-1
280,30,1758.27,396.08,30.55,69.20,1.67,-1,-1,-1
281,2,1285.52,422.15,27.61,74.12,1.64,-1,-1,-1
281,6,822.40,482.18,34.67,79.28,1.69,-1,-1,-1
281,7,1345.77,629.70,50.12,107.71,1.72,-1,-1,-1
281,11,398.15,587.20,41.58,96.76,1.70,-1,-1,-1
281,13,723.79,355.87,25.83,56.81,1.68,-1,-1,-1
281,14,1379.26,453.51,30.05,78.53,1.68,-1,-1,-1
281,22,656.43,367.42,28.67,57.25,1.69,-1,-1,-1
281,23,629.84,755.91,54.84,139.16,1.66,-1,-1,-1
281,12,633.77,735.66,55.21,109.21,1.51,-1,-1,-1
281,25,244.91,588.16,46.06,104.66,1.70,-1,-1,-1
281,26,39.67,378.53,30.81,63.27,1.68,-1,-1,-1
281,15,1238.15,335.23,28.65,48.60,1.65,-1,-1,-1
281,4,1474.83,609.68,52.71,100.50,1.69,-1,-1,-1
281,28,1405.29,764.57,53.02,137.81,1.63,-1,-1,-1
281,29,1426.32,786.09,68.71,122.63,1.67,-1,-1,-1
281,30,1747.89,395.08,31.28,69.75,1.68,-1,-1,-1
281,34,1899.49,396.65,20.53,65.68,1.57,-1,-1,-1
282,2,1277.82,420.60,27.67,75.55,1.65,-1,-1,-1
282,6,814.94,479.99,34.55,80.36,1.70,-1,-1,-1
282,7,1339.88,630.30,49.14,109.22,1.72,-1,-1,-1
282,11,392.29,588.30,48.43,95.06,1.72,-1,-1,-1
282,13,719.82,356.18,25.44,56.29,1.68,-1,-1,-1
282,14,1372.08,453.41,29.71,76.48,1.70,-1,-1,-1
282,22,648.82,365.91,28.79,57.53,1.68,-1,-1,-1
282,23,625.62,744.33,56.77,137.07,1.63,-1,-1,-1
282,12,608.88,735.29,67.24,115.77,1.54,-1,-1,-1
282,25,241.34,589.90,46.67,102.46,1.71,-1,-1,-1
282,26,33.72,376.15,29.73,64.27,1.67,-1,-1,-1
282,15,1226.57,335.28,30.07,48.53,1.65,-1,-1,-1
282,4,1462.64,609.74,49.82,98.51,1.68,-1,-1,-1
282,28,1398.38,765.06,43.81,135.24,1.62,-1,-1,-1
282,29,1408.06,785.74,73.07,125.66,1.71,-1,-1,-1
282,30,1737.92,394.37,30.74,69.03,1.68,-1,-1,-1
282,34,1891.44,394.19,28.50,66.20,1.67,-1,-1,-1
283,2,1268.67,420.05,29.35,76.15,1.66,-1,-1,-1
283,6,807.07,478.08,35.24,81.84,1.69,-1,-1,-1
283,7,1335.10,631.84,46.00,107.39,1.72,-1,-1,-1
283,11,388.52,587.21,52.20,95.56,1.70,-1,-1,-1
283,13,716.10,356.04,25.57,55.04,1.68,-1,-1,-1
283,14,1365.45,452.47,29.43,75.59,1.68,-1,-1,-1
283,22,640.97,364.84,30.65,57.11,1.66,-1,-1,-1
283,23,625.50,735.66,56.86,127.58,1.62,-1,-1,-1
283,12,590.72,733.35,66.87,121.89,1.60,-1,-1,-1
283,25,237.55,590.31,45.18,101.46,1.71,-1,-1,-1
283,26,28.08,374.59,28.89,65.10,1.67,-1,-1,-1
283,15,1215.94,334.67,29.74,49.15,1.66,-1,-1,-1
283,4,1449.72,608.26,52.24,102.24,1.70,-1,-1,-1
283,28,1389.69,767.39,38.31,131.17,1.61,-1,-1,-1
283,29,1398.20,788.59,66.41,122.70,1.70,-1,-1,-1
283,30,1728.38,393.84,30.82,68.40,1.69,-1,-1,-1
283,34,1882.33,392.31,31.41,68.89,1.67,-1,-1,-1
284,2,1259.16,420.58,29.84,75.32,1.65,-1,-1,-1
284,6,799.95,476.75,33.04,87.10,1.70,-1,-1,-1
284,7,1328.49,632.22,44.32,105.22,1.72,-1,-1,-1
284,11,385.64,585.81,51.93,95.40,1.71,-1,-1,-1
284,13,712.14,355.93,24.31,53.82,1.67,-1,-1,-1
284,14,1358.05,451.30,29.59,75.64,1.69,-1,-1,-1
284,22,635.26,363.70,29.74,57.28,1.68,-1,-1,-1
284,23,621.37,729.09,59.82,125.08,1.66,-1,-1,-1
284,12,578.32,737.58,68.78,119.17,1.69,-1,-1,-1
284,25,234.51,588.83,46.16,101.34,1.72,-1,-1,-1
284,26,22.69,373.11,32.01,65.69,1.66,-1,-1,-1
284,15,1206.50,334.43,27.11,49.78,1.64,-1,-1,-1
284,4,1437.51,608.28,51.53,103.72,1.72,-1,-1,-1
284,28,1376.76,767.34,38.58,132.01,1.59,-1,-1,-1
284,29,1390.09,789.68,54.83,121.18,1.63,-1,-1,-1
284,30,1719.44,393.66,30.55,67.91,1.69,-1,-1,-1
284,34,1873.36,391.99,30.89,67.81,1.68,-1,-1,-1
285,2,1249.67,422.43,30.26,73.90,1.67,-1,-1,-1
285,6,792.71,476.10,33.94,91.23,1.71,-1,-1,-1
285,7,1321.39,633.19,42.74,102.48,1.71,-1,-1,-1
285,11,382.29,583.57,50.60,98.11,1.71,-1,-1,-1
285,13,710.60,354.85,22.20,52.94,1.64,-1,-1,-1
285,14,1350.72,450.95,30.30,79.11,1.67,-1,-1,-1
285,22,629.75,363.05,27.76,59.76,1.70,-1,-1,-1
285,23,621.40,720.32,59.42,131.51,1.69,-1,-1,-1
285,12,568.73,740.44,69.15,122.05,1.67,-1,-1,-1
285,25,230.68,586.89,49.28,102.17,1.73,-1,-1,-1
285,26,17.25,371.74,30.08,66.13,1.66,-1,-1,-1
285,15,1196.90,333.08,26.78,48.62,1.64,-1,-1,-1
285,4,1424.20,608.17,49.92,105.64,1.69,-1,-1,-1
285,28,1361.76,765.93,43.71,131.85,1.49,-1,-1,-1
285,29,1378.48,789.53,44.70,123.53,1.55,-1,-1,-1
285,30,1709.68,392.92,31.44,66.81,1.68,-1,-1,-1
285,34,1864.79,391.48,30.79,68.50,1.67,-1,-1,-1
286,2,1241.02,422.31,30.31,73.24,1.68,-1,-1,-1
286,6,784.59,477.00,35.58,89.14,1.71,-1,-1,-1
286,7,1314.08,632.77,41.64,100.82,1.69,-1,-1,-1
286,11,382.82,582.04,46.46,101.86,1.71,-1,-1,-1
286,13,708.62,353.65,20.86,53.43,1.64,-1,-1,-1
286,14,1343.62,451.04,29.52,82.04,1.69,-1,-1,-1
286,22,623.54,363.25,28.43,59.74,1.70,-1,-1,-1
286,23,617.20,711.89,62.65,133.33,1.71,-1,-1,-1
286,12,559.03,744.36,66.37,125.41,1.70,-1,-1,-1
286,25,224.57,584.12,52.68,103.63,1.72,-1,-1,-1
286,26,12.61,371.21,30.23,66.23,1.68,-1,-1,-1
286,15,1185.19,331.62,29.95,48.50,1.61,-1,-1,-1
286,4,1413.49,608.44,43.66,106.06,1.66,-1,-1,-1
286,28,1349.48,763.52,55.78,152.70,1.64,-1,-1,-1
286,30,1701.66,391.14,31.81,66.63,1.67,-1,-1,-1
286,34,1856.82,392.21,30.69,67.63,1.68,-1,-1,-1
287,2,1233.18,421.21,30.13,72.98,1.69,-1,-1,-1
287,6,775.56,477.89,39.49,90.20,1.71,-1,-1,-1
287,7,1307.31,632.61,41.85,105.45,1.69,-1,-1,-1
287,11,381.60,581.29,44.95,103.51,1.70,-1,-1,-1
287,13,703.72,352.84,21.76,54.12,1.65,-1,-1,-1
287,14,1335.52,451.13,32.76,82.59,1.68,-1,-1,-1
287,22,617.22,364.27,28.89,59.97,1.69,-1,-1,-1
287,23,618.99,706.92,59.32,134.10,1.70,-1,-1,-1
287,12,551.97,751.27,56.45,122.73,1.67,-1,-1,-1
287,25,220.04,581.36,52.28,106.09,1.73,-1,-1,-1
287,26,8.33,370.78,30.95,65.66,1.65,-1,-1,-1
287,15,1177.68,329.76,28.62,49.32,1.63,-1,-1,-1
287,4,1400.32,608.18,39.97,104.91,1.64,-1,-1,-1
287,30,1693.97,389.65,30.52,66.70,1.66,-1,-1,-1
287,34,1849.53,391.92,30.72,66.69,1.68,-1,-1,-1
287,29,1340.95,775.82,54.40,140.04,1.59,-1,-1,-1
288,2,1224.78,419.67,30.00,73.07,1.67,-1,-1,-1
288,6,767.61,480.61,41.70,89.55,1.72,-1,-1,-1
288,7,1299.37,633.44,42.79,108.03,1.71,-1,-1,-1
288,11,380.45,580.92,43.67,104.74,1.70,-1,-1,-1
288,13,699.22,351.39,22.18,57.02,1.65,-1,-1,-1
288,14,1327.80,451.89,32.47,83.11,1.69,-1,-1,-1
288,22,610.79,365.44,29.14,59.72,1.69,-1,-1,-1
288,23,609.09,704.43,63.21,132.94,1.73,-1,-1,-1
288,12,542.39,753.65,53.98,128.60,1.68,-1,-1,-1
288,25,214.94,580.17,55.20,106.51,1.72,-1,-1,-1
288,26,3.21,369.70,32.58,67.30,1.67,-1,-1,-1
288,15,1169.46,329.21,27.89,50.51,1.66,-1,-1,-1
288,4,1384.82,608.67,40.70,103.12,1.69,-1,-1,-1
288,30,1685.51,388.29,30.78,68.31,1.67,-1,-1,-1
288,34,1841.38,391.73,30.11,65.31,1.67,-1,-1,-1
288,29,1319.69,761.73,67.12,155.82,1.71,-1,-1,-1
289,2,1215.81,418.73,30.02,73.38,1.67,-1,-1,-1
289,6,758.90,483.33,46.35,87.92,1.71,-1,-1,-1
289,7,1290.20,634.85,45.83,108.75,1.71,-1,-1,-1
289,11,379.22,582.49,42.37,104.13,1.70,-1,-1,-1
289,13,693.56,350.68,24.51,57.83,1.65,-1,-1,-1
289,14,1320.39,453.30,32.19,81.29,1.70,-1,-1,-1
289,22,605.20,366.17,29.00,58.46,1.69,-1,-1,-1
289,23,602.25,704.86,64.94,130.36,1.69,-1,-1,-1
289,12,523.43,758.44,59.69,131.03,1.67,-1,-1,-1
289,25,209.76,579.65,55.90,106.33,1.73,-1,-1,-1
289,15,1159.87,329.60,27.68,49.02,1.64,-1,-1,-1
289,4,1371.01,608.82,44.16,101.70,1.69,-1,-1,-1
289,30,1678.01,387.00,29.80,69.57,1.67,-1,-1,-1
289,34,1833.38,390.38,29.84,64.91,1.66,-1,-1,-1
289,29,1312.16,763.45,43.35,127.39,1.53,-1,-1,-1
289,28,1308.05,787.16,68.34,129.33,1.68,-1,-1,-1
290,2,1207.69,417.01,30.08,76.13,1.66,-1,-1,-1
290,6,751.51,484.71,46.95,85.24,1.72,-1,-1,-1
290,7,1283.28,637.06,46.57,108.08,1.71,-1,-1,-1
290,11,378.62,583.92,39.69,102.84,1.69,-1,-1,-1
290,13,692.77,351.10,21.69,56.52,1.64,-1,-1,-1
290,14,1313.62,454.56,32.52,79.05,1.68,-1,-1,-1
290,22,600.95,365.93,27.63,57.83,1.68,-1,-1,-1
290,23,601.84,704.10,58.48,130.76,1.70,-1,-1,-1
290,12,513.30,763.11,56.51,131.62,1.68,-1,-1,-1
290,25,203.49,579.68,58.43,107.68,1.72,-1,-1,-1
290,15,1151.77,330.31,25.59,48.96,1.65,-1,-1,-1
290,4,1347.05,610.26,55.07,100.88,1.71,-1,-1,-1
290,30,1670.86,386.17,28.80,69.28,1.67,-1,-1,-1
290,34,1825.03,388.47,30.31,65.35,1.68,-1,-1,-1
290,29,1301.74,787.17,66.18,127.29,1.69,-1,-1,-1
290,28,1294.99,765.24,46.96,132.18,1.56,-1,-1,-1
291,2,1199.49,416.29,30.10,77.69,1.68,-1,-1,-1
291,6,746.00,486.56,45.08,82.53,1.71,-1,-1,-1
291,7,1277.83,640.78,47.48,107.23,1.71,-1,-1,-1
291,11,377.35,586.92,39.62,102.94,1.71,-1,-1,-1
291,13,688.90,351.55,22.16,55.58,1.65,-1,-1,-1
291,14,1307.68,455.01,32.26,78.09,1.67,-1,-1,-1
291,22,595.59,365.03,27.56,58.13,1.69,-1,-1,-1
291,23,601.97,702.26,52.48,133.42,1.70,-1,-1,-1
291,12,496.49,767.21,59.76,127.04,1.70,-1,-1,-1
291,25,200.50,581.51,56.37,106.96,1.73,-1,-1,-1
291,15,1142.25,330.61,24.74,48.66,1.65,-1,-1,-1
291,4,1325.27,612.75,64.19,99.80,1.68,-1,-1,-1
291,30,1662.93,386.17,28.84,68.64,1.67,-1,-1,-1
291,34,1816.05,386.92,31.19,67.35,1.68,-1,-1,-1
291,29,1294.03,787.09,65.09,124.67,1.67,-1,-1,-1
291,28,1277.36,767.89,52.35,133.62,1.53,-1,-1,-1
292,2,1191.41,416.20,27.95,75.98,1.67,-1,-1,-1
292,6,742.43,487.13,41.01,85.69,1.70,-1,-1,-1
292,7,1269.35,644.36,52.11,104.15,1.67,-1,-1,-1
292,11,375.25,590.80,40.50,99.05,1.72,-1,-1,-1
292,13,686.12,351.90,20.09,54.58,1.65,-1,-1,-1
292,14,1301.65,454.18,30.48,78.31,1.68,-1,-1,-1
292,22,589.74,363.76,26.63,58.43,1.68,-1,-1,-1
292,23,605.75,700.80,42.80,135.87,1.69,-1,-1,-1
292,12,474.21,770.29,70.58,122.22,1.72,-1,-1,-1
292,25,196.03,583.51,57.26,106.94,1.73,-1,-1,-1
292,15,1131.31,330.50,25.32,48.03,1.62,-1,-1,-1
292,4,1310.89,615.77,72.51,100.86,1.70,-1,-1,-1
292,30,1650.22,386.78,33.28,66.48,1.68,-1,-1,-1
292,34,1807.88,385.84,29.31,67.25,1.67,-1,-1,-1
292,29,1282.84,785.68,66.80,121.40,1.61,-1,-1,-1
292,28,1246.99,770.15,68.09,131.74,1.67,-1,-1,-1
293,2,1181.53,416.90,28.77,77.24,1.66,-1,-1,-1
293,6,734.66,487.95,40.31,87.59,1.70,-1,-1,-1
293,7,1261.21,648.32,63.00,106.06,1.70,-1,-1,-1
293,11,373.01,593.73,42.75,97.87,1.72,-1,-1,-1
293,13,681.96,351.58,20.47,53.90,1.64,-1,-1,-1
293,14,1292.42,453.93,32.50,81.81,1.67,-1,-1,-1
293,22,582.83,363.12,25.96,61.22,1.69,-1,-1,-1
293,23,606.67,704.14,39.33,133.96,1.69,-1,-1,-1
293,12,458.65,772.34,75.19,118.77,1.71,-1,-1,-1
293,25,191.45,587.04,54.89,103.01,1.74,-1,-1,-1
293,15,1121.62,329.16,24.53,48.23,1.61,-1,-1,-1
293,4,1306.44,618.82,70.77,101.09,1.63,-1,-1,-1
293,30,1641.18,388.02,34.26,64.50,1.68,-1,-1,-1
293,34,1798.45,384.81,28.50,66.74,1.66,-1,-1,-1
293,29,1267.40,786.69,70.83,121.75,1.69,-1,-1,-1
293,28,1227.34,773.28,73.72,119.88,1.64,-1,-1,-1
294,2,1171.29,418.15,29.54,76.97,1.63,-1,-1,-1
294,6,722.72,489.45,43.97,86.78,1.71,-1,-1,-1
294,7,1256.46,651.67,63.61,104.21,1.68,-1,-1,-1
294,11,371.65,595.37,45.01,95.91,1.72,-1,-1,-1
294,13,677.61,350.82,19.55,52.76,1.61,-1,-1,-1
294,14,1284.37,454.24,31.76,83.47,1.68,-1,-1,-1
294,22,575.59,363.38,27.30,62.19,1.69,-1,-1,-1
294,23,602.44,707.56,45.10,133.74,1.69,-1,-1,-1
294,12,448.46,775.30,74.77,117.61,1.72,-1,-1,-1
294,25,188.62,588.89,50.67,102.32,1.72,-1,-1,-1
294,15,1110.34,327.88,25.57,48.04,1.62,-1,-1,-1
294,4,1288.81,622.29,80.19,96.46,1.65,-1,-1,-1
294,30,1630.97,389.06,35.94,61.20,1.68,-1,-1,-1
294,34,1788.15,384.58,28.83,67.59,1.66,-1,-1,-1
294,29,1247.47,787.18,81.45,122.33,1.68,-1,-1,-1
294,28,1213.84,776.80,78.00,130.32,1.65,-1,-1,-1
295,2,1162.19,418.21,30.64,76.19,1.66,-1,-1,-1
295,6,713.18,491.59,45.41,84.86,1.71,-1,-1,-1
295,7,1243.90,655.88,68.06,101.77,1.70,-1,-1,-1
295,11,366.51,595.74,49.72,97.22,1.72,-1,-1,-1
295,13,671.28,348.20,20.57,55.13,1.63,-1,-1,-1
295,14,1275.10,454.75,31.49,83.03,1.67,-1,-1,-1
295,22,568.39,363.83,27.35,60.72,1.69,-1,-1,-1
295,23,598.24,710.71,47.38,133.34,1.70,-1,-1,-1
295,12,440.90,777.53,71.26,117.77,1.72,-1,-1,-1
295,25,184.30,589.69,47.14,103.51,1.72,-1,-1,-1
295,15,1099.16,326.50,27.51,48.25,1.64,-1,-1,-1
295,4,1286.63,623.99,72.90,97.28,1.67,-1,-1,-1
295,30,1619.70,388.65,37.89,62.01,1.68,-1,-1,-1
295,34,1775.94,384.59,32.07,66.98,1.67,-1,-1,-1
295,29,1233.17,788.54,84.89,121.77,1.72,-1,-1,-1
295,28,1203.66,781.46,66.87,119.77,1.63,-1,-1,-1
296,2,1151.27,418.03,30.11,74.63,1.67,-1,-1,-1
296,6,704.10,494.16,43.75,81.73,1.71,-1,-1,-1
296,7,1224.64,658.07,73.96,103.80,1.61,-1,-1,-1
296,11,359.06,597.39,48.70,97.55,1.73,-1,-1,-1
296,13,663.14,346.96,23.50,54.94,1.64,-1,-1,-1
296,14,1261.10,456.04,35.46,82.77,1.69,-1,-1,-1
296,22,559.48,364.88,27.47,60.39,1.67,-1,-1,-1
296,23,592.05,716.13,48.19,131.42,1.69,-1,-1,-1
296,12,432.25,777.98,68.80,122.58,1.72,-1,-1,-1
296,25,179.23,589.50,41.99,104.50,1.71,-1,-1,-1
296,15,1087.42,325.43,27.41,49.48,1.63,-1,-1,-1
296,4,1273.85,624.39,74.35,98.01,1.63,-1,-1,-1
296,30,1611.12,386.89,35.94,62.73,1.69,-1,-1,-1
296,34,1762.35,384.15,32.33,64.77,1.67,-1,-1,-1
296,29,1222.64,791.79,80.60,119.95,1.71,-1,-1,-1
296,28,1195.16,780.79,60.38,118.68,1.65,-1,-1,-1
297,2,1137.42,416.71,31.03,72.41,1.67,-1,-1,-1
297,6,695.18,494.33,41.27,80.14,1.71,-1,-1,-1
297,7,1208.29,660.75,77.91,98.90,1.65,-1,-1,-1
297,11,352.96,598.65,50.70,96.49,1.73,-1,-1,-1
297,13,654.94,345.75,24.41,56.83,1.65,-1,-1,-1
297,14,1246.82,456.46,39.93,79.56,1.70,-1,-1,-1
297,22,547.85,365.72,31.53,60.71,1.67,-1,-1,-1
297,23,585.36,721.40,48.47,123.54,1.70,-1,-1,-1
297,12,423.15,777.53,67.46,124.43,1.71,-1,-1,-1
297,25,169.37,588.86,43.56,104.15,1.72,-1,-1,-1
297,15,1072.52,323.96,30.59,49.91,1.64,-1,-1,-1
297,4,1259.29,626.25,75.15,99.45,1.60,-1,-1,-1
297,30,1598.37,385.25,37.44,63.63,1.70,-1,-1,-1
297,34,1749.12,383.61,32.62,63.36,1.66,-1,-1,-1
297,29,1207.91,792.49,80.03,116.99,1.65,-1,-1,-1
297,28,1178.73,780.94,64.89,120.38,1.66,-1,-1,-1
298,2,1122.77,415.27,32.99,74.00,1.68,-1,-1,-1
298,6,686.07,493.47,40.40,79.01,1.71,-1,-1,-1
298,7,1199.51,664.08,71.91,92.90,1.69,-1,-1,-1
298,11,347.62,599.10,51.56,96.13,1.73,-1,-1,-1
298,13,645.13,344.43,25.41,57.94,1.66,-1,-1,-1
298,14,1231.71,455.82,43.30,78.82,1.69,-1,-1,-1
298,22,536.74,367.19,31.82,58.05,1.69,-1,-1,-1
298,23,574.63,722.86,49.00,120.48,1.69,-1,-1,-1
298,12,416.18,776.86,64.47,124.68,1.70,-1,-1,-1
298,25,160.25,587.74,45.91,104.23,1.73,-1,-1,-1
298,15,1057.35,323.01,33.20,49.55,1.65,-1,-1,-1
298,4,1239.60,626.29,77.12,98.32,1.50,-1,-1,-1
298,30,1586.47,383.67,37.79,63.66,1.69,-1,-1,-1
298,34,1736.82,381.74,32.06,63.24,1.67,-1,-1,-1
298,29,1203.11,791.47,68.62,116.90,1.69,-1,-1,-1
298,28,1156.31,779.69,73.51,123.81,1.70,-1,-1,-1
299,2,1104.39,413.81,38.62,74.95,1.69,-1,-1,-1
299,6,673.40,492.17,42.41,79.89,1.70,-1,-1,-1
299,7,1192.68,666.00,70.09,90.07,1.70,-1,-1,-1
299,11,343.64,599.00,54.41,94.96,1.73,-1,-1,-1
299,13,633.62,344.80,27.48,56.34,1.66,-1,-1,-1
299,14,1219.13,454.96,45.17,80.73,1.71,-1,-1,-1
299,22,525.26,366.80,32.98,57.53,1.68,-1,-1,-1
299,23,561.61,719.81,54.16,122.25,1.70,-1,-1,-1
299,12,411.87,775.19,58.88,125.64,1.70,-1,-1,-1
299,25,151.33,586.97,48.28,103.77,1.72,-1,-1,-1
299,15,1042.76,322.67,30.60,49.56,1.65,-1,-1,-1
299,4,1224.61,627.55,70.93,94.91,1.49,-1,-1,-1
299,30,1574.70,382.26,37.40,63.61,1.69,-1,-1,-1
299,34,1722.40,378.97,32.56,64.13,1.65,-1,-1,-1
299,29,1191.79,788.63,67.31,118.97,1.68,-1,-1,-1
299,28,1143.58,778.62,74.35,125.67,1.70,-1,-1,-1
300,2,1087.75,413.23,41.79,75.07,1.69,-1,-1,-1
300,6,664.68,490.92,40.01,84.88,1.71,-1,-1,-1
300,7,1182.40,667.51,74.43,100.11,1.70,-1,-1,-1
300,11,340.76,597.64,50.46,95.97,1.71,-1,-1,-1
300,13,625.57,344.44,28.04,54.75,1.66,-1,-1,-1
300,14,1209.96,455.70,43.22,80.82,1.69,-1,-1,-1
300,22,513.77,365.97,33.74,57.16,1.68,-1,-1,-1
300,23,551.11,715.39,56.86,119.88,1.74,-1,-1,-1
300,12,406.80,773.39,53.87,127.27,1.71,-1,-1,-1
300,25,144.02,587.24,50.19,103.14,1.72,-1,-1,-1
300,15,1026.95,323.53,29.75,48.27,1.64,-1,-1,-1
300,4,1195.68,628.34,78.69,88.22,1.63,-1,-1,-1
300,30,1560.37,381.35,38.73,65.02,1.68,-1,-1,-1
300,34,1709.40,376.17,29.91,66.46,1.66,-1,-1,-1
300,29,1181.34,786.13,67.87,117.67,1.72,-1,-1,-1
300,28,1130.56,779.27,72.66,124.13,1.70,-1,-1,-1
300,35,1891.97,445.90,28.72,77.78,1.57,-1,-1,-1
301,2,1071.12,413.10,43.64,74.94,1.69,-1,-1,-1
301,6,655.64,490.62,38.69,87.37,1.70,-1,-1,-1
301,7,1176.77,668.74,75.55,104.33,1.69,-1,-1,-1
301,11,332.45,595.25,50.89,97.37,1.71,-1,-1,-1
301,13,617.89,344.60,25.30,54.94,1.66,-1,-1,-1
301,14,1196.79,456.04,43.22,80.78,1.69,-1,-1,-1
301,22,502.05,365.00,33.56,57.58,1.69,-1,-1,-1
301,23,540.45,711.77,59.43,117.20,1.73,-1,-1,-1
301,12,396.23,770.37,54.61,128.13,1.70,-1,-1,-1
301,25,136.24,586.92,50.54,103.18,1.72,-1,-1,-1
301,15,1013.07,323.14,28.50,47.32,1.62,-1,-1,-1
301,4,1181.13,628.87,76.07,88.35,1.66,-1,-1,-1
301,30,1547.22,381.41,39.41,64.03,1.68,-1,-1,-1
301,34,1692.84,374.72,32.85,65.89,1.66,-1,-1,-1
301,29,1169.13,783.73,71.53,117.63,1.71,-1,-1,-1
301,28,1118.88,778.16,71.32,122.79,1.70,-1,-1,-1
301,35,1877.46,444.24,42.71,76.31,1.70,-1,-1,-1
302,2,1055.56,413.33,47.79,75.06,1.67,-1,-1,-1
302,6,643.17,490.63,40.94,88.33,1.70,-1,-1,-1
302,7,1175.89,671.61,68.83,105.69,1.72,-1,-1,-1
302,11,323.45,593.76,53.82,100.76,1.72,-1,-1,-1
302,13,609.12,343.92,24.21,54.60,1.66,-1,-1,-1
302,14,1181.49,457.31,44.08,80.80,1.70,-1,-1,-1
302,22,489.47,364.60,33.83,60.11,1.68,-1,-1,-1
302,23,530.70,707.47,59.33,117.01,1.73,-1,-1,-1
302,12,385.37,768.13,54.44,129.41,1.72,-1,-1,-1
302,25,124.52,586.53,51.98,103.48,1.71,-1,-1,-1
302,15,997.60,321.17,29.06,49.60,1.63,-1,-1,-1
302,4,1169.40,630.00,70.98,89.54,1.56,-1,-1,-1
302,30,1532.56,381.14,38.87,61.74,1.68,-1,-1,-1
302,34,1675.43,373.02,31.86,65.90,1.61,-1,-1,-1
302,29,1156.62,781.61,80.29,117.52,1.72,-1,-1,-1
302,28,1105.57,776.61,70.86,120.60,1.71,-1,-1,-1
302,35,1863.38,443.96,48.76,74.66,1.70,-1,-1,-1
303,2,1039.98,415.12,47.06,73.03,1.65,-1,-1,-1
303,6,633.30,491.72,38.82,87.95,1.70,-1,-1,-1
303,7,1167.32,674.10,69.93,102.47,1.71,-1,-1,-1
303,11,315.44,593.13,51.54,104.50,1.72,-1,-1,-1
303,13,599.27,343.07,24.09,55.95,1.65,-1,-1,-1
303,14,1168.51,459.12,42.77,78.49,1.68,-1,-1,-1
303,22,476.26,365.21,33.64,60.95,1.68,-1,-1,-1
303,23,522.14,705.06,58.18,116.73,1.74,-1,-1,-1
303,12,374.85,766.71,54.28,129.61,1.72,-1,-1,-1
303,25,112.95,585.22,52.69,104.84,1.69,-1,-1,-1
303,15,981.44,320.99,29.00,46.98,1.61,-1,-1,-1
303,4,1155.16,632.04,68.47,87.58,1.52,-1,-1,-1
303,30,1519.62,380.47,36.41,60.06,1.68,-1,-1,-1
303,34,1656.10,372.75,34.82,65.11,1.67,-1,-1,-1
303,29,1144.66,778.36,85.81,120.22,1.71,-1,-1,-1
303,28,1090.36,776.21,72.09,119.22,1.73,-1,-1,-1
303,35,1846.34,441.30,50.51,76.22,1.68,-1,-1,-1
303,36,1242.11,438.62,33.64,74.46,1.55,-1,-1,-1
304,2,1025.10,415.42,40.57,70.70,1.68,-1,-1,-1
304,6,621.14,494.40,39.26,84.02,1.70,-1,-1,-1
304,7,1151.88,677.97,79.24,96.45,1.73,-1,-1,-1
304,11,306.39,592.81,51.55,105.54,1.71,-1,-1,-1
304,13,585.96,341.73,25.96,54.96,1.64,-1,-1,-1
304,14,1151.74,459.99,45.40,76.02,1.67,-1,-1,-1
304,22,462.48,366.65,32.83,58.61,1.68,-1,-1,-1
304,23,514.23,701.95,61.30,115.74,1.73,-1,-1,-1
304,12,360.60,765.54,55.91,129.75,1.72,-1,-1,-1
304,25,100.38,584.45,51.68,106.30,1.69,-1,-1,-1
304,15,965.03,320.40,27.42,45.27,1.63,-1,-1,-1
304,4,1134.95,634.11,72.99,84.99,1.61,-1,-1,-1
304,30,1503.71,379.56,37.61,58.40,1.69,-1,-1,-1
304,34,1636.44,372.48,36.19,64.96,1.66,-1,-1,-1
304,29,1132.59,776.81,88.81,123.21,1.73,-1,-1,-1
304,28,1078.20,775.90,70.69,117.36,1.70,-1,-1,-1
304,35,1828.60,439.33,51.71,77.46,1.70,-1,-1,-1
304,37,1887.45,465.19,33.44,78.88,1.67,-1,-1,-1
305,2,1011.08,414.04,37.32,69.62,1.67,-1,-1,-1
305,6,606.63,495.82,41.00,81.43,1.70,-1,-1,-1
305,7,1138.22,679.70,81.29,94.59,1.73,-1,-1,-1
305,11,297.83,593.41,51.43,105.98,1.71,-1,-1,-1
305,13,572.94,340.07,26.23,57.92,1.64,-1,-1,-1
305,14,1135.99,459.84,46.83,75.63,1.71,-1,-1,-1
305,22,448.26,367.78,32.61,60.02,1.68,-1,-1,-1
305,23,505.95,700.43,63.11,113.57,1.74,-1,-1,-1
305,12,346.78,766.81,57.20,128.50,1.73,-1,-1,-1
305,25,87.04,583.93,53.69,109.18,1.68,-1,-1,-1
305,15,944.66,319.40,30.45,47.95,1.64,-1,-1,-1
305,4,1119.89,634.23,72.75,85.27,1.68,-1,-1,-1
305,30,1486.50,377.18,38.45,57.63,1.67,-1,-1,-1
305,34,1617.80,371.79,36.88,63.31,1.66,-1,-1,-1
305,29,1125.90,776.45,87.46,121.41,1.72,-1,-1,-1
305,28,1061.27,776.49,72.95,117.70,1.72,-1,-1,-1
305,35,1809.21,437.62,54.19,78.24,1.69,-1,-1,-1
305,37,1870.68,464.62,44.52,76.43,1.69,-1,-1,-1
305,38,1209.93,434.00,33.55,76.72,1.19,-1,-1,-1
306,2,995.69,412.27,36.52,68.21,1.68,-1,-1,-1
306,6,591.82,496.27,42.77,80.40,1.71,-1,-1,-1
306,7,1121.82,679.17,85.09,101.56,1.72,-1,-1,-1
306,11,288.51,595.09,48.07,106.16,1.71,-1,-1,-1
306,13,559.95,339.11,25.00,58.28,1.65,-1,-1,-1
306,14,1119.87,458.43,47.86,78.19,1.71,-1,-1,-1
306,22,432.74,368.89,32.93,57.72,1.69,-1,-1,-1
306,23,497.53,700.77,62.74,111.36,1.74,-1,-1,-1
306,12,327.44,768.18,64.55,127.46,1.72,-1,-1,-1
306,25,73.78,585.57,52.98,108.46,1.71,-1,-1,-1
306,15,926.53,318.37,29.95,46.30,1.65,-1,-1,-1
306,4,1105.44,633.95,74.77,87.81,1.70,-1,-1,-1
306,30,1466.25,375.18,42.41,60.56,1.69,-1,-1,-1
306,34,1599.44,370.35,36.21,61.60,1.67,-1,-1,-1
306,29,1120.56,776.79,82.22,118.51,1.72,-1,-1,-1
306,28,1041.14,776.91,77.29,120.99,1.72,-1,-1,-1
306,35,1791.86,435.97,52.63,77.59,1.71,-1,-1,-1
306,37,1853.32,464.01,43.27,73.71,1.68,-1,-1,-1
307,2,978.03,410.28,36.70,70.07,1.67,-1,-1,-1
307,6,577.87,495.00,44.47,81.40,1.71,-1,-1,-1
307,7,1111.96,677.81,85.19,104.05,1.72,-1,-1,-1
307,11,278.76,597.34,48.17,103.03,1.73,-1,-1,-1
307,13,544.62,338.15,25.75,58.63,1.66,-1,-1,-1
307,14,1103.58,456.47,49.14,80.28,1.71,-1,-1,-1
307,22,415.78,368.83,34.15,56.87,1.68,-1,-1,-1
307,23,486.88,701.69,61.18,109.41,1.74,-1,-1,-1
307,12,309.86,770.68,72.26,125.67,1.73,-1,-1,-1
307,25,59.26,587.08,53.01,106.76,1.70,-1,-1,-1
307,15,905.63,317.68,31.47,47.59,1.64,-1,-1,-1
307,4,1087.72,631.74,80.51,91.00,1.72,-1,-1,-1
307,30,1447.55,372.79,44.28,62.93,1.69,-1,-1,-1
307,34,1578.85,368.55,37.87,61.87,1.68,-1,-1,-1
307,29,1113.85,776.55,78.14,115.20,1.70,-1,-1,-1
307,28,1021.33,778.61,80.30,124.48,1.71,-1,-1,-1
307,35,1776.39,434.36,50.65,76.95,1.68,-1,-1,-1
307,37,1835.98,461.66,44.31,73.01,1.70,-1,-1,-1
307,39,1873.68,530.90,47.07,77.50,1.59,-1,-1,-1
308,2,959.34,408.26,37.68,71.86,1.68,-1,-1,-1
308,6,561.45,492.92,47.37,82.91,1.72,-1,-1,-1
308,7,1106.63,677.41,81.50,103.70,1.72,-1,-1,-1
308,11,266.78,598.09,46.32,101.47,1.71,-1,-1,-1
308,13,528.47,337.68,27.25,57.37,1.64,-1,-1,-1
308,14,1087.13,455.63,50.62,80.98,1.71,-1,-1,-1
308,22,397.44,368.29,35.58,56.25,1.67,-1,-1,-1
308,23,476.60,703.18,54.80,106.18,1.73,-1,-1,-1
308,12,290.40,774.54,79.67,123.10,1.73,-1,-1,-1
308,25,41.93,590.46,56.32,103.89,1.73,-1,-1,-1
308,15,884.94,318.86,31.50,45.83,1.64,-1,-1,-1
308,4,1072.15,631.40,80.20,89.15,1.74,-1,-1,-1
308,30,1430.64,371.22,43.63,62.87,1.69,-1,-1,-1
308,34,1558.09,365.79,40.22,60.02,1.68,-1,-1,-1
308,29,1103.18,773.42,77.47,115.21,1.72,-1,-1,-1
308,28,1000.67,781.47,86.39,123.92,1.72,-1,-1,-1
308,35,1760.85,433.11,46.24,74.72,1.70,-1,-1,-1
308,37,1814.65,457.83,46.77,76.20,1.70,-1,-1,-1
308,39,1852.70,528.89,67.21,81.80,1.68,-1,-1,-1
309,2,939.32,406.86,38.89,72.26,1.69,-1,-1,-1
309,6,547.52,491.70,46.28,87.49,1.71,-1,-1,-1
309,7,1105.40,676.65,74.58,105.90,1.70,-1,-1,-1
309,11,256.47,596.82,43.85,102.40,1.71,-1,-1,-1
309,13,513.32,337.66,25.77,56.27,1.61,-1,-1,-1
309,14,1070.23,455.01,51.41,80.14,1.72,-1,-1,-1
309,22,380.42,367.24,35.76,58.69,1.69,-1,-1,-1
309,23,460.91,702.20,52.17,106.04,1.72,-1,-1,-1
309,12,271.45,778.54,87.89,119.77,1.73,-1,-1,-1
309,25,23.07,593.37,63.43,101.91,1.72,-1,-1,-1
309,15,863.67,318.70,31.69,42.97,1.64,-1,-1,-1
309,4,1058.29,629.66,80.40,88.24,1.71,-1,-1,-1
309,30,1413.06,370.24,42.81,61.68,1.70,-1,-1,-1
309,34,1536.98,363.16,40.58,60.05,1.69,-1,-1,-1
309,29,1088.61,769.69,80.90,115.30,1.73,-1,-1,-1
309,28,982.26,781.89,92.26,127.20,1.72,-1,-1,-1
309,35,1738.32,432.71,48.55,71.69,1.68,-1,-1,-1
309,37,1791.69,455.03,49.87,74.09,1.70,-1,-1,-1
309,39,1834.60,526.72,71.27,81.41,1.26,-1,-1,-1
310,2,918.25,405.92,40.38,72.46,1.68,-1,-1,-1
310,6,530.95,490.82,48.47,89.33,1.72,-1,-1,-1
310,7,1105.93,677.08,68.19,101.00,1.70,-1,-1,-1
310,11,239.90,596.21,44.42,102.29,1.70,-1,-1,-1
310,13,496.55,337.23,25.32,55.30,1.61,-1,-1,-1
310,14,1054.48,453.42,53.18,80.42,1.68,-1,-1,-1
310,22,363.65,367.10,35.40,58.65,1.66,-1,-1,-1
310,23,443.90,699.30,51.67,107.77,1.71,-1,-1,-1
310,12,253.02,779.70,92.41,118.21,1.74,-1,-1,-1
310,25,1.86,597.45,67.26,98.54,1.72,-1,-1,-1
310,15,843.08,318.23,31.06,41.62,1.63,-1,-1,-1
310,4,1050.67,627.66,74.15,87.57,1.73,-1,-1,-1
310,30,1395.29,369.45,42.26,59.89,1.68,-1,-1,-1
310,34,1517.06,360.18,40.10,61.45,1.67,-1,-1,-1
310,29,1073.74,764.93,84.00,116.51,1.74,-1,-1,-1
310,28,965.64,781.76,94.12,131.27,1.73,-1,-1,-1
310,35,1715.95,429.77,50.62,71.22,1.69,-1,-1,-1
310,37,1770.09,451.67,51.24,75.78,1.69,-1,-1,-1
310,39,1822.82,523.93,65.55,75.20,1.64,-1,-1,-1
311,2,895.95,406.64,44.23,71.67,1.67,-1,-1,-1
311,6,518.37,491.32,45.77,90.09,1.71,-1,-1,-1
311,7,1088.67,676.46,83.50,101.84,1.70,-1,-1,-1
311,11,221.60,595.67,48.06,104.27,1.72,-1,-1,-1
311,13,480.64,336.18,23.95,55.05,1.62,-1,-1,-1
311,14,1040.45,451.22,49.62,78.82,1.71,-1,-1,-1
311,22,344.62,367.44,38.23,60.00,1.65,-1,-1,-1
311,23,428.07,695.54,49.61,109.00,1.72,-1,-1,-1
311,12,236.40,780.83,99.04,117.05,1.73,-1,-1,-1
311,15,822.28,315.50,31.34,44.02,1.63,-1,-1,-1
311,4,1045.80,625.85,67.48,86.22,1.72,-1,-1,-1
311,30,1377.96,368.93,41.18,57.18,1.67,-1,-1,-1
311,34,1496.09,358.77,39.98,60.57,1.67,-1,-1,-1
311,29,1064.09,762.14,81.53,114.29,1.70,-1,-1,-1
311,28,950.92,781.64,94.39,130.41,1.72,-1,-1,-1
311,35,1693.81,427.04,53.48,70.07,1.71,-1,-1,-1
311,37,1749.71,449.77,50.75,75.34,1.70,-1,-1,-1
311,39,1804.32,523.36,63.46,69.17,1.66,-1,-1,-1
312,2,873.62,407.89,45.90,70.24,1.66,-1,-1,-1
312,6,502.34,493.63,45.26,88.44,1.71,-1,-1,-1
312,7,1077.44,675.82,88.19,106.45,1.73,-1,-1,-1
312,11,204.20,596.08,59.58,103.87,1.73,-1,-1,-1
312,13,464.32,335.61,23.37,55.26,1.63,-1,-1,-1
312,14,1028.70,449.39,46.37,78.66,1.71,-1,-1,-1
312,22,329.19,368.68,36.04,58.64,1.62,-1,-1,-1
312,23,412.76,691.23,46.86,111.89,1.70,-1,-1,-1
312,12,222.24,781.30,101.14,116.00,1.75,-1,-1,-1
312,15,801.50,315.06,30.68,42.11,1.62,-1,-1,-1
312,4,1028.46,624.30,74.98,87.43,1.72,-1,-1,-1
312,30,1358.62,367.66,41.81,55.34,1.69,-1,-1,-1
312,34,1473.68,357.61,41.66,60.29,1.68,-1,-1,-1
312,29,1055.86,760.68,76.90,113.10,1.73,-1,-1,-1
312,28,938.46,783.39,93.59,126.29,1.75,-1,-1,-1
312,35,1670.71,424.09,57.24,72.19,1.67,-1,-1,-1
312,37,1729.37,449.49,48.35,71.99,1.70,-1,-1,-1
312,39,1776.70,522.52,68.59,73.59,1.60,-1,-1,-1
313,2,854.78,408.99,46.74,68.12,1.66,-1,-1,-1
313,6,489.35,496.62,42.06,85.29,1.71,-1,-1,-1
313,7,1068.76,674.41,87.84,109.74,1.74,-1,-1,-1
313,11,186.49,598.11,66.55,103.91,1.74,-1,-1,-1
313,13,446.60,333.37,23.71,55.40,1.58,-1,-1,-1
313,14,1011.20,447.78,46.89,78.36,1.69,-1,-1,-1
313,22,313.15,369.24,34.71,58.47,1.68,-1,-1,-1
313,23,397.64,687.40,43.63,112.74,1.69,-1,-1,-1
313,12,209.68,781.97,108.68,115.76,1.73,-1,-1,-1
313,15,779.15,314.40,33.57,43.35,1.65,-1,-1,-1
313,4,1011.91,621.10,79.25,91.50,1.73,-1,-1,-1
313,30,1337.38,365.30,45.07,58.47,1.69,-1,-1,-1
313,34,1451.79,356.66,41.08,60.29,1.68,-1,-1,-1
313,29,1053.94,759.57,65.43,109.98,1.71,-1,-1,-1
313,28,928.26,784.25,93.55,122.64,1.75,-1,-1,-1
313,35,1648.45,421.45,60.10,73.83,1.71,-1,-1,-1
313,37,1704.91,449.26,50.45,71.18,1.70,-1,-1,-1
313,39,1758.69,521.30,64.85,76.03,1.66,-1,-1,-1
314,2,835.85,409.13,46.67,67.34,1.68,-1,-1,-1
314,6,473.62,498.45,41.72,82.81,1.71,-1,-1,-1
314,7,1070.26,675.52,73.30,110.16,1.73,-1,-1,-1
314,11,172.93,601.48,64.17,103.77,1.74,-1,-1,-1
314,13,424.19,332.77,28.46,56.28,1.66,-1,-1,-1
314,14,994.61,446.86,46.18,81.82,1.65,-1,-1,-1
314,22,294.48,369.46,36.80,58.32,1.69,-1,-1,-1
314,23,383.20,685.00,39.80,113.92,1.69,-1,-1,-1
314,12,207.43,782.67,103.66,115.23,1.75,-1,-1,-1
314,15,758.90,313.41,33.19,45.68,1.65,-1,-1,-1
314,4,994.98,617.57,84.11,94.43,1.73,-1,-1,-1
314,30,1319.65,363.99,44.97,59.73,1.69,-1,-1,-1
314,34,1428.70,357.94,42.45,57.72,1.68,-1,-1,-1
314,29,1040.61,756.96,65.97,113.56,1.69,-1,-1,-1
314,28,920.17,783.05,87.84,121.80,1.73,-1,-1,-1
314,35,1629.98,419.86,58.78,74.32,1.71,-1,-1,-1
314,37,1680.16,449.94,53.04,69.38,1.70,-1,-1,-1
314,39,1742.17,519.32,57.82,77.99,1.65,-1,-1,-1
315,2,818.26,408.56,46.71,66.60,1.68,-1,-1,-1
315,6,454.62,499.11,45.32,82.11,1.71,-1,-1,-1
315,7,1077.08,676.93,55.07,107.17,1.72,-1,-1,-1
315,11,158.18,605.08,59.58,101.76,1.74,-1,-1,-1
315,13,407.74,332.08,27.42,58.40,1.64,-1,-1,-1
315,14,977.30,445.47,48.00,85.35,1.67,-1,-1,-1
315,22,273.18,368.90,41.79,59.59,1.68,-1,-1,-1
315,23,365.92,684.70,38.00,114.08,1.69,-1,-1,-1
315,12,204.85,782.79,96.10,116.50,1.75,-1,-1,-1
315,15,737.90,312.85,34.54,46.31,1.63,-1,-1,-1
315,4,984.25,616.61,77.70,95.10,1.73,-1,-1,-1
315,30,1302.71,363.17,42.73,59.30,1.69,-1,-1,-1
315,34,1407.05,358.14,42.19,55.67,1.67,-1,-1,-1
315,29,1023.03,755.08,75.73,109.81,1.71,-1,-1,-1
315,28,902.50,780.73,92.18,122.06,1.74,-1,-1,-1
315,35,1610.45,418.84,59.64,74.57,1.72,-1,-1,-1
315,37,1653.97,451.25,56.89,64.12,1.69,-1,-1,-1
315,39,1722.43,517.35,56.55,80.33,1.65,-1,-1,-1
316,2,800.76,407.83,47.29,68.96,1.70,-1,-1,-1
316,6,436.00,498.87,49.35,83.11,1.72,-1,-1,-1
316,7,1075.30,678.13,57.37,103.84,1.67,-1,-1,-1
316,11,147.94,607.45,53.36,100.74,1.72,-1,-1,-1
316,13,386.98,333.14,33.08,58.22,1.66,-1,-1,-1
316,14,960.74,445.96,46.33,85.32,1.69,-1,-1,-1
316,22,256.34,369.35,41.35,58.92,1.69,-1,-1,-1
316,23,347.51,685.11,38.63,113.84,1.71,-1,-1,-1
316,12,193.43,780.76,97.21,119.15,1.74,-1,-1,-1
316,15,717.92,313.70,33.21,46.20,1.65,-1,-1,-1
316,4,977.00,614.95,67.89,97.99,1.73,-1,-1,-1
316,30,1285.42,361.49,41.61,61.35,1.68,-1,-1,-1
316,34,1383.80,357.69,45.99,55.46,1.68,-1,-1,-1
316,29,1004.96,753.16,84.38,109.76,1.71,-1,-1,-1
316,28,887.21,778.13,94.56,122.77,1.74,-1,-1,-1
316,35,1593.20,418.42,57.46,72.83,1.71,-1,-1,-1
316,37,1631.89,450.46,59.56,67.33,1.70,-1,-1,-1
316,39,1706.43,517.20,52.98,76.48,1.62,-1,-1,-1
317,2,783.32,407.08,47.56,71.44,1.71,-1,-1,-1
317,6,419.32,498.28,53.35,83.51,1.70,-1,-1,-1
317,7,1065.07,677.20,65.23,98.59,1.67,-1,-1,-1
317,11,140.14,608.67,49.46,100.81,1.72,-1,-1,-1
317,13,369.26,334.94,31.37,57.55,1.66,-1,-1,-1
317,14,945.05,447.00,46.19,86.00,1.64,-1,-1,-1
317,22,240.17,369.85,41.42,61.62,1.70,-1,-1,-1
317,23,330.82,685.70,38.91,114.46,1.69,-1,-1,-1
317,12,176.03,778.63,104.73,121.53,1.75,-1,-1,-1
317,15,696.22,314.24,33.64,46.56,1.63,-1,-1,-1
317,4,973.37,615.49,59.29,96.30,1.73,-1,-1,-1
317,30,1272.14,361.94,36.05,61.59,1.67,-1,-1,-1
317,34,1363.37,356.86,47.36,55.75,1.70,-1,-1,-1
317,29,991.72,751.48,86.67,108.77,1.72,-1,-1,-1
317,28,872.24,775.63,95.00,123.38,1.74,-1,-1,-1
317,35,1578.49,418.36,52.26,70.33,1.71,-1,-1,-1
317,37,1611.44,450.01,62.35,69.62,1.72,-1,-1,-1
317,39,1691.04,517.12,46.54,73.14,1.59,-1,-1,-1
318,2,766.79,407.73,46.96,71.75,1.72,-1,-1,-1
318,6,403.32,498.85,56.80,86.68,1.72,-1,-1,-1
318,7,1051.11,674.88,80.11,101.02,1.67,-1,-1,-1
318,11,133.89,608.12,44.26,102.26,1.70,-1,-1,-1
318,13,353.32,337.48,30.66,55.49,1.67,-1,-1,-1
318,14,932.50,449.50,40.77,83.52,1.67,-1,-1,-1
318,22,223.49,371.22,42.03,63.21,1.70,-1,-1,-1
318,23,313.58,688.63,42.37,112.57,1.71,-1,-1,-1
318,12,162.93,776.13,108.43,124.69,1.75,-1,-1,-1
318,15,677.07,315.75,31.97,44.70,1.63,-1,-1,-1
318,4,971.54,614.49,55.19,96.57,1.73,-1,-1,-1
318,30,1256.25,361.88,33.65,61.02,1.64,-1,-1,-1
318,34,1343.75,356.60,47.80,56.16,1.70,-1,-1,-1
318,29,982.12,750.74,88.29,108.67,1.72,-1,-1,-1
318,28,859.64,775.27,93.09,126.26,1.74,-1,-1,-1
318,35,1563.74,417.58,49.11,69.27,1.69,-1,-1,-1
318,37,1592.96,449.14,63.74,68.60,1.72,-1,-1,-1
319,2,750.84,408.20,46.27,72.02,1.71,-1,-1,-1
319,6,389.31,499.46,59.15,89.74,1.72,-1,-1,-1
319,7,1041.25,673.34,87.94,103.04,1.70,-1,-1,-1
319,11,117.75,606.71,48.23,105.95,1.72,-1,-1,-1
319,13,339.01,339.53,28.15,54.29,1.63,-1,-1,-1
319,14,919.90,451.47,36.83,81.39,1.62,-1,-1,-1
319,22,208.70,373.75,39.91,63.96,1.69,-1,-1,-1
319,23,296.41,692.40,48.91,110.24,1.70,-1,-1,-1
319,12,150.32,773.43,106.47,122.60,1.75,-1,-1,-1
319,15,658.40,317.62,30.48,43.25,1.64,-1,-1,-1
319,4,953.79,612.73,67.13,97.50,1.71,-1,-1,-1
319,30,1241.88,361.27,30.16,60.61,1.67,-1,-1,-1
319,34,1324.24,356.83,50.21,57.07,1.71,-1,-1,-1
319,29,976.96,751.82,86.08,107.00,1.73,-1,-1,-1
319,28,850.05,775.39,89.88,129.49,1.75,-1,-1,-1
319,35,1543.24,416.11,52.06,69.78,1.69,-1,-1,-1
319,37,1581.60,447.78,58.49,67.14,1.71,-1,-1,-1
320,2,737.55,409.63,43.26,73.67,1.69,-1,-1,-1
320,6,376.72,501.72,60.99,89.74,1.73,-1,-1,-1
320,7,1043.46,672.01,70.85,105.29,1.72,-1,-1,-1
320,11,101.68,606.06,51.45,107.82,1.72,-1,-1,-1
320,13,326.86,340.27,24.59,55.25,1.62,-1,-1,-1
320,14,910.42,451.21,33.17,81.49,1.63,-1,-1,-1
320,22,198.41,376.12,34.97,62.89,1.68,-1,-1,-1
320,23,279.65,695.78,55.58,107.60,1.74,-1,-1,-1
320,12,142.06,773.61,98.01,118.78,1.74,-1,-1,-1
320,15,640.78,318.08,30.22,42.64,1.62,-1,-1,-1
320,4,936.30,609.60,74.15,99.70,1.73,-1,-1,-1
320,30,1224.83,360.49,31.12,61.46,1.62,-1,-1,-1
320,34,1306.53,357.30,51.15,57.19,1.71,-1,-1,-1
320,29,975.74,749.97,81.87,108.08,1.73,-1,-1,-1
320,28,843.78,777.06,84.59,131.79,1.74,-1,-1,-1
320,35,1525.39,415.47,54.54,72.26,1.69,-1,-1,-1
320,37,1571.52,446.73,52.48,66.83,1.70,-1,-1,-1
321,2,725.91,411.03,38.83,73.15,1.70,-1,-1,-1
321,6,367.29,504.48,57.19,88.17,1.73,-1,-1,-1
321,7,1049.86,672.21,53.63,104.14,1.71,-1,-1,-1
321,11,86.93,607.76,58.26,106.33,1.73,-1,-1,-1
321,13,311.12,340.72,24.91,56.22,1.63,-1,-1,-1
321,14,895.09,451.71,36.47,81.16,1.66,-1,-1,-1
321,22,186.89,377.82,30.91,62.31,1.67,-1,-1,-1
321,23,262.30,698.69,62.62,105.96,1.72,-1,-1,-1
321,12,136.15,776.01,86.40,120.22,1.73,-1,-1,-1
321,15,623.53,318.79,29.94,44.39,1.63,-1,-1,-1
321,4,924.84,608.40,76.75,100.17,1.74,-1,-1,-1
321,30,1210.47,359.88,29.60,60.02,1.66,-1,-1,-1
321,34,1292.18,358.26,49.88,55.39,1.69,-1,-1,-1
321,29,978.06,751.46,78.86,105.90,1.74,-1,-1,-1
321,28,842.22,779.65,76.62,131.18,1.74,-1,-1,-1
321,35,1507.68,414.61,57.45,73.53,1.70,-1,-1,-1
321,37,1563.80,445.25,44.78,65.75,1.69,-1,-1,-1
322,2,713.56,413.53,37.21,70.35,1.68,-1,-1,-1
322,6,360.43,507.84,55.24,85.78,1.73,-1,-1,-1
322,7,1060.92,671.36,38.22,103.98,1.68,-1,-1,-1
322,11,71.88,609.29,66.00,105.32,1.74,-1,-1,-1
322,13,294.65,341.11,25.57,55.92,1.64,-1,-1,-1
322,14,879.12,451.00,41.45,81.10,1.64,-1,-1,-1
322,22,169.38,378.75,33.96,62.41,1.70,-1,-1,-1
322,23,244.47,701.27,66.64,105.87,1.72,-1,-1,-1
322,12,133.67,778.73,77.51,120.02,1.73,-1,-1,-1
322,15,607.39,318.52,28.15,49.74,1.63,-1,-1,-1
322,4,916.25,606.84,73.66,98.65,1.71,-1,-1,-1
322,30,1193.64,359.50,31.80,61.56,1.68,-1,-1,-1
322,34,1278.78,358.23,47.98,55.19,1.70,-1,-1,-1
322,29,975.76,751.32,78.99,105.81,1.75,-1,-1,-1
322,28,845.25,781.99,62.87,129.73,1.74,-1,-1,-1
322,35,1494.18,415.75,56.57,73.02,1.69,-1,-1,-1
322,37,1549.67,444.56,45.55,65.99,1.68,-1,-1,-1
322,40,891.88,430.47,40.41,69.10,1.45,-1,-1,-1
322,39,1605.93,515.22,47.23,77.83,1.24,-1,-1,-1
323,2,697.95,413.60,37.08,71.30,1.68,-1,-1,-1
323,6,353.61,509.11,54.21,86.22,1.73,-1,-1,-1
323,7,1048.52,669.55,53.91,105.80,1.72,-1,-1,-1
323,11,60.21,611.58,66.10,106.16,1.74,-1,-1,-1
323,13,277.55,341.77,26.52,57.31,1.63,-1,-1,-1
323,14,864.08,450.92,43.54,82.26,1.65,-1,-1,-1
323,22,152.37,379.33,37.28,63.16,1.69,-1,-1,-1
323,23,227.43,704.56,68.34,106.28,1.73,-1,-1,-1
323,12,135.59,779.35,73.94,121.99,1.73,-1,-1,-1
323,15,591.38,319.50,27.98,48.80,1.64,-1,-1,-1
323,4,912.79,606.15,63.66,100.32,1.74,-1,-1,-1
323,30,1177.28,359.53,36.44,63.97,1.69,-1,-1,-1
323,34,1268.93,357.45,42.65,54.82,1.68,-1,-1,-1
323,29,963.39,747.97,84.19,109.03,1.74,-1,-1,-1
323,28,843.90,782.26,55.07,129.41,1.72,-1,-1,-1
323,35,1485.79,416.11,49.51,72.62,1.71,-1,-1,-1
323,37,1535.19,443.70,46.82,69.11,1.70,-1,-1,-1
323,40,877.97,431.47,39.40,67.16,1.59,-1,-1,-1
324,2,682.27,413.35,38.94,72.55,1.69,-1,-1,-1
324,6,346.76,509.92,52.74,87.70,1.72,-1,-1,-1
324,7,1036.29,666.92,80.13,107.08,1.75,-1,-1,-1
324,11,51.22,614.06,56.59,106.30,1.73,-1,-1,-1
324,13,262.24,343.17,27.06,57.45,1.66,-1,-1,-1
324,14,850.01,449.70,49.35,85.31,1.72,-1,-1,-1
324,22,136.00,380.46,40.38,64.61,1.71,-1,-1,-1
324,23,211.62,707.40,68.80,105.96,1.73,-1,-1,-1
324,12,138.40,779.90,70.07,123.50,1.71,-1,-1,-1
324,15,575.89,321.08,28.19,49.33,1.61,-1,-1,-1
324,4,914.57,606.92,50.99,100.45,1.73,-1,-1,-1
324,30,1161.13,360.54,42.59,63.64,1.69,-1,-1,-1
324,34,1261.64,356.55,34.99,55.67,1.68,-1,-1,-1
324,29,952.59,745.44,88.40,111.29,1.75,-1,-1,-1
324,28,829.62,780.53,62.46,129.70,1.73,-1,-1,-1
324,35,1478.00,417.01,44.80,70.47,1.70,-1,-1,-1
324,37,1523.80,443.08,46.72,73.39,1.72,-1,-1,-1
324,40,863.90,431.74,40.39,74.83,1.65,-1,-1,-1
324,39,1576.30,518.31,37.97,72.21,1.12,-1,-1,-1
325,2,668.16,414.78,41.73,71.23,1.71,-1,-1,-1
325,6,337.41,509.86,53.60,87.52,1.72,-1,-1,-1
325,7,1031.66,665.10,85.32,100.59,1.74,-1,-1,-1
325,11,47.06,616.79,46.69,106.50,1.72,-1,-1,-1
325,13,247.49,345.10,26.82,57.29,1.64,-1,-1,-1
325,14,836.73,453.91,55.85,82.09,1.70,-1,-1,-1
325,22,121.46,382.41,45.70,64.92,1.71,-1,-1,-1
325,23,196.82,710.45,66.58,105.39,1.72,-1,-1,-1
325,12,126.01,778.68,81.99,126.37,1.72,-1,-1,-1
325,15,560.51,323.42,27.28,48.23,1.63,-1,-1,-1
325,4,918.42,606.64,40.39,101.95,1.70,-1,-1,-1
325,30,1151.75,361.38,41.83,64.01,1.70,-1,-1,-1
325,34,1246.40,355.54,38.42,57.26,1.67,-1,-1,-1
325,29,944.81,744.26,90.85,109.05,1.75,-1,-1,-1
325,28,817.69,776.87,69.19,134.45,1.74,-1,-1,-1
325,35,1472.31,417.25,39.56,69.65,1.70,-1,-1,-1
325,37,1513.81,443.35,48.64,74.46,1.71,-1,-1,-1
325,40,848.28,432.26,44.60,75.42,1.70,-1,-1,-1
325,39,1562.35,519.31,37.00,75.43,1.22,-1,-1,-1
326,2,656.05,414.65,42.26,72.67,1.71,-1,-1,-1
326,6,326.37,509.67,56.01,89.87,1.73,-1,-1,-1
326,7,1033.62,663.73,71.16,101.69,1.75,-1,-1,-1
326,11,42.69,618.76,45.16,106.77,1.70,-1,-1,-1
326,13,233.20,346.95,27.16,57.08,1.63,-1,-1,-1
326,14,826.62,455.57,56.06,83.85,1.70,-1,-1,-1
326,22,110.81,385.00,45.07,65.15,1.70,-1,-1,-1
326,23,185.22,712.38,62.96,105.78,1.71,-1,-1,-1
326,12,115.87,778.69,83.49,124.76,1.72,-1,-1,-1
326,15,545.32,325.07,28.20,46.91,1.60,-1,-1,-1
326,4,908.35,604.03,44.35,104.72,1.70,-1,-1,-1
326,30,1141.18,363.57,40.68,64.59,1.67,-1,-1,-1
326,34,1231.42,354.47,41.18,58.44,1.69,-1,-1,-1
326,29,941.31,744.41,89.34,110.45,1.75,-1,-1,-1
326,28,808.08,775.42,85.63,135.00,1.75,-1,-1,-1
326,35,1459.93,416.98,41.37,69.31,1.67,-1,-1,-1
326,37,1507.59,444.37,43.56,70.65,1.70,-1,-1,-1
326,40,836.64,434.81,44.54,73.08,1.69,-1,-1,-1
326,39,1549.38,520.29,35.70,81.49,1.65,-1,-1,-1
327,2,644.55,415.71,42.83,74.26,1.72,-1,-1,-1
327,6,315.25,511.21,59.32,91.91,1.72,-1,-1,-1
327,7,1042.47,663.20,62.39,102.68,1.74,-1,-1,-1
327,11,32.38,619.99,47.93,108.98,1.72,-1,-1,-1
327,13,219.88,349.20,27.72,57.45,1.60,-1,-1,-1
327,14,818.59,456.80,48.58,83.96,1.70,-1,-1,-1
327,22,101.03,388.14,40.30,65.93,1.70,-1,-1,-1
327,23,171.59,714.99,59.84,105.80,1.68,-1,-1,-1
327,12,104.18,781.09,87.49,122.28,1.73,-1,-1,-1
327,15,530.08,327.31,28.57,49.48,1.60,-1,-1,-1
327,4,896.93,602.92,52.73,106.17,1.74,-1,-1,-1
327,30,1128.08,365.97,38.56,63.22,1.67,-1,-1,-1
327,34,1217.70,354.60,43.46,59.80,1.69,-1,-1,-1
327,29,939.79,746.20,84.00,111.55,1.74,-1,-1,-1
327,28,800.50,774.52,94.14,131.95,1.76,-1,-1,-1
327,35,1445.58,415.86,43.45,70.95,1.69,-1,-1,-1
327,37,1503.12,445.41,41.03,69.41,1.70,-1,-1,-1
327,40,828.71,436.00,39.33,73.94,1.67,-1,-1,-1
327,39,1535.83,521.78,36.68,83.62,1.64,-1,-1,-1
328,2,633.22,418.00,44.07,75.10,1.71,-1,-1,-1
328,6,304.07,513.22,61.85,91.58,1.73,-1,-1,-1
328,7,1052.59,661.45,54.84,104.85,1.71,-1,-1,-1
328,11,16.03,620.54,56.05,110.11,1.72,-1,-1,-1
328,13,208.09,352.10,24.80,55.40,1.56,-1,-1,-1
328,14,812.62,458.45,49.73,83.53,1.71,-1,-1,-1
328,22,94.70,391.42,33.56,64.27,1.69,-1,-1,-1
328,23,158.51,716.36,56.78,108.23,1.69,-1,-1,-1
328,12,93.83,784.34,97.13,119.28,1.74,-1,-1,-1
328,15,514.76,328.53,28.49,47.24,1.59,-1,-1,-1
328,4,886.79,601.88,67.01,107.05,1.74,-1,-1,-1
328,30,1119.88,368.26,35.58,61.05,1.70,-1,-1,-1
328,34,1205.85,355.41,42.77,59.38,1.70,-1,-1,-1
328,29,943.78,748.48,71.41,110.81,1.74,-1,-1,-1
328,28,796.41,775.47,92.16,130.00,1.76,-1,-1,-1
328,35,1432.92,415.63,46.43,72.94,1.70,-1,-1,-1
328,37,1496.00,445.70,38.95,69.06,1.69,-1,-1,-1
328,40,820.85,439.42,36.73,69.00,1.54,-1,-1,-1
328,39,1520.87,524.49,37.58,84.15,1.60,-1,-1,-1
329,2,623.65,420.01,42.09,74.40,1.71,-1,-1,-1
329,6,295.76,515.49,63.35,92.21,1.74,-1,-1,-1
329,7,1045.11,659.14,59.42,107.83,1.74,-1,-1,-1
329,11,3.10,621.42,60.19,112.81,1.72,-1,-1,-1
329,13,195.30,353.97,26.00,56.95,1.59,-1,-1,-1
329,14,808.23,459.78,45.13,83.35,1.66,-1,-1,-1
329,22,82.34,393.08,37.06,63.38,1.55,-1,-1,-1
329,23,133.63,719.31,64.72,108.94,1.69,-1,-1,-1
329,12,89.05,787.37,96.38,119.93,1.74,-1,-1,-1
329,15,499.67,329.68,27.94,46.77,1.63,-1,-1,-1
329,4,880.51,601.58,70.79,102.11,1.73,-1,-1,-1
329,30,1106.39,369.39,35.49,61.26,1.70,-1,-1,-1
329,34,1195.75,356.82,41.50,59.49,1.70,-1,-1,-1
329,29,950.17,749.21,59.34,110.54,1.72,-1,-1,-1
329,28,794.71,777.03,82.06,130.76,1.75,-1,-1,-1
329,35,1420.58,416.40,50.98,73.92,1.70,-1,-1,-1
329,37,1483.61,446.72,38.31,68.60,1.67,-1,-1,-1
329,40,811.06,440.66,39.21,69.03,1.33,-1,-1,-1
329,39,1496.14,528.13,49.99,84.38,1.69,-1,-1,-1
330,2,617.06,423.60,39.41,72.53,1.71,-1,-1,-1
330,6,288.35,519.22,63.06,91.31,1.74,-1,-1,-1
330,7,1038.77,657.18,61.85,108.89,1.74,-1,-1,-1
330,13,183.04,354.94,25.21,59.25,1.63,-1,-1,-1
330,14,803.43,460.92,40.48,84.38,1.69,-1,-1,-1
330,22,68.12,394.62,40.73,65.05,1.69,-1,-1,-1
330,23,113.54,722.81,70.45,107.88,1.70,-1,-1,-1
330,12,90.11,791.41,81.35,120.17,1.72,-1,-1,-1
330,15,485.14,330.16,27.04,54.00,1.58,-1,-1,-1
330,4,877.66,602.15,64.09,100.27,1.74,-1,-1,-1
330,30,1093.58,370.04,35.62,61.96,1.70,-1,-1,-1
330,34,1186.67,357.96,38.54,60.03,1.68,-1,-1,-1
330,29,956.49,749.17,49.29,111.81,1.71,-1,-1,-1
330,28,798.01,779.11,77.79,130.78,1.75,-1,-1,-1
330,35,1410.37,417.27,55.37,73.72,1.71,-1,-1,-1
330,37,1471.61,446.73,39.86,69.64,1.69,-1,-1,-1
330,40,800.27,441.59,29.92,69.73,1.33,-1,-1,-1
330,39,1480.61,531.44,52.27,80.75,1.67,-1,-1,-1
331,2,612.46,425.40,34.65,72.71,1.69,-1,-1,-1
331,6,287.43,523.74,49.31,90.62,1.72,-1,-1,-1
331,7,1034.79,654.38,62.86,102.84,1.72,-1,-1,-1
331,13,167.11,355.82,27.88,59.85,1.65,-1,-1,-1
331,14,792.13,462.22,38.98,86.06,1.70,-1,-1,-1
331,22,57.25,396.18,38.20,68.05,1.70,-1,-1,-1
331,23,95.49,727.60,73.48,106.78,1.70,-1,-1,-1
331,12,96.86,793.36,75.48,120.71,1.70,-1,-1,-1
331,15,470.80,332.33,26.38,51.42,1.63,-1,-1,-1
331,4,879.40,603.61,49.92,99.74,1.72,-1,-1,-1
331,30,1082.59,370.70,34.04,66.37,1.69,-1,-1,-1
331,34,1180.76,359.57,34.01,59.73,1.69,-1,-1,-1
331,29,945.38,748.32,59.50,114.26,1.72,-1,-1,-1
331,28,801.44,779.08,71.43,132.42,1.74,-1,-1,-1
331,35,1402.09,418.62,54.24,74.19,1.73,-1,-1,-1
331,37,1462.07,448.25,41.15,71.09,1.69,-1,-1,-1
331,40,789.65,442.42,33.83,73.17,0.44,-1,-1,-1
331,39,1471.97,533.03,49.17,80.19,1.71,-1,-1,-1
332,2,601.87,426.10,37.09,74.13,1.70,-1,-1,-1
332,6,287.41,527.57,41.36,88.69,1.71,-1,-1,-1
332,7,1035.16,652.43,54.55,97.61,1.73,-1,-1,-1
332,13,152.28,357.59,31.98,59.05,1.67,-1,-1,-1
332,14,781.08,463.23,41.16,87.06,1.72,-1,-1,-1
332,22,46.72,398.24,37.94,68.04,1.70,-1,-1,-1
332,23,76.03,733.62,72.91,105.48,1.63,-1,-1,-1
332,12,102.04,790.56,74.48,127.63,1.68,-1,-1,-1
332,15,456.55,334.75,26.72,52.40,1.65,-1,-1,-1
332,4,881.60,604.12,45.95,100.91,1.72,-1,-1,-1
332,30,1072.31,372.43,31.45,66.92,1.70,-1,-1,-1
332,34,1175.59,359.83,26.00,60.20,1.65,-1,-1,-1
332,29,936.78,749.19,68.09,117.56,1.73,-1,-1,-1
332,28,800.95,777.17,66.99,135.23,1.73,-1,-1,-1
332,35,1394.53,420.61,50.47,74.22,1.71,-1,-1,-1
332,37,1452.77,449.92,43.54,72.15,1.70,-1,-1,-1
332,40,778.78,442.67,31.63,73.69,0.46,-1,-1,-1
332,39,1461.59,534.92,50.99,80.98,1.66,-1,-1,-1
333,2,591.60,427.38,38.91,76.22,1.71,-1,-1,-1
333,6,287.43,529.48,34.39,89.63,1.70,-1,-1,-1
333,7,1042.66,650.26,38.84,100.73,1.70,-1,-1,-1
333,13,138.08,359.94,38.26,60.55,1.67,-1,-1,-1
333,14,770.86,464.67,44.79,87.50,1.71,-1,-1,-1
333,22,35.18,400.43,44.40,70.40,1.70,-1,-1,-1
333,23,59.21,740.15,76.90,111.01,1.67,-1,-1,-1
333,12,100.62,788.26,71.72,134.58,1.70,-1,-1,-1
333,15,441.55,337.33,28.29,55.49,1.62,-1,-1,-1
333,4,877.67,603.23,42.93,103.04,1.70,-1,-1,-1
333,30,1061.30,375.68,33.05,65.69,1.70,-1,-1,-1
333,34,1165.61,359.96,27.99,61.69,1.67,-1,-1,-1
333,29,930.68,750.05,81.00,117.03,1.75,-1,-1,-1
333,28,795.88,774.57,65.13,137.42,1.74,-1,-1,-1
333,35,1392.26,422.38,44.71,72.75,1.71,-1,-1,-1
333,37,1442.27,452.28,43.71,71.84,1.67,-1,-1,-1
333,39,1454.04,536.17,50.49,85.41,1.71,-1,-1,-1
334,2,582.06,428.56,40.51,77.41,1.70,-1,-1,-1
334,6,276.14,530.24,44.41,91.01,1.71,-1,-1,-1
334,7,1044.56,647.28,34.70,102.69,1.70,-1,-1,-1
334,13,127.56,363.03,38.21,59.57,1.69,-1,-1,-1
334,14,762.64,467.43,50.22,87.50,1.72,-1,-1,-1
334,22,27.68,404.43,43.87,69.53,1.70,-1,-1,-1
334,23,44.92,744.62,86.01,105.30,1.67,-1,-1,-1
334,12,91.50,786.02,80.04,139.34,1.70,-1,-1,-1
334,15,428.81,339.88,28.33,56.25,1.63,-1,-1,-1
334,4,871.64,602.03,42.28,106.07,1.69,-1,-1,-1
334,30,1050.28,378.39,34.06,66.73,1.68,-1,-1,-1
334,34,1153.24,360.33,32.15,61.46,1.68,-1,-1,-1
334,29,928.57,752.09,86.46,116.00,1.76,-1,-1,-1
334,28,792.40,771.25,61.98,141.42,1.74,-1,-1,-1
334,35,1389.56,423.92,40.77,71.71,1.69,-1,-1,-1
334,37,1435.88,455.70,37.15,70.98,1.66,-1,-1,-1
334,39,1446.43,538.31,46.28,87.61,1.71,-1,-1,-1
335,2,575.56,430.95,44.26,76.04,1.72,-1,-1,-1
335,6,267.33,530.82,50.32,92.66,1.72,-1,-1,-1
335,7,1043.17,643.00,39.41,107.84,1.69,-1,-1,-1
335,13,119.87,366.79,33.45,58.14,1.68,-1,-1,-1
335,14,757.16,470.82,47.85,85.29,1.72,-1,-1,-1
335,22,23.79,408.55,38.02,68.78,1.71,-1,-1,-1
335,23,32.17,748.28,93.11,103.36,1.69,-1,-1,-1
335,12,86.20,785.43,81.86,136.63,1.72,-1,-1,-1
335,15,417.13,342.49,28.02,54.74,1.64,-1,-1,-1
335,4,866.50,600.45,48.96,107.81,1.70,-1,-1,-1
335,30,1041.07,381.78,34.18,65.39,1.69,-1,-1,-1
335,34,1143.82,360.55,34.28,62.27,1.67,-1,-1,-1
335,29,929.82,755.58,81.98,117.29,1.75,-1,-1,-1
335,28,787.68,769.54,61.04,141.40,1.74,-1,-1,-1
335,35,1386.68,424.37,37.45,72.71,1.70,-1,-1,-1
335,37,1427.72,458.92,37.80,68.94,1.69,-1,-1,-1
335,39,1439.69,539.87,43.93,86.68,1.69,-1,-1,-1
336,2,570.56,432.90,43.66,76.61,1.72,-1,-1,-1
336,6,260.35,531.85,57.97,92.70,1.73,-1,-1,-1
336,7,1035.05,640.54,53.66,108.50,1.74,-1,-1,-1
336,13,112.16,369.79,31.08,58.30,1.66,-1,-1,-1
336,14,754.13,473.71,40.90,84.50,1.71,-1,-1,-1
336,22,19.86,411.98,34.91,67.77,1.68,-1,-1,-1
336,23,23.57,752.62,92.59,101.10,1.73,-1,-1,-1
336,12,81.41,784.99,95.28,130.62,1.73,-1,-1,-1
336,15,406.52,346.48,27.88,51.22,1.66,-1,-1,-1
336,4,862.71,599.38,55.92,107.57,1.68,-1,-1,-1
336,30,1033.71,384.83,31.49,63.49,1.70,-1,-1,-1
336,34,1135.66,360.85,38.27,62.37,1.71,-1,-1,-1
336,29,935.94,759.46,68.91,114.62,1.74,-1,-1,-1
336,28,783.98,768.64,63.32,135.64,1.73,-1,-1,-1
336,35,1378.51,425.44,40.19,74.91,1.68,-1,-1,-1
336,37,1420.73,461.23,37.40,66.50,1.70,-1,-1,-1
336,39,1430.51,540.72,46.26,87.03,1.69,-1,-1,-1
337,2,569.43,435.39,37.10,75.76,1.71,-1,-1,-1
337,6,256.06,532.82,65.03,92.70,1.74,-1,-1,-1
337,7,1030.96,637.81,62.29,99.26,1.73,-1,-1,-1
337,13,105.97,372.16,30.43,58.18,1.67,-1,-1,-1
337,14,752.56,476.24,32.82,83.65,1.66,-1,-1,-1
337,22,16.49,414.95,30.78,66.73,1.65,-1,-1,-1
337,23,15.23,754.16,90.69,103.15,1.74,-1,-1,-1
337,12,79.60,785.88,98.39,127.19,1.74,-1,-1,-1
337,15,394.21,349.75,30.65,49.56,1.65,-1,-1,-1
337,4,860.62,598.24,55.01,105.75,1.73,-1,-1,-1
337,30,1025.56,386.83,30.97,62.49,1.69,-1,-1,-1
337,34,1128.54,362.27,38.62,61.84,1.71,-1,-1,-1
337,29,945.78,760.74,66.14,114.63,1.74,-1,-1,-1
337,28,782.56,768.96,60.13,128.43,1.72,-1,-1,-1
337,35,1370.33,426.02,42.40,75.81,1.70,-1,-1,-1
337,37,1413.65,462.35,35.98,66.84,1.69,-1,-1,-1
337,39,1421.80,541.95,48.84,84.51,1.69,-1,-1,-1
338,2,570.00,437.92,31.44,74.67,1.68,-1,-1,-1
338,6,251.09,535.49,70.10,91.59,1.74,-1,-1,-1
338,7,1032.50,634.81,55.83,97.09,1.74,-1,-1,-1
338,13,102.53,373.14,26.68,58.88,1.66,-1,-1,-1
338,14,752.60,477.40,30.76,83.07,1.65,-1,-1,-1
338,22,11.11,416.01,30.51,68.01,1.69,-1,-1,-1
338,23,6.69,755.99,92.33,106.63,1.72,-1,-1,-1
338,12,84.14,788.06,89.82,125.75,1.72,-1,-1,-1
338,15,384.95,350.99,30.14,49.19,1.66,-1,-1,-1
338,4,863.32,599.43,45.67,101.46,1.70,-1,-1,-1
338,30,1018.51,387.86,29.33,61.79,1.69,-1,-1,-1
338,34,1124.59,364.40,33.94,61.87,1.70,-1,-1,-1
338,29,955.82,761.04,61.51,115.54,1.72,-1,-1,-1
338,28,784.91,769.37,53.78,123.78,1.70,-1,-1,-1
338,35,1364.59,427.02,43.35,75.39,1.70,-1,-1,-1
338,37,1407.36,463.00,35.62,68.10,1.65,-1,-1,-1
338,39,1415.53,542.57,50.85,86.30,1.71,-1,-1,-1
339,2,569.83,439.11,28.33,75.26,1.67,-1,-1,-1
339,6,250.39,538.45,69.77,92.00,1.74,-1,-1,-1
339,7,1040.06,632.87,47.47,99.08,1.72,-1,-1,-1
339,13,95.72,374.22,24.91,58.32,1.67,-1,-1,-1
339,14,750.38,478.06,29.11,83.32,1.66,-1,-1,-1
339,22,2.57,417.15,35.46,68.48,1.71,-1,-1,-1
339,23,7.76,758.19,81.90,104.42,1.74,-1,-1,-1
339,12,97.01,790.50,68.77,124.91,1.71,-1,-1,-1
339,15,374.56,352.10,28.69,51.32,1.64,-1,-1,-1
339,4,864.92,599.74,35.94,101.03,1.69,-1,-1,-1
339,30,1010.80,388.97,28.85,64.10,1.67,-1,-1,-1
339,34,1121.59,365.26,29.71,62.26,1.68,-1,-1,-1
339,29,954.98,759.84,66.40,118.14,1.73,-1,-1,-1
339,28,790.85,769.01,49.18,124.46,1.70,-1,-1,-1
339,35,1360.77,429.46,42.23,73.98,1.71,-1,-1,-1
339,37,1401.62,464.14,36.52,69.21,1.65,-1,-1,-1
339,39,1409.51,544.13,52.22,87.30,1.72,-1,-1,-1
340,2,561.51,439.99,32.81,75.68,1.71,-1,-1,-1
340,6,251.96,542.11,56.17,89.71,1.71,-1,-1,-1
340,7,1048.65,631.50,47.83,101.26,1.72,-1,-1,-1
340,13,84.28,374.71,28.00,58.97,1.67,-1,-1,-1
340,14,741.52,477.76,33.46,84.73,1.70,-1,-1,-1
340,23,4.64,760.00,80.04,105.89,1.74,-1,-1,-1
340,12,107.17,790.84,64.36,128.13,1.72,-1,-1,-1
340,15,364.12,352.51,27.60,51.01,1.66,-1,-1,-1
340,4,866.09,599.03,34.16,103.70,1.61,-1,-1,-1
340,30,1002.77,390.07,28.57,66.20,1.69,-1,-1,-1
340,34,1120.39,366.97,27.73,61.07,1.66,-1,-1,-1
340,29,950.33,759.36,72.94,120.27,1.75,-1,-1,-1
340,28,793.10,767.64,41.35,127.65,1.69,-1,-1,-1
340,35,1359.51,432.45,42.14,73.89,1.68,-1,-1,-1
340,37,1397.55,464.71,34.46,72.89,1.65,-1,-1,-1
340,39,1407.59,545.70,48.95,87.00,1.71,-1,-1,-1
341,2,553.66,439.81,37.91,77.74,1.71,-1,-1,-1
341,6,256.99,544.73,47.38,89.48,1.71,-1,-1,-1
341,7,1048.37,628.89,52.47,105.87,1.72,-1,-1,-1
341,13,75.59,375.72,29.48,62.34,1.67,-1,-1,-1
341,14,735.48,478.49,42.96,85.80,1.73,-1,-1,-1
341,23,3.39,760.66,79.34,109.89,1.73,-1,-1,-1
341,12,114.28,787.78,64.54,133.97,1.70,-1,-1,-1
341,15,353.40,352.95,27.24,53.40,1.63,-1,-1,-1
341,4,866.72,597.68,34.21,104.69,1.67,-1,-1,-1
341,30,995.64,391.56,27.73,68.49,1.69,-1,-1,-1
341,34,1119.70,367.71,24.20,61.28,1.66,-1,-1,-1
341,29,948.27,759.74,75.41,119.72,1.75,-1,-1,-1
341,28,791.34,762.51,41.50,133.60,1.70,-1,-1,-1
341,35,1360.82,433.77,35.85,74.69,1.68,-1,-1,-1
341,37,1393.39,466.36,34.51,75.40,1.66,-1,-1,-1
341,39,1403.33,547.22,48.77,88.51,1.71,-1,-1,-1
342,2,550.49,440.06,41.83,78.24,1.72,-1,-1,-1
342,6,263.45,545.35,45.78,90.78,1.68,-1,-1,-1
342,7,1047.97,625.87,53.30,108.61,1.71,-1,-1,-1
342,13,68.59,376.32,34.31,61.02,1.70,-1,-1,-1
342,14,729.63,479.64,51.30,86.24,1.73,-1,-1,-1
342,23,10.50,763.19,68.47,109.16,1.74,-1,-1,-1
342,12,111.58,788.36,68.25,133.66,1.71,-1,-1,-1
342,15,344.29,354.06,25.74,53.58,1.62,-1,-1,-1
342,4,862.56,594.67,40.94,108.38,1.71,-1,-1,-1
342,30,988.38,392.97,27.44,69.46,1.68,-1,-1,-1
342,34,1113.83,367.41,25.72,62.33,1.67,-1,-1,-1
342,29,947.62,760.59,85.34,118.82,1.75,-1,-1,-1
342,28,786.11,760.87,48.07,134.99,1.73,-1,-1,-1
342,35,1361.86,435.20,31.59,74.37,1.65,-1,-1,-1
342,37,1391.46,468.82,32.44,74.04,1.67,-1,-1,-1
342,39,1402.87,547.65,43.67,88.63,1.69,-1,-1,-1
343,2,544.89,440.90,52.28,77.14,1.73,-1,-1,-1
343,6,265.27,545.27,45.77,91.38,1.71,-1,-1,-1
343,7,1051.45,623.83,56.56,102.86,1.72,-1,-1,-1
343,13,63.21,377.87,32.90,61.05,1.70,-1,-1,-1
343,14,727.35,481.28,51.87,85.68,1.73,-1,-1,-1
343,23,13.70,762.56,65.28,113.11,1.71,-1,-1,-1
343,12,106.95,787.30,76.47,133.19,1.71,-1,-1,-1
343,15,336.44,356.24,24.05,53.68,1.66,-1,-1,-1
343,4,859.09,593.20,46.92,107.89,1.66,-1,-1,-1
343,30,984.06,395.30,28.29,68.36,1.69,-1,-1,-1
343,34,1107.14,367.45,31.78,62.80,1.69,-1,-1,-1
343,29,951.82,763.36,85.60,119.21,1.73,-1,-1,-1
343,28,778.83,756.97,65.58,137.24,1.71,-1,-1,-1
343,35,1362.77,435.75,30.83,73.05,1.53,-1,-1,-1
343,37,1389.40,469.83,32.18,72.28,1.67,-1,-1,-1
343,39,1401.48,547.01,40.05,89.97,1.68,-1,-1,-1
344,2,544.19,441.37,50.82,77.47,1.73,-1,-1,-1
344,6,261.21,544.76,50.34,94.30,1.72,-1,-1,-1
344,7,1057.05,621.13,55.96,95.40,1.73,-1,-1,-1
344,13,58.13,379.84,29.54,60.29,1.68,-1,-1,-1
344,14,727.30,482.85,48.78,86.49,1.73,-1,-1,-1
344,23,8.64,760.48,69.76,117.92,1.73,-1,-1,-1
344,12,103.42,787.01,88.51,130.87,1.73,-1,-1,-1
344,15,329.21,358.61,24.35,55.23,1.65,-1,-1,-1
344,4,857.01,592.53,52.82,104.17,1.71,-1,-1,-1
344,30,979.54,396.83,27.11,67.70,1.69,-1,-1,-1
344,34,1103.99,367.34,37.44,61.93,1.71,-1,-1,-1
344,29,960.90,766.17,75.19,120.63,1.73,-1,-1,-1
344,28,778.98,755.45,71.21,135.64,1.74,-1,-1,-1
344,35,1359.40,435.45,34.04,73.55,1.62,-1,-1,-1
344,37,1385.23,470.72,34.66,72.82,1.57,-1,-1,-1
344,39,1400.28,545.73,41.31,91.36,1.68,-1,-1,-1
345,2,544.33,442.80,47.69,78.04,1.73,-1,-1,-1
345,6,257.51,544.77,54.53,96.57,1.73,-1,-1,-1
345,7,1064.70,619.67,47.14,97.08,1.73,-1,-1,-1
345,13,56.98,381.45,25.49,58.96,1.66,-1,-1,-1
345,14,728.52,484.64,41.20,87.53,1.72,-1,-1,-1
345,23,2.63,759.73,74.06,120.04,1.74,-1,-1,-1
345,12,107.00,787.92,100.38,125.27,1.74,-1,-1,-1
345,15,321.15,360.21,25.89,55.23,1.65,-1,-1,-1
345,4,858.35,592.54,49.99,98.36,1.71,-1,-1,-1
345,30,975.92,397.23,29.37,67.62,1.70,-1,-1,-1
345,34,1101.23,368.26,39.87,60.62,1.70,-1,-1,-1
345,29,973.68,768.58,66.22,119.83,1.72,-1,-1,-1
345,28,778.67,754.42,75.40,130.97,1.73,-1,-1,-1
345,35,1356.76,434.92,40.82,75.11,1.64,-1,-1,-1
345,37,1382.65,471.76,35.84,78.87,1.57,-1,-1,-1
345,39,1400.72,543.73,41.74,93.57,1.68,-1,-1,-1
346,2,547.05,444.28,40.27,78.11,1.70,-1,-1,-1
346,6,256.55,545.37,62.32,95.02,1.74,-1,-1,-1
346,7,1071.51,617.73,45.21,97.88,1.72,-1,-1,-1
346,13,55.35,382.37,24.36,59.51,1.66,-1,-1,-1
346,14,732.88,485.62,33.77,87.62,1.69,-1,-1,-1
346,12,112.20,790.13,94.23,124.55,1.74,-1,-1,-1
346,15,313.58,361.51,29.60,54.93,1.66,-1,-1,-1
346,4,862.84,592.63,43.17,97.33,1.70,-1,-1,-1
346,30,972.62,398.41,29.27,66.91,1.70,-1,-1,-1
346,34,1100.34,369.27,38.87,60.44,1.70,-1,-1,-1
346,29,989.99,769.55,54.49,118.59,1.66,-1,-1,-1
346,28,780.39,754.48,73.41,124.72,1.72,-1,-1,-1
346,35,1355.38,435.31,41.92,75.12,1.65,-1,-1,-1
346,37,1382.21,474.23,35.31,79.62,1.66,-1,-1,-1
346,39,1399.68,544.80,41.22,93.79,1.69,-1,-1,-1
347,2,551.53,445.98,39.16,77.22,1.71,-1,-1,-1
347,6,256.44,546.68,68.08,95.37,1.75,-1,-1,-1
347,7,1076.86,616.63,46.16,96.26,1.72,-1,-1,-1
347,13,54.40,382.69,25.35,59.91,1.66,-1,-1,-1
347,14,736.38,486.02,29.70,87.99,1.68,-1,-1,-1
347,12,122.64,793.22,78.99,123.37,1.72,-1,-1,-1
347,15,306.90,361.90,29.46,55.32,1.67,-1,-1,-1
347,4,869.30,591.60,41.51,99.74,1.70,-1,-1,-1
347,30,969.18,398.69,30.45,71.32,1.70,-1,-1,-1
347,34,1100.83,370.55,35.47,60.21,1.70,-1,-1,-1
347,29,1001.03,768.95,49.37,121.91,1.66,-1,-1,-1
347,28,787.28,753.87,68.63,124.30,1.72,-1,-1,-1
347,35,1354.68,436.35,43.88,74.09,1.67,-1,-1,-1
347,37,1381.60,477.15,36.61,78.26,1.68,-1,-1,-1
347,39,1392.87,545.77,45.55,94.29,1.65,-1,-1,-1
348,2,559.87,445.83,32.41,78.98,1.71,-1,-1,-1
348,6,259.30,549.53,67.18,95.60,1.74,-1,-1,-1
348,7,1082.06,616.10,61.85,91.60,1.72,-1,-1,-1
348,13,49.41,382.68,29.68,61.27,1.66,-1,-1,-1
348,14,736.01,486.22,29.69,88.42,1.68,-1,-1,-1
348,12,141.27,792.28,72.06,126.83,1.71,-1,-1,-1
348,15,301.68,361.72,29.11,54.82,1.67,-1,-1,-1
348,4,873.55,588.68,39.33,102.94,1.68,-1,-1,-1
348,30,967.93,399.85,30.56,71.58,1.70,-1,-1,-1
348,34,1104.31,370.83,30.45,60.59,1.71,-1,-1,-1
348,29,1002.68,769.00,56.82,125.82,1.71,-1,-1,-1
348,28,799.33,752.92,59.98,127.04,1.71,-1,-1,-1
348,35,1356.29,438.65,44.77,71.49,1.67,-1,-1,-1
348,37,1380.36,480.37,38.41,79.07,1.69,-1,-1,-1
348,39,1389.33,546.95,50.24,92.04,1.69,-1,-1,-1
348,23,4.75,759.82,63.14,127.85,1.74,-1,-1,-1
349,2,561.89,445.20,32.62,79.47,1.68,-1,-1,-1
349,6,264.30,552.94,62.91,94.70,1.74,-1,-1,-1
349,7,1088.69,616.07,69.85,89.06,1.73,-1,-1,-1
349,13,47.24,382.18,30.16,61.67,1.66,-1,-1,-1
349,14,737.52,487.08,29.05,88.69,1.67,-1,-1,-1
349,12,157.68,789.66,65.95,131.78,1.69,-1,-1,-1
349,15,296.96,361.48,29.37,55.81,1.68,-1,-1,-1
349,4,875.62,586.43,40.31,106.05,1.67,-1,-1,-1
349,30,966.41,401.26,31.20,71.04,1.70,-1,-1,-1
349,34,1108.71,371.50,26.23,60.22,1.68,-1,-1,-1
349,29,1003.61,769.42,75.53,128.28,1.73,-1,-1,-1
349,28,804.64,749.54,58.78,129.65,1.71,-1,-1,-1
349,35,1361.11,440.40,46.45,70.92,1.69,-1,-1,-1
349,37,1380.95,484.50,40.57,77.17,1.70,-1,-1,-1
349,39,1374.59,549.54,68.33,92.45,1.73,-1,-1,-1
349,23,17.93,761.76,52.57,127.17,1.72,-1,-1,-1
350,2,562.95,445.24,36.40,80.88,1.68,-1,-1,-1
350,6,274.16,554.98,50.25,93.30,1.72,-1,-1,-1
350,7,1096.31,617.03,70.49,89.33,1.73,-1,-1,-1
350,13,43.50,382.20,36.62,61.71,1.71,-1,-1,-1
350,14,738.41,487.92,31.57,89.38,1.68,-1,-1,-1
350,12,166.95,785.56,63.80,137.39,1.71,-1,-1,-1
350,15,293.49,361.53,26.74,56.02,1.67,-1,-1,-1
350,4,880.41,583.53,38.81,108.35,1.64,-1,-1,-1
350,30,963.85,403.09,31.57,72.73,1.69,-1,-1,-1
350,34,1113.45,370.45,22.22,61.80,1.65,-1,-1,-1
350,29,1008.20,770.80,92.58,127.49,1.74,-1,-1,-1
350,28,805.48,745.70,58.46,134.70,1.72,-1,-1,-1
350,35,1367.74,440.70,42.20,73.62,1.68,-1,-1,-1
350,37,1384.22,487.66,38.20,74.49,1.72,-1,-1,-1
350,39,1373.40,552.30,72.96,92.53,1.72,-1,-1,-1
350,23,22.99,764.90,49.81,124.34,1.71,-1,-1,-1
351,2,562.81,445.20,41.97,81.30,1.69,-1,-1,-1
351,6,286.64,555.13,40.26,94.09,1.68,-1,-1,-1
351,7,1103.95,617.25,64.08,89.83,1.74,-1,-1,-1
351,13,42.28,382.62,39.27,61.37,1.71,-1,-1,-1
351,14,741.00,489.57,35.03,89.33,1.71,-1,-1,-1
351,12,166.24,782.88,72.78,139.54,1.71,-1,-1,-1
351,15,289.70,361.90,26.80,56.93,1.67,-1,-1,-1
351,4,883.02,581.65,42.25,107.07,1.61,-1,-1,-1
351,30,964.45,405.97,31.34,72.77,1.70,-1,-1,-1
351,34,1119.09,370.08,17.89,62.00,1.64,-1,-1,-1
351,29,1014.95,773.10,97.67,126.78,1.73,-1,-1,-1
351,28,808.58,743.00,59.96,134.48,1.71,-1,-1,-1
351,35,1376.26,440.07,38.95,74.53,1.66,-1,-1,-1
351,37,1387.52,488.78,36.71,74.53,1.69,-1,-1,-1
351,39,1373.67,554.17,73.09,91.46,1.73,-1,-1,-1
351,23,17.99,768.29,61.79,120.67,1.73,-1,-1,-1
352,2,567.29,445.73,42.37,81.57,1.70,-1,-1,-1
352,6,299.33,554.08,35.78,96.07,1.70,-1,-1,-1
352,7,1109.73,616.05,58.10,91.22,1.73,-1,-1,-1
352,13,42.18,383.87,41.85,62.65,1.71,-1,-1,-1
352,14,744.62,491.78,37.34,90.13,1.70,-1,-1,-1
352,12,170.00,780.99,76.41,137.22,1.72,-1,-1,-1
352,15,285.44,362.37,27.72,58.22,1.68,-1,-1,-1
352,4,888.93,580.62,41.66,102.67,1.66,-1,-1,-1
352,30,963.14,408.16,33.70,71.02,1.71,-1,-1,-1
352,34,1118.90,369.64,23.13,63.04,1.67,-1,-1,-1
352,29,1026.69,776.64,91.97,129.07,1.74,-1,-1,-1
352,28,812.62,742.08,60.25,130.11,1.72,-1,-1,-1
352,35,1391.22,440.20,30.18,71.27,1.57,-1,-1,-1
352,37,1387.38,490.77,38.26,73.72,1.69,-1,-1,-1
352,39,1376.41,556.58,72.50,90.12,1.74,-1,-1,-1
352,23,15.36,770.13,80.62,119.48,1.74,-1,-1,-1
353,2,572.25,447.90,43.39,79.94,1.71,-1,-1,-1
353,6,300.70,552.75,43.23,99.09,1.72,-1,-1,-1
353,7,1113.58,615.06,55.32,92.54,1.72,-1,-1,-1
353,13,46.03,385.37,35.10,61.01,1.70,-1,-1,-1
353,14,748.30,495.41,39.68,86.32,1.70,-1,-1,-1
353,12,174.55,780.17,94.53,132.83,1.73,-1,-1,-1
353,15,281.65,363.15,29.05,57.36,1.68,-1,-1,-1
353,4,894.65,581.09,42.66,102.00,1.65,-1,-1,-1
353,30,963.60,409.61,33.26,71.12,1.70,-1,-1,-1
353,34,1120.96,369.67,28.86,63.15,1.67,-1,-1,-1
353,29,1041.37,780.35,76.43,127.13,1.73,-1,-1,-1
353,28,816.01,741.07,61.95,126.22,1.70,-1,-1,-1
353,35,1394.81,440.17,30.76,71.45,1.58,-1,-1,-1
353,37,1390.28,491.39,36.46,75.49,1.70,-1,-1,-1
353,39,1383.97,557.86,68.73,89.44,1.73,-1,-1,-1
353,23,13.15,770.05,95.78,122.27,1.74,-1,-1,-1
354,2,578.82,449.66,39.42,79.09,1.71,-1,-1,-1
354,6,301.97,551.93,49.73,100.31,1.72,-1,-1,-1
354,7,1118.10,614.70,58.16,88.85,1.72,-1,-1,-1
354,13,48.68,385.81,31.11,60.75,1.69,-1,-1,-1
354,14,751.51,498.53,45.99,84.48,1.71,-1,-1,-1
354,12,183.65,781.24,93.36,128.79,1.72,-1,-1,-1
354,15,279.13,364.99,30.21,59.08,1.67,-1,-1,-1
354,4,899.25,581.62,50.97,99.20,1.68,-1,-1,-1
354,30,966.60,410.55,28.99,70.92,1.69,-1,-1,-1
354,34,1123.66,370.27,29.06,63.28,1.69,-1,-1,-1
354,29,1061.19,782.02,59.39,127.00,1.71,-1,-1,-1
354,28,819.96,742.04,64.31,121.67,1.71,-1,-1,-1
354,35,1399.40,441.71,32.27,72.95,1.60,-1,-1,-1
354,37,1391.76,492.71,35.07,77.39,1.69,-1,-1,-1
354,39,1393.02,558.94,63.33,89.33,1.71,-1,-1,-1
354,23,17.78,769.29,94.26,123.22,1.74,-1,-1,-1
355,2,585.48,451.87,32.33,78.00,1.69,-1,-1,-1
355,6,302.36,551.97,60.32,98.35,1.72,-1,-1,-1
355,7,1122.05,612.90,63.66,86.51,1.72,-1,-1,-1
355,13,52.79,386.54,29.96,61.21,1.68,-1,-1,-1
355,14,754.91,501.54,45.39,82.51,1.72,-1,-1,-1
355,12,194.79,782.99,84.16,129.59,1.72,-1,-1,-1
355,15,277.69,368.60,28.75,56.41,1.67,-1,-1,-1
355,4,909.11,583.45,50.31,95.77,1.69,-1,-1,-1
355,30,969.59,410.84,29.02,69.93,1.69,-1,-1,-1
355,34,1128.09,371.66,28.56,62.11,1.68,-1,-1,-1
355,29,1079.81,780.91,51.14,130.05,1.68,-1,-1,-1
355,28,825.87,743.12,63.93,120.29,1.71,-1,-1,-1
355,35,1402.04,442.40,35.84,77.98,1.61,-1,-1,-1
355,37,1392.92,493.99,36.88,80.17,1.69,-1,-1,-1
355,39,1409.87,558.40,51.99,90.96,1.67,-1,-1,-1
355,23,26.22,768.32,82.76,121.22,1.71,-1,-1,-1
355,41,681.61,465.79,32.52,79.15,1.48,-1,-1,-1
356,2,591.31,452.36,31.13,77.92,1.70,-1,-1,-1
356,6,304.94,552.97,73.13,93.69,1.73,-1,-1,-1
356,7,1127.95,610.12,63.28,84.41,1.72,-1,-1,-1
356,13,58.63,385.96,27.35,61.45,1.60,-1,-1,-1
356,14,758.72,502.57,41.94,81.90,1.73,-1,-1,-1
356,12,211.35,782.27,68.94,129.87,1.71,-1,-1,-1
356,15,277.49,369.59,28.44,55.96,1.67,-1,-1,-1
356,4,916.81,584.94,47.32,92.80,1.71,-1,-1,-1
356,30,971.40,410.54,28.71,71.28,1.69,-1,-1,-1
356,34,1130.85,373.94,27.33,60.86,1.68,-1,-1,-1
356,29,1091.32,779.89,50.16,131.51,1.67,-1,-1,-1
356,28,831.52,742.84,72.05,120.21,1.73,-1,-1,-1
356,35,1408.80,445.18,35.41,77.13,1.68,-1,-1,-1
356,37,1395.67,495.35,37.37,79.86,1.69,-1,-1,-1
356,39,1417.45,558.94,50.17,91.05,1.70,-1,-1,-1
356,23,43.27,768.52,75.10,119.31,1.69,-1,-1,-1
357,2,598.07,453.79,30.51,77.69,1.69,-1,-1,-1
357,6,309.05,554.09,81.27,91.47,1.73,-1,-1,-1
357,7,1131.85,608.20,66.16,81.59,1.73,-1,-1,-1
357,13,61.53,385.08,26.60,62.50,1.65,-1,-1,-1
357,14,761.93,502.94,39.05,82.64,1.72,-1,-1,-1
357,12,232.28,779.53,56.14,133.50,1.67,-1,-1,-1
357,15,275.52,370.81,29.04,58.72,1.66,-1,-1,-1
357,4,923.33,585.80,42.10,92.91,1.69,-1,-1,-1
357,30,975.38,411.37,33.31,72.14,1.71,-1,-1,-1
357,34,1133.53,374.68,26.98,60.59,1.67,-1,-1,-1
357,29,1100.45,779.76,59.31,133.60,1.71,-1,-1,-1
357,28,838.09,741.69,75.30,120.01,1.73,-1,-1,-1
357,35,1413.25,448.48,40.87,76.25,1.66,-1,-1,-1
357,37,1399.21,495.38,39.50,81.14,1.69,-1,-1,-1
357,39,1418.94,559.46,55.32,92.16,1.71,-1,-1,-1
357,23,64.08,768.72,80.02,120.51,1.71,-1,-1,-1
358,2,602.86,455.32,40.38,75.63,1.70,-1,-1,-1
358,6,314.09,556.84,87.34,88.15,1.73,-1,-1,-1
358,7,1135.35,607.14,65.44,81.76,1.73,-1,-1,-1
358,13,63.41,384.63,31.30,63.72,1.66,-1,-1,-1
358,14,764.90,503.02,38.43,83.52,1.71,-1,-1,-1
358,12,249.94,776.33,50.07,136.20,1.66,-1,-1,-1
358,15,277.51,371.91,26.40,57.69,1.67,-1,-1,-1
358,4,929.97,585.50,37.97,94.36,1.68,-1,-1,-1
358,30,977.77,412.73,39.07,72.85,1.72,-1,-1,-1
358,34,1136.53,375.59,27.09,60.20,1.68,-1,-1,-1
358,29,1109.43,780.60,72.54,132.75,1.72,-1,-1,-1
358,28,844.16,742.65,77.16,117.39,1.73,-1,-1,-1
358,35,1421.86,451.11,44.20,77.43,1.69,-1,-1,-1
358,37,1403.29,495.64,37.74,80.83,1.70,-1,-1,-1
358,39,1425.17,560.37,56.33,93.16,1.71,-1,-1,-1
358,23,73.38,768.56,86.72,121.95,1.74,-1,-1,-1
358,22,3.68,439.43,62.62,69.08,1.73,-1,-1,-1
359,2,609.30,457.06,46.06,74.78,1.73,-1,-1,-1
359,6,322.23,560.62,90.47,86.46,1.72,-1,-1,-1
359,7,1140.73,605.61,64.45,78.52,1.72,-1,-1,-1
359,13,65.89,384.66,30.04,63.78,1.67,-1,-1,-1
359,14,767.65,503.18,38.59,83.87,1.71,-1,-1,-1
359,12,259.18,773.70,54.44,138.03,1.69,-1,-1,-1
359,15,279.09,372.74,25.27,58.76,1.66,-1,-1,-1
359,4,935.69,584.89,38.48,94.80,1.67,-1,-1,-1
359,30,979.68,415.36,42.67,71.57,1.73,-1,-1,-1
359,34,1140.67,376.15,31.06,60.63,1.68,-1,-1,-1
359,29,1118.87,783.44,78.49,133.90,1.73,-1,-1,-1
359,28,849.41,743.58,72.58,115.26,1.73,-1,-1,-1
359,35,1426.37,453.83,51.73,75.69,1.71,-1,-1,-1
359,37,1406.93,495.42,40.40,81.92,1.70,-1,-1,-1
359,39,1433.90,563.23,52.79,93.36,1.70,-1,-1,-1
359,23,75.44,765.08,95.78,127.01,1.73,-1,-1,-1
359,22,9.94,441.73,64.22,70.46,1.72,-1,-1,-1
360,2,616.29,459.13,48.47,73.50,1.73,-1,-1,-1
360,6,330.77,562.53,86.62,85.68,1.72,-1,-1,-1
360,7,1144.92,606.59,65.09,76.92,1.74,-1,-1,-1
360,13,66.79,385.35,36.99,62.15,1.71,-1,-1,-1
360,14,770.00,503.29,43.29,84.33,1.71,-1,-1,-1
360,12,263.42,770.64,61.74,136.65,1.68,-1,-1,-1
360,15,280.26,372.82,24.62,58.99,1.67,-1,-1,-1
360,4,940.63,585.04,36.87,94.44,1.68,-1,-1,-1
360,30,984.60,418.44,39.54,68.95,1.72,-1,-1,-1
360,34,1143.81,375.50,32.48,61.11,1.68,-1,-1,-1
360,29,1127.35,785.84,80.65,134.38,1.73,-1,-1,-1
360,28,854.64,743.71,69.26,114.48,1.74,-1,-1,-1
360,35,1433.72,456.23,53.14,72.64,1.70,-1,-1,-1
360,37,1410.28,494.93,38.64,84.30,1.69,-1,-1,-1
360,39,1447.39,564.06,44.24,92.66,1.68,-1,-1,-1
360,23,83.66,762.12,101.45,126.47,1.73,-1,-1,-1
360,22,19.41,443.34,58.56,69.51,1.73,-1,-1,-1
361,2,622.96,461.86,47.69,73.59,1.72,-1,-1,-1
361,6,344.87,562.62,76.74,86.36,1.72,-1,-1,-1
361,7,1150.93,605.84,61.69,78.37,1.74,-1,-1,-1
361,13,72.08,385.99,35.70,62.08,1.71,-1,-1,-1
361,14,775.62,503.87,47.11,84.31,1.72,-1,-1,-1
361,12,271.11,769.47,78.21,132.19,1.70,-1,-1,-1
361,15,281.71,372.95,25.76,59.05,1.66,-1,-1,-1
361,4,944.03,585.11,40.41,92.56,1.68,-1,-1,-1
361,30,988.63,420.22,39.78,68.27,1.71,-1,-1,-1
361,34,1147.70,375.40,33.61,62.11,1.66,-1,-1,-1
361,29,1137.68,787.48,75.28,134.88,1.73,-1,-1,-1
361,28,858.33,740.95,66.85,117.45,1.74,-1,-1,-1
361,35,1440.44,458.56,53.15,70.45,1.70,-1,-1,-1
361,37,1414.94,494.47,37.03,84.11,1.70,-1,-1,-1
361,39,1459.10,563.64,40.11,94.25,1.65,-1,-1,-1
361,23,96.79,760.31,111.80,112.17,1.72,-1,-1,-1
361,22,27.31,444.44,51.94,68.04,1.72,-1,-1,-1
362,2,628.59,465.04,45.83,70.50,1.72,-1,-1,-1
362,6,357.75,562.25,67.23,89.66,1.72,-1,-1,-1
362,7,1152.13,603.51,63.89,80.65,1.74,-1,-1,-1
362,13,79.41,387.26,33.01,61.45,1.69,-1,-1,-1
362,14,780.23,505.10,50.03,84.16,1.72,-1,-1,-1
362,12,282.21,770.05,88.79,125.64,1.73,-1,-1,-1
362,15,284.05,372.55,26.81,58.81,1.68,-1,-1,-1
362,4,949.87,585.27,39.92,87.72,1.68,-1,-1,-1
362,30,992.38,421.36,38.82,68.29,1.71,-1,-1,-1
362,34,1152.37,375.54,32.52,61.90,1.69,-1,-1,-1
362,29,1148.66,787.49,67.60,132.51,1.71,-1,-1,-1
362,28,861.41,737.19,65.78,120.22,1.73,-1,-1,-1
362,35,1447.53,460.99,50.38,68.60,1.71,-1,-1,-1
362,37,1419.93,494.17,35.91,84.64,1.69,-1,-1,-1
362,39,1465.22,562.92,42.54,94.96,1.68,-1,-1,-1
362,23,117.61,759.60,106.09,104.77,1.71,-1,-1,-1
362,22,33.84,445.08,47.17,67.04,1.70,-1,-1,-1
363,2,634.96,466.99,43.97,70.32,1.72,-1,-1,-1
363,6,368.35,562.62,59.97,96.17,1.72,-1,-1,-1
363,7,1152.30,601.43,66.78,82.10,1.74,-1,-1,-1
363,13,89.33,387.77,31.01,61.54,1.67,-1,-1,-1
363,14,783.05,506.06,53.33,83.14,1.72,-1,-1,-1
363,12,298.41,770.56,89.23,124.61,1.72,-1,-1,-1
363,15,287.74,370.95,26.38,59.69,1.66,-1,-1,-1
363,4,956.20,584.63,44.95,84.96,1.68,-1,-1,-1
363,30,996.95,421.89,37.61,70.34,1.72,-1,-1,-1
363,34,1157.98,376.50,30.93,61.48,1.69,-1,-1,-1
363,29,1159.57,784.67,61.28,128.18,1.69,-1,-1,-1
363,28,863.99,734.53,67.67,122.66,1.71,-1,-1,-1
363,35,1455.29,461.53,47.22,68.22,1.71,-1,-1,-1
363,37,1425.00,493.66,35.87,85.43,1.69,-1,-1,-1
363,39,1471.38,563.09,44.67,93.95,1.70,-1,-1,-1
363,23,146.89,759.20,90.10,106.11,1.72,-1,-1,-1
363,22,41.53,443.81,44.29,70.50,1.69,-1,-1,-1
364,2,641.34,468.05,46.16,72.02,1.72,-1,-1,-1
364,6,380.96,562.98,56.85,95.19,1.71,-1,-1,-1
364,7,1153.58,599.22,69.27,83.38,1.74,-1,-1,-1
364,13,98.68,387.19,28.02,61.53,1.65,-1,-1,-1
364,14,787.09,507.29,53.42,81.55,1.72,-1,-1,-1
364,12,319.84,772.54,80.15,124.63,1.72,-1,-1,-1
364,15,292.07,370.48,27.07,59.54,1.66,-1,-1,-1
364,4,963.02,582.35,46.61,83.84,1.68,-1,-1,-1
364,30,1001.08,421.81,37.76,71.55,1.71,-1,-1,-1
364,34,1164.07,376.76,29.67,62.08,1.69,-1,-1,-1
364,29,1170.48,781.05,62.52,130.87,1.68,-1,-1,-1
364,28,867.49,732.27,68.54,121.58,1.72,-1,-1,-1
364,35,1462.72,462.52,45.43,67.44,1.71,-1,-1,-1
364,37,1430.61,493.19,36.34,85.47,1.69,-1,-1,-1
364,39,1479.41,563.71,51.62,94.44,1.67,-1,-1,-1
364,23,168.90,757.80,74.06,106.58,1.71,-1,-1,-1
364,22,51.23,443.65,43.90,72.75,1.70,-1,-1,-1
365,2,647.44,468.54,48.31,72.07,1.72,-1,-1,-1
365,6,390.21,563.35,66.07,94.48,1.70,-1,-1,-1
365,7,1156.32,597.88,66.28,76.47,1.74,-1,-1,-1
365,13,107.95,386.64,28.48,61.90,1.62,-1,-1,-1
365,14,792.35,507.24,54.27,81.13,1.72,-1,-1,-1
365,12,334.14,775.15,72.18,124.28,1.70,-1,-1,-1
365,15,297.00,370.05,28.28,59.30,1.66,-1,-1,-1
365,4,971.15,579.24,48.29,85.58,1.70,-1,-1,-1
365,30,1006.65,421.56,36.63,73.11,1.71,-1,-1,-1
365,34,1169.88,377.00,30.25,62.02,1.66,-1,-1,-1
365,29,1179.93,777.11,68.01,133.59,1.71,-1,-1,-1
365,28,872.56,730.35,68.63,117.64,1.72,-1,-1,-1
365,35,1469.50,462.60,45.00,66.88,1.71,-1,-1,-1
365,37,1437.09,493.00,36.56,86.34,1.69,-1,-1,-1
365,39,1488.79,564.36,61.02,97.57,1.71,-1,-1,-1
365,23,184.16,754.56,69.39,108.27,1.69,-1,-1,-1
365,22,60.46,443.16,49.17,73.44,1.70,-1,-1,-1
365,11,6.05,643.81,62.88,100.54,1.72,-1,-1,-1
366,2,655.94,468.82,47.68,72.53,1.70,-1,-1,-1
366,6,403.14,565.84,74.50,91.59,1.70,-1,-1,-1
366,7,1159.85,596.34,64.75,72.54,1.71,-1,-1,-1
366,13,121.48,385.92,26.92,61.76,1.63,-1,-1,-1
366,14,800.00,507.29,54.01,80.88,1.71,-1,-1,-1
366,12,337.11,776.08,81.95,122.38,1.64,-1,-1,-1
366,15,305.23,371.03,28.98,59.99,1.65,-1,-1,-1
366,4,980.68,577.60,47.10,86.12,1.68,-1,-1,-1
366,30,1011.79,422.33,39.07,73.16,1.69,-1,-1,-1
366,34,1179.48,377.69,27.74,61.68,1.68,-1,-1,-1
366,29,1190.47,774.48,70.60,133.09,1.70,-1,-1,-1
366,28,879.01,730.78,70.11,109.85,1.69,-1,-1,-1
366,35,1476.78,463.47,44.68,66.75,1.71,-1,-1,-1
366,37,1444.90,494.15,36.38,86.53,1.69,-1,-1,-1
366,39,1500.09,568.09,65.26,94.34,1.70,-1,-1,-1
366,23,201.28,753.16,81.62,109.36,1.71,-1,-1,-1
366,22,72.42,444.08,50.61,73.28,1.68,-1,-1,-1
366,11,17.63,642.16,63.68,102.27,1.71,-1,-1,-1
367,2,664.25,467.74,47.43,73.50,1.71,-1,-1,-1
367,6,418.94,568.38,76.65,88.99,1.71,-1,-1,-1
367,7,1163.45,594.63,61.53,74.46,1.72,-1,-1,-1
367,13,132.80,385.58,28.50,61.73,1.65,-1,-1,-1
367,14,808.64,505.47,53.86,83.61,1.71,-1,-1,-1
367,12,356.95,773.38,92.41,124.30,1.57,-1,-1,-1
367,15,314.50,371.53,28.78,59.19,1.66,-1,-1,-1
367,4,990.98,577.07,45.45,86.79,1.67,-1,-1,-1
367,30,1019.62,423.13,38.00,73.54,1.70,-1,-1,-1
367,34,1188.59,378.60,28.59,61.12,1.67,-1,-1,-1
367,29,1201.90,773.56,68.99,134.40,1.69,-1,-1,-1
367,28,886.55,730.01,68.19,103.40,1.70,-1,-1,-1
367,35,1485.11,463.14,45.19,68.18,1.70,-1,-1,-1
367,37,1453.92,494.91,36.60,86.70,1.69,-1,-1,-1
367,39,1512.63,571.48,62.06,92.58,1.73,-1,-1,-1
367,23,216.70,752.50,81.25,109.13,1.72,-1,-1,-1
367,22,86.47,445.92,50.50,72.03,1.70,-1,-1,-1
367,11,33.40,640.72,57.17,102.60,1.70,-1,-1,-1
368,2,672.27,467.28,48.64,74.23,1.72,-1,-1,-1
368,6,434.36,571.44,71.91,85.97,1.71,-1,-1,-1
368,7,1164.00,592.70,61.98,76.89,1.72,-1,-1,-1
368,13,144.21,385.27,38.34,62.13,1.67,-1,-1,-1
368,14,817.83,503.66,53.73,85.87,1.72,-1,-1,-1
368,12,377.28,767.63,84.04,127.78,1.70,-1,-1,-1
368,15,325.66,372.71,27.16,59.38,1.67,-1,-1,-1
368,4,999.58,576.82,48.34,86.57,1.68,-1,-1,-1
368,30,1025.40,423.21,39.35,73.82,1.70,-1,-1,-1
368,34,1198.42,379.24,29.88,61.08,1.67,-1,-1,-1
368,29,1214.90,772.14,62.30,132.73,1.69,-1,-1,-1
368,28,893.58,727.98,67.43,104.89,1.71,-1,-1,-1
368,35,1491.73,463.09,48.95,69.40,1.70,-1,-1,-1
368,37,1462.82,495.25,36.35,86.48,1.69,-1,-1,-1
368,39,1523.39,574.25,62.18,91.82,1.73,-1,-1,-1
368,23,230.38,750.36,82.65,111.10,1.68,-1,-1,-1
368,22,102.17,448.07,57.01,69.06,1.71,-1,-1,-1
368,11,52.10,639.36,49.43,102.04,1.68,-1,-1,-1
369,2,680.75,464.99,49.37,76.69,1.70,-1,-1,-1
369,6,448.33,575.12,67.12,82.62,1.72,-1,-1,-1
369,7,1168.93,589.71,63.57,80.37,1.73,-1,-1,-1
369,13,155.42,385.49,43.05,61.85,1.69,-1,-1,-1
369,14,826.01,502.23,53.48,87.12,1.70,-1,-1,-1
369,12,401.74,761.69,75.09,130.37,1.70,-1,-1,-1
369,15,336.55,374.21,26.30,58.04,1.67,-1,-1,-1
369,4,1006.68,577.29,50.78,86.60,1.71,-1,-1,-1
369,30,1034.19,423.66,38.56,73.26,1.70,-1,-1,-1
369,34,1208.19,379.61,30.19,61.24,1.67,-1,-1,-1
369,29,1227.92,772.93,60.77,131.93,1.72,-1,-1,-1
369,28,899.20,724.20,67.36,109.47,1.71,-1,-1,-1
369,35,1499.84,461.91,51.22,71.37,1.70,-1,-1,-1
369,37,1471.82,496.16,36.31,86.36,1.70,-1,-1,-1
369,39,1537.40,575.70,58.49,91.67,1.72,-1,-1,-1
369,23,245.29,747.44,88.40,112.41,1.70,-1,-1,-1
369,22,117.79,450.54,57.25,66.19,1.71,-1,-1,-1
369,11,70.46,638.93,46.20,101.04,1.68,-1,-1,-1
370,2,690.20,464.21,48.74,77.36,1.71,-1,-1,-1
370,6,457.38,577.61,68.40,80.35,1.72,-1,-1,-1
370,7,1171.85,587.22,67.43,81.29,1.73,-1,-1,-1
370,13,169.92,385.87,41.21,62.27,1.70,-1,-1,-1
370,14,835.09,502.01,53.46,87.02,1.72,-1,-1,-1
370,12,418.85,757.17,68.22,126.68,1.70,-1,-1,-1
370,15,347.47,375.73,26.06,56.93,1.67,-1,-1,-1
370,4,1015.46,577.31,51.13,86.86,1.70,-1,-1,-1
370,30,1042.16,424.18,37.17,74.05,1.69,-1,-1,-1
370,34,1216.60,380.36,29.88,62.82,1.65,-1,-1,-1
370,29,1239.83,774.18,62.71,130.29,1.72,-1,-1,-1
370,28,905.00,720.86,67.78,111.33,1.73,-1,-1,-1
370,35,1507.19,461.82,52.87,72.49,1.71,-1,-1,-1
370,37,1480.08,496.98,37.70,86.83,1.70,-1,-1,-1
370,39,1547.52,576.88,63.43,92.03,1.71,-1,-1,-1
370,23,260.84,743.10,84.54,114.57,1.70,-1,-1,-1
370,22,131.07,453.53,56.72,64.14,1.71,-1,-1,-1
370,11,87.21,639.25,45.41,99.88,1.69,-1,-1,-1
371,2,698.99,463.32,47.07,77.72,1.70,-1,-1,-1
371,6,462.44,578.67,73.69,80.82,1.72,-1,-1,-1
371,7,1175.30,585.53,67.15,79.95,1.73,-1,-1,-1
371,13,185.87,387.09,37.43,60.28,1.69,-1,-1,-1
371,14,842.96,502.62,53.57,85.86,1.73,-1,-1,-1
371,12,436.59,752.74,59.84,116.85,1.69,-1,-1,-1
371,15,357.51,376.53,26.52,58.87,1.66,-1,-1,-1
371,4,1023.32,576.07,51.98,88.55,1.68,-1,-1,-1
371,30,1050.76,424.71,34.10,73.81,1.70,-1,-1,-1
371,34,1225.67,382.04,27.72,62.55,1.64,-1,-1,-1
371,29,1252.59,777.38,63.88,127.89,1.71,-1,-1,-1
371,28,910.59,716.12,70.27,116.17,1.71,-1,-1,-1
371,35,1513.21,461.88,56.02,73.53,1.70,-1,-1,-1
371,37,1488.95,498.42,37.78,86.33,1.70,-1,-1,-1
371,39,1557.67,579.28,71.46,91.19,1.72,-1,-1,-1
371,23,276.09,737.16,79.58,117.24,1.70,-1,-1,-1
371,22,144.36,455.93,53.70,63.70,1.71,-1,-1,-1
371,11,103.37,640.28,48.63,98.02,1.68,-1,-1,-1
372,2,707.25,463.13,46.14,77.64,1.70,-1,-1,-1
372,6,466.98,578.62,78.86,80.68,1.72,-1,-1,-1
372,7,1179.91,584.66,64.88,76.04,1.73,-1,-1,-1
372,13,200.24,387.63,32.85,59.19,1.66,-1,-1,-1
372,14,851.52,503.44,54.28,84.54,1.73,-1,-1,-1
372,12,451.66,747.24,59.09,114.31,1.69,-1,-1,-1
372,15,368.68,377.16,26.84,56.56,1.65,-1,-1,-1
372,4,1040.94,573.38,43.99,90.63,1.65,-1,-1,-1
372,30,1057.67,425.39,36.37,72.71,1.69,-1,-1,-1
372,34,1232.01,382.05,31.73,62.99,1.65,-1,-1,-1
372,29,1263.83,780.36,63.81,127.19,1.73,-1,-1,-1
372,28,915.34,713.95,69.78,116.18,1.73,-1,-1,-1
372,35,1520.44,462.60,54.77,73.32,1.70,-1,-1,-1
372,37,1497.28,498.53,39.13,87.32,1.70,-1,-1,-1
372,39,1569.21,582.62,76.42,86.93,1.72,-1,-1,-1
372,23,291.11,732.37,71.52,113.73,1.70,-1,-1,-1
372,22,157.19,456.64,49.58,62.60,1.72,-1,-1,-1
372,11,118.29,640.75,56.96,98.08,1.71,-1,-1,-1
373,2,716.54,463.58,43.72,77.78,1.71,-1,-1,-1
373,6,473.97,579.00,80.39,82.00,1.71,-1,-1,-1
373,7,1185.15,584.10,56.22,76.10,1.73,-1,-1,-1
373,13,217.77,386.93,29.02,59.43,1.60,-1,-1,-1
373,14,858.68,504.55,56.28,84.80,1.72,-1,-1,-1
373,12,464.11,740.43,55.98,120.75,1.63,-1,-1,-1
373,15,378.58,376.69,28.03,57.01,1.65,-1,-1,-1
373,4,1053.84,570.72,40.67,93.20,1.67,-1,-1,-1
373,30,1067.03,425.57,36.52,72.34,1.70,-1,-1,-1
373,34,1245.60,383.04,27.83,62.77,1.65,-1,-1,-1
373,29,1276.17,781.09,61.18,128.06,1.71,-1,-1,-1
373,28,921.62,711.78,70.76,117.33,1.72,-1,-1,-1
373,35,1528.16,463.00,52.19,72.16,1.70,-1,-1,-1
373,37,1506.72,499.92,39.02,86.57,1.70,-1,-1,-1
373,39,1582.87,586.16,73.43,83.94,1.72,-1,-1,-1
373,23,304.32,727.15,72.82,109.19,1.68,-1,-1,-1
373,22,169.09,457.11,50.79,62.88,1.72,-1,-1,-1
373,11,134.06,641.22,57.88,96.87,1.73,-1,-1,-1
374,2,727.43,464.70,42.16,76.99,1.69,-1,-1,-1
374,6,482.82,580.40,76.91,79.38,1.72,-1,-1,-1
374,7,1192.21,584.13,45.52,76.02,1.70,-1,-1,-1
374,13,233.33,385.50,28.99,61.19,1.62,-1,-1,-1
374,14,868.15,507.24,56.35,82.74,1.73,-1,-1,-1
374,12,478.06,735.34,59.29,125.05,1.60,-1,-1,-1
374,15,389.12,376.69,26.99,56.79,1.66,-1,-1,-1
374,4,1064.92,569.52,39.82,94.49,1.67,-1,-1,-1
374,30,1075.79,425.82,36.62,74.31,1.69,-1,-1,-1
374,34,1255.94,383.67,27.96,63.10,1.66,-1,-1,-1
374,29,1287.20,780.67,59.59,128.40,1.71,-1,-1,-1
374,28,928.30,711.62,69.29,114.60,1.73,-1,-1,-1
374,35,1534.84,462.81,47.18,72.69,1.67,-1,-1,-1
374,37,1516.85,499.72,40.29,87.42,1.70,-1,-1,-1
374,39,1595.34,588.59,76.10,84.23,1.71,-1,-1,-1
374,23,316.68,721.10,79.54,104.32,1.69,-1,-1,-1
374,22,181.32,458.23,50.34,60.70,1.71,-1,-1,-1
374,11,150.05,640.75,59.19,97.63,1.72,-1,-1,-1
374,42,3.85,628.28,54.76,99.37,1.68,-1,-1,-1
375,2,736.47,466.97,43.69,75.32,1.71,-1,-1,-1
375,6,491.53,582.98,73.96,75.92,1.72,-1,-1,-1
375,7,1188.74,582.66,53.18,78.47,1.70,-1,-1,-1
375,13,246.47,384.69,27.03,61.88,1.63,-1,-1,-1
375,14,876.87,509.55,57.98,80.99,1.71,-1,-1,-1
375,12,491.28,729.44,53.77,129.03,1.65,-1,-1,-1
375,15,400.31,376.31,27.14,57.63,1.67,-1,-1,-1
375,4,1073.53,569.09,40.83,94.90,1.67,-1,-1,-1
375,30,1083.39,426.73,37.80,74.25,1.70,-1,-1,-1
375,34,1265.73,384.37,29.55,62.84,1.66,-1,-1,-1
375,29,1296.90,777.67,59.55,130.80,1.70,-1,-1,-1
375,28,935.18,711.62,64.27,109.80,1.72,-1,-1,-1
375,35,1541.07,461.89,46.38,73.47,1.67,-1,-1,-1
375,37,1526.91,500.35,38.92,88.24,1.69,-1,-1,-1
375,39,1606.97,590.68,74.10,84.18,1.70,-1,-1,-1
375,23,324.80,717.10,90.99,102.80,1.71,-1,-1,-1
375,22,193.11,458.50,47.47,60.40,1.71,-1,-1,-1
375,11,165.81,639.80,58.29,99.75,1.72,-1,-1,-1
375,42,16.41,626.57,62.45,104.37,1.70,-1,-1,-1
376,2,744.49,468.38,45.06,74.68,1.70,-1,-1,-1
376,6,499.63,584.59,68.13,74.25,1.72,-1,-1,-1
376,7,1185.72,580.99,63.08,80.32,1.72,-1,-1,-1
376,13,259.94,383.91,28.72,62.37,1.64,-1,-1,-1
376,14,886.00,510.99,57.79,79.51,1.71,-1,-1,-1
376,12,502.91,725.69,57.83,125.00,1.64,-1,-1,-1
376,15,409.70,375.29,27.67,60.39,1.66,-1,-1,-1
376,4,1083.11,569.84,39.42,95.53,1.69,-1,-1,-1
376,30,1088.47,427.40,40.46,74.46,1.70,-1,-1,-1
376,34,1275.97,384.98,27.77,62.37,1.66,-1,-1,-1
376,29,1304.68,774.65,57.72,132.80,1.70,-1,-1,-1
376,28,942.28,712.17,57.36,105.46,1.72,-1,-1,-1
376,35,1549.81,461.23,45.98,74.45,1.69,-1,-1,-1
376,37,1533.35,499.96,40.97,88.32,1.69,-1,-1,-1
376,39,1617.98,591.25,71.10,86.69,1.70,-1,-1,-1
376,23,332.13,714.61,97.85,100.33,1.72,-1,-1,-1
376,22,205.01,459.05,46.50,59.77,1.70,-1,-1,-1
376,11,180.93,637.58,53.28,102.70,1.71,-1,-1,-1
376,42,31.34,625.12,64.09,107.43,1.70,-1,-1,-1
377,2,752.33,469.21,46.22,73.73,1.71,-1,-1,-1
377,6,504.10,586.04,64.25,71.11,1.72,-1,-1,-1
377,7,1187.06,579.96,67.86,81.67,1.72,-1,-1,-1
377,13,272.49,383.10,33.22,63.08,1.65,-1,-1,-1
377,14,894.33,511.34,58.40,79.56,1.70,-1,-1,-1
377,12,512.53,721.85,57.82,120.26,1.66,-1,-1,-1
377,15,419.22,375.06,27.94,58.56,1.65,-1,-1,-1
377,4,1089.13,571.35,43.71,95.10,1.68,-1,-1,-1
377,30,1096.66,428.11,39.46,74.99,1.69,-1,-1,-1
377,34,1284.07,385.31,27.52,62.84,1.64,-1,-1,-1
377,29,1311.28,770.78,59.43,133.57,1.65,-1,-1,-1
377,28,947.86,710.06,50.86,106.46,1.69,-1,-1,-1
377,35,1554.11,460.38,48.04,75.35,1.67,-1,-1,-1
377,37,1543.40,500.46,36.12,87.70,1.66,-1,-1,-1
377,39,1631.23,591.96,66.20,90.40,1.71,-1,-1,-1
377,23,338.50,712.18,105.65,97.22,1.72,-1,-1,-1
377,22,215.78,459.15,45.68,59.85,1.71,-1,-1,-1
377,11,196.84,636.21,48.89,103.37,1.69,-1,-1,-1
377,42,48.99,624.18,63.72,109.07,1.71,-1,-1,-1
378,2,758.86,469.18,48.60,74.44,1.71,-1,-1,-1
378,6,510.63,584.55,67.18,73.32,1.72,-1,-1,-1
378,7,1190.71,578.84,68.08,79.03,1.73,-1,-1,-1
378,13,287.28,383.78,32.92,62.14,1.67,-1,-1,-1
378,14,902.87,511.27,58.02,79.44,1.70,-1,-1,-1
378,12,524.43,719.60,62.65,114.20,1.59,-1,-1,-1
378,15,430.04,374.14,26.71,58.87,1.64,-1,-1,-1
378,4,1097.06,574.26,47.04,92.97,1.70,-1,-1,-1
378,30,1104.86,429.20,36.71,73.85,1.70,-1,-1,-1
378,34,1293.80,385.55,26.21,62.67,1.66,-1,-1,-1
378,29,1317.70,768.04,61.16,132.60,1.69,-1,-1,-1
378,28,952.98,706.98,46.65,109.10,1.69,-1,-1,-1
378,35,1562.01,460.56,45.74,74.88,1.68,-1,-1,-1
378,37,1550.75,500.61,33.96,87.43,1.66,-1,-1,-1
378,39,1646.29,593.10,57.60,89.52,1.73,-1,-1,-1
378,23,350.60,711.53,104.41,94.80,1.73,-1,-1,-1
378,22,225.48,458.41,44.41,58.79,1.70,-1,-1,-1
378,11,214.96,635.36,41.85,103.27,1.68,-1,-1,-1
378,42,69.11,624.41,58.94,109.44,1.71,-1,-1,-1
379,2,764.94,467.56,50.68,75.45,1.71,-1,-1,-1
379,6,514.45,583.64,68.08,79.90,1.73,-1,-1,-1
379,7,1198.75,577.45,61.03,79.75,1.74,-1,-1,-1
379,13,300.91,384.55,31.54,61.36,1.68,-1,-1,-1
379,14,902.16,510.40,67.46,80.14,1.71,-1,-1,-1
379,12,535.12,716.50,53.68,109.10,1.59,-1,-1,-1
379,15,440.41,373.95,25.25,59.89,1.64,-1,-1,-1
379,4,1104.45,576.13,48.65,91.01,1.70,-1,-1,-1
379,30,1111.96,429.07,33.65,74.32,1.69,-1,-1,-1
379,34,1302.50,385.28,26.35,63.02,1.67,-1,-1,-1
379,29,1328.19,763.42,60.19,130.53,1.69,-1,-1,-1
379,28,959.19,704.22,48.81,109.62,1.70,-1,-1,-1
379,35,1566.01,460.53,46.51,76.56,1.63,-1,-1,-1
379,37,1558.81,501.21,34.28,86.18,1.60,-1,-1,-1
379,39,1655.49,594.16,55.35,89.57,1.72,-1,-1,-1
379,23,360.08,709.79,105.13,95.59,1.73,-1,-1,-1
379,22,234.89,457.49,44.65,61.48,1.71,-1,-1,-1
379,11,233.12,633.16,38.47,104.07,1.65,-1,-1,-1
379,42,91.13,624.72,52.17,108.93,1.70,-1,-1,-1
380,2,769.03,466.28,54.25,77.12,1.71,-1,-1,-1
380,6,517.96,581.64,71.73,88.05,1.74,-1,-1,-1
380,7,1199.90,576.55,56.73,80.70,1.72,-1,-1,-1
380,13,314.45,385.46,30.03,60.15,1.68,-1,-1,-1
380,14,907.50,509.15,67.29,80.93,1.68,-1,-1,-1
380,12,545.66,712.88,60.09,111.07,1.67,-1,-1,-1
380,15,449.26,374.82,26.89,59.33,1.65,-1,-1,-1
380,4,1111.10,577.71,51.23,90.99,1.71,-1,-1,-1
380,30,1119.43,428.54,29.89,74.54,1.68,-1,-1,-1
380,34,1309.82,385.81,28.03,62.71,1.67,-1,-1,-1
380,29,1336.65,759.18,60.34,129.39,1.68,-1,-1,-1
380,28,961.62,700.86,52.93,110.43,1.72,-1,-1,-1
380,35,1574.96,460.96,39.28,74.53,1.63,-1,-1,-1
380,37,1564.10,501.85,37.60,85.43,1.68,-1,-1,-1
380,39,1663.78,594.75,54.35,90.22,1.72,-1,-1,-1
380,23,367.60,706.14,107.24,99.31,1.72,-1,-1,-1
380,22,242.00,457.14,45.33,66.83,1.71,-1,-1,-1
380,11,248.72,631.18,39.56,104.97,1.64,-1,-1,-1
380,42,112.72,624.63,47.44,107.91,1.69,-1,-1,-1
381,2,842.98,468.93,38.13,82.21,0.63,-1,-1,-1
381,6,521.04,580.95,70.69,91.27,1.74,-1,-1,-1
381,7,1200.93,576.13,49.41,81.27,1.71,-1,-1,-1
381,13,327.21,384.96,25.35,60.22,1.63,-1,-1,-1
381,14,905.54,507.47,71.10,82.72,1.69,-1,-1,-1
381,12,555.71,706.71,60.16,114.44,1.69,-1,-1,-1
381,15,459.86,376.46,25.30,58.43,1.64,-1,-1,-1
381,4,1118.38,578.41,52.83,90.17,1.71,-1,-1,-1
381,30,1125.52,427.94,27.21,74.85,1.69,-1,-1,-1
381,34,1314.39,386.22,32.68,63.38,1.68,-1,-1,-1
381,29,1345.47,755.97,59.83,127.80,1.70,-1,-1,-1
381,28,964.55,697.88,55.99,114.60,1.72,-1,-1,-1
381,35,1582.01,461.77,32.41,72.93,1.55,-1,-1,-1
381,37,1569.94,503.02,40.58,83.80,1.69,-1,-1,-1
381,39,1669.43,596.59,58.09,88.76,1.72,-1,-1,-1
381,23,375.08,702.05,107.55,101.43,1.73,-1,-1,-1
381,22,250.78,457.80,44.04,68.51,1.72,-1,-1,-1
381,11,264.27,630.07,41.34,104.88,1.68,-1,-1,-1
381,42,133.49,624.56,45.20,106.54,1.68,-1,-1,-1
381,40,773.36,464.66,52.32,78.81,1.71,-1,-1,-1
382,2,850.74,468.78,33.02,80.39,1.58,-1,-1,-1
382,6,524.50,582.24,60.92,89.72,1.72,-1,-1,-1
382,7,1202.28,573.92,40.89,83.08,1.70,-1,-1,-1
382,13,338.76,384.69,26.06,59.59,1.61,-1,-1,-1
382,14,912.41,504.29,64.63,85.04,1.71,-1,-1,-1
382,12,567.24,699.33,55.72,120.68,1.69,-1,-1,-1
382,15,467.40,378.80,26.82,55.58,1.63,-1,-1,-1
382,4,1126.79,577.93,51.39,90.55,1.72,-1,-1,-1
382,30,1131.97,427.31,26.12,75.12,1.67,-1,-1,-1
382,34,1321.07,387.92,33.26,61.57,1.69,-1,-1,-1
382,29,1356.68,753.47,55.09,126.96,1.70,-1,-1,-1
382,28,966.84,696.93,57.69,113.33,1.73,-1,-1,-1
382,35,1587.87,462.04,29.21,71.50,1.47,-1,-1,-1
382,37,1576.26,503.33,43.08,83.72,1.69,-1,-1,-1
382,39,1672.42,595.15,64.07,90.87,1.72,-1,-1,-1
382,23,383.27,698.83,105.88,102.25,1.74,-1,-1,-1
382,22,258.58,458.78,39.44,69.24,1.71,-1,-1,-1
382,11,278.94,629.05,48.04,104.09,1.68,-1,-1,-1
382,42,151.05,623.02,46.63,107.08,1.72,-1,-1,-1
382,40,778.46,462.85,48.42,79.97,1.71,-1,-1,-1
383,2,856.82,467.59,30.32,82.09,0.56,-1,-1,-1
383,6,526.77,582.99,56.16,87.37,1.74,-1,-1,-1
383,7,1201.97,570.82,44.42,85.62,1.71,-1,-1,-1
383,13,352.51,383.59,25.81,59.34,1.62,-1,-1,-1
383,14,921.30,502.76,55.76,86.10,1.72,-1,-1,-1
383,12,578.30,693.26,45.79,122.50,1.69,-1,-1,-1
383,15,478.08,380.49,25.45,56.76,1.65,-1,-1,-1
383,4,1133.38,576.83,50.81,90.57,1.70,-1,-1,-1
383,30,1137.04,426.86,27.68,75.92,1.69,-1,-1,-1
383,34,1328.08,388.55,35.14,61.40,1.68,-1,-1,-1
383,29,1364.80,752.92,53.86,126.13,1.70,-1,-1,-1
383,28,969.43,695.80,57.68,111.70,1.73,-1,-1,-1
383,35,1589.70,461.00,33.03,75.27,1.50,-1,-1,-1
383,37,1583.53,502.20,45.47,84.46,1.71,-1,-1,-1
383,39,1676.67,594.72,67.27,92.14,1.73,-1,-1,-1
383,23,392.39,694.12,97.88,102.54,1.72,-1,-1,-1
383,22,265.75,459.59,36.06,67.68,1.70,-1,-1,-1
383,11,293.44,629.66,45.67,103.23,1.68,-1,-1,-1
383,42,160.19,620.39,61.45,108.11,1.73,-1,-1,-1
383,40,784.27,459.82,42.33,82.44,1.71,-1,-1,-1
384,2,864.29,467.87,27.02,81.24,0.92,-1,-1,-1
384,6,527.82,583.90,63.19,85.96,1.74,-1,-1,-1
384,7,1202.11,568.75,48.64,87.49,1.73,-1,-1,-1
384,13,363.82,381.98,24.67,60.15,1.64,-1,-1,-1
384,14,927.64,500.16,48.94,89.23,1.72,-1,-1,-1
384,12,590.79,688.40,42.78,124.26,1.69,-1,-1,-1
384,15,485.10,382.69,26.82,51.20,1.64,-1,-1,-1
384,4,1142.31,577.12,47.58,90.26,1.71,-1,-1,-1
384,30,1138.74,427.21,33.49,74.72,1.70,-1,-1,-1
384,34,1333.82,389.47,38.18,60.40,1.69,-1,-1,-1
384,29,1374.10,753.60,50.85,125.69,1.71,-1,-1,-1
384,28,971.00,696.45,57.38,110.43,1.73,-1,-1,-1
384,35,1587.59,459.77,43.13,73.49,1.61,-1,-1,-1
384,37,1587.79,503.10,48.65,83.22,1.72,-1,-1,-1
384,39,1682.10,594.07,67.27,93.03,1.74,-1,-1,-1
384,23,410.04,690.64,77.79,101.59,1.73,-1,-1,-1
384,22,271.69,459.52,37.31,66.37,1.72,-1,-1,-1
384,11,306.69,630.06,42.87,104.10,1.69,-1,-1,-1
384,42,174.37,618.57,65.10,108.80,1.72,-1,-1,-1
384,40,788.63,458.19,38.79,83.43,1.71,-1,-1,-1
385,2,868.19,467.68,32.27,81.48,0.26,-1,-1,-1
385,6,527.96,583.54,69.45,88.98,1.75,-1,-1,-1
385,7,1199.63,566.73,55.77,89.09,1.73,-1,-1,-1
385,13,374.98,380.60,30.30,61.06,1.67,-1,-1,-1
385,14,935.19,498.92,41.69,90.01,1.70,-1,-1,-1
385,12,599.69,683.67,43.65,122.26,1.65,-1,-1,-1
385,15,493.40,383.21,25.99,50.85,1.63,-1,-1,-1
385,4,1150.23,577.35,41.94,90.29,1.69,-1,-1,-1
385,30,1139.49,427.26,41.13,75.13,1.71,-1,-1,-1
385,34,1339.51,390.18,40.72,61.17,1.69,-1,-1,-1
385,29,1378.59,754.23,54.33,124.42,1.68,-1,-1,-1
385,28,973.68,696.39,55.03,108.97,1.72,-1,-1,-1
385,35,1586.93,458.49,47.71,74.36,1.62,-1,-1,-1
385,37,1593.03,502.22,50.59,84.96,1.72,-1,-1,-1
385,39,1686.80,594.93,69.37,94.09,1.74,-1,-1,-1
385,23,426.97,686.92,60.59,100.98,1.71,-1,-1,-1
385,22,276.68,459.02,41.29,66.33,1.71,-1,-1,-1
385,11,320.06,629.36,38.17,105.77,1.67,-1,-1,-1
385,42,188.91,616.61,58.90,109.10,1.72,-1,-1,-1
385,40,793.28,457.68,33.79,84.35,1.70,-1,-1,-1
386,2,873.75,468.13,34.28,80.82,1.00,-1,-1,-1
386,6,528.25,583.94,72.64,92.99,1.75,-1,-1,-1
386,7,1195.59,565.53,60.54,84.28,1.73,-1,-1,-1
386,13,384.54,380.34,32.63,61.49,1.69,-1,-1,-1
386,14,942.56,498.26,36.38,90.01,1.70,-1,-1,-1
386,12,608.14,680.61,44.84,120.24,1.67,-1,-1,-1
386,15,499.26,383.95,27.78,54.28,1.66,-1,-1,-1
386,4,1155.45,578.51,38.60,88.56,1.66,-1,-1,-1
386,30,1143.81,427.42,43.62,75.16,1.72,-1,-1,-1
386,34,1345.32,390.31,41.85,60.60,1.70,-1,-1,-1
386,29,1384.60,754.86,56.55,124.79,1.73,-1,-1,-1
386,28,973.74,695.97,53.70,109.48,1.72,-1,-1,-1
386,35,1590.07,458.06,51.73,75.48,1.63,-1,-1,-1
386,37,1599.63,501.87,50.33,85.11,1.73,-1,-1,-1
386,39,1690.67,596.01,70.49,93.44,1.73,-1,-1,-1
386,23,433.93,683.21,55.95,103.36,1.70,-1,-1,-1
386,22,281.52,458.00,44.35,66.87,1.72,-1,-1,-1
386,11,332.47,628.90,42.03,105.95,1.70,-1,-1,-1
386,42,206.79,616.83,49.93,109.86,1.71,-1,-1,-1
386,40,798.70,457.33,30.60,83.89,1.70,-1,-1,-1
387,2,875.45,467.13,39.43,81.60,0.31,-1,-1,-1
387,6,527.99,584.63,73.66,96.56,1.75,-1,-1,-1
387,7,1194.85,565.36,60.79,83.08,1.72,-1,-1,-1
387,13,395.12,380.15,34.41,61.30,1.69,-1,-1,-1
387,14,947.20,497.86,34.52,90.62,1.66,-1,-1,-1
387,12,616.86,679.25,45.42,112.06,1.68,-1,-1,-1
387,15,506.82,384.19,27.57,52.71,1.63,-1,-1,-1
387,4,1161.24,579.68,38.79,87.35,1.68,-1,-1,-1
387,30,1150.22,427.41,44.95,74.50,1.72,-1,-1,-1
387,34,1352.35,390.53,42.19,60.53,1.71,-1,-1,-1
387,29,1387.20,754.01,62.22,125.41,1.71,-1,-1,-1
387,28,976.60,694.02,48.13,109.92,1.71,-1,-1,-1
387,35,1596.15,457.53,45.05,76.00,1.63,-1,-1,-1
387,37,1608.77,502.57,47.86,84.65,1.73,-1,-1,-1
387,39,1696.17,596.99,68.77,93.27,1.73,-1,-1,-1
387,23,441.40,678.36,51.24,107.00,1.67,-1,-1,-1
387,22,287.70,456.90,44.40,70.68,1.72,-1,-1,-1
387,11,346.07,627.33,41.50,107.89,1.70,-1,-1,-1
387,42,225.32,616.96,52.99,110.49,1.68,-1,-1,-1
387,40,803.17,457.62,29.42,82.49,1.70,-1,-1,-1
388,2,878.58,467.75,44.17,79.66,1.54,-1,-1,-1
388,6,524.43,586.58,78.35,96.43,1.74,-1,-1,-1
388,7,1201.62,566.35,49.34,82.63,1.72,-1,-1,-1
388,13,406.77,380.89,32.46,59.95,1.69,-1,-1,-1
388,14,958.50,498.67,27.01,89.64,1.66,-1,-1,-1
388,12,626.10,678.94,45.99,109.14,1.69,-1,-1,-1
388,15,514.42,384.00,28.83,51.64,1.65,-1,-1,-1
388,4,1166.32,580.12,42.14,86.29,1.69,-1,-1,-1
388,30,1154.71,427.36,46.91,73.45,1.72,-1,-1,-1
388,34,1357.50,390.82,43.39,60.01,1.71,-1,-1,-1
388,29,1386.55,752.14,69.52,124.44,1.73,-1,-1,-1
388,28,977.70,691.64,49.37,111.72,1.70,-1,-1,-1
388,35,1604.39,457.83,36.50,76.24,1.61,-1,-1,-1
388,37,1616.86,502.14,45.07,84.85,1.71,-1,-1,-1
388,39,1696.09,596.92,68.23,93.97,1.74,-1,-1,-1
388,23,448.65,671.80,53.71,111.28,1.67,-1,-1,-1
388,22,293.04,456.68,43.76,72.09,1.72,-1,-1,-1
388,11,359.06,625.55,37.31,108.44,1.66,-1,-1,-1
388,42,238.94,618.68,64.76,108.64,1.71,-1,-1,-1
388,40,808.46,458.36,29.88,81.96,1.71,-1,-1,-1
389,2,882.30,467.18,47.56,79.67,1.43,-1,-1,-1
389,6,520.73,588.95,81.82,99.15,1.74,-1,-1,-1
389,7,1199.75,566.14,42.25,83.41,1.70,-1,-1,-1
389,13,416.16,379.56,32.37,61.05,1.69,-1,-1,-1
389,14,957.98,500.08,33.74,88.13,1.61,-1,-1,-1
389,12,635.49,676.45,45.40,111.44,1.68,-1,-1,-1
389,15,520.65,385.23,29.81,47.77,1.65,-1,-1,-1
389,4,1168.04,580.05,46.99,86.14,1.70,-1,-1,-1
389,30,1162.73,425.96,44.73,75.77,1.72,-1,-1,-1
389,34,1361.38,390.68,43.21,59.86,1.69,-1,-1,-1
389,29,1386.00,748.57,76.27,126.62,1.73,-1,-1,-1
389,28,980.12,688.36,53.55,114.04,1.71,-1,-1,-1
389,35,1608.05,456.95,34.30,76.21,1.65,-1,-1,-1
389,37,1625.18,501.07,38.68,85.88,1.70,-1,-1,-1
389,39,1695.71,596.38,65.77,94.35,1.74,-1,-1,-1
389,23,455.53,666.62,53.02,110.91,1.70,-1,-1,-1
389,22,297.60,456.73,42.97,73.52,1.72,-1,-1,-1
389,11,371.81,624.77,36.29,108.04,1.65,-1,-1,-1
389,42,240.93,620.24,87.04,106.29,1.71,-1,-1,-1
389,40,807.64,459.11,33.87,80.45,1.70,-1,-1,-1
390,2,889.55,467.06,46.67,78.87,0.32,-1,-1,-1
390,6,516.00,592.05,83.43,95.65,1.74,-1,-1,-1
390,7,1193.19,565.58,39.15,83.67,1.65,-1,-1,-1
390,13,429.20,380.16,27.24,59.38,1.66,-1,-1,-1
390,14,957.58,501.35,41.76,84.70,1.69,-1,-1,-1
390,12,645.04,672.32,51.01,112.45,1.64,-1,-1,-1
390,15,528.31,384.83,28.78,48.71,1.66,-1,-1,-1
390,4,1171.30,579.08,50.19,87.34,1.71,-1,-1,-1
390,30,1168.45,425.51,45.05,74.35,1.72,-1,-1,-1
390,34,1367.46,390.08,40.49,59.81,1.70,-1,-1,-1
390,29,1389.57,743.55,77.34,128.43,1.72,-1,-1,-1
390,28,982.82,685.85,53.29,115.31,1.71,-1,-1,-1
390,35,1608.36,456.07,37.22,78.08,1.65,-1,-1,-1
390,37,1633.58,500.26,31.94,84.86,1.70,-1,-1,-1
390,39,1696.38,594.47,62.73,97.59,1.74,-1,-1,-1
390,23,460.35,663.27,50.63,105.76,1.71,-1,-1,-1
390,22,303.07,457.93,41.32,75.58,1.72,-1,-1,-1
390,11,382.58,624.21,37.62,105.63,1.66,-1,-1,-1
390,42,254.27,620.46,88.80,104.06,1.69,-1,-1,-1
390,40,807.07,459.19,40.69,80.04,1.70,-1,-1,-1
391,6,514.12,592.61,79.57,95.28,1.71,-1,-1,-1
391,7,1189.93,564.33,48.24,83.70,1.65,-1,-1,-1
391,13,438.24,379.13,25.90,59.18,1.64,-1,-1,-1
391,14,954.39,503.27,52.49,82.50,1.72,-1,-1,-1
391,12,655.71,666.27,46.02,116.73,1.67,-1,-1,-1
391,15,533.86,384.12,30.57,47.54,1.65,-1,-1,-1
391,4,1174.74,577.40,51.60,90.44,1.71,-1,-1,-1
391,30,1175.98,423.91,41.61,75.47,1.71,-1,-1,-1
391,34,1371.34,388.28,38.99,61.72,1.69,-1,-1,-1
391,29,1393.95,739.31,74.97,122.61,1.72,-1,-1,-1
391,28,983.64,684.02,56.64,115.37,1.70,-1,-1,-1
391,35,1616.39,454.72,32.35,80.26,1.68,-1,-1,-1
391,37,1641.39,499.65,26.72,85.29,1.68,-1,-1,-1
391,39,1698.65,592.84,55.11,98.26,1.73,-1,-1,-1
391,23,465.91,659.85,45.25,100.84,1.70,-1,-1,-1
391,22,306.88,458.74,42.87,74.78,1.71,-1,-1,-1
391,11,392.97,623.38,45.31,104.24,1.67,-1,-1,-1
391,42,272.77,620.60,81.10,102.27,1.72,-1,-1,-1
391,40,807.18,458.37,47.53,80.49,1.72,-1,-1,-1
392,6,515.00,593.70,68.39,92.27,1.67,-1,-1,-1
392,7,1190.68,562.08,50.92,84.64,1.65,-1,-1,-1
392,13,448.15,377.54,24.56,59.85,1.64,-1,-1,-1
392,14,953.37,503.60,60.83,81.70,1.73,-1,-1,-1
392,12,665.77,660.79,46.03,117.73,1.68,-1,-1,-1
392,15,537.70,383.51,32.73,47.66,1.65,-1,-1,-1
392,4,1177.41,576.68,52.50,92.33,1.71,-1,-1,-1
392,30,1183.56,423.07,37.02,74.61,1.71,-1,-1,-1
392,34,1377.04,386.76,38.21,62.88,1.68,-1,-1,-1
392,29,1400.78,734.09,69.72,121.35,1.71,-1,-1,-1
392,28,984.10,682.93,57.09,114.87,1.71,-1,-1,-1
392,35,1617.35,452.94,35.21,80.92,1.69,-1,-1,-1
392,37,1646.83,498.80,25.69,86.27,1.68,-1,-1,-1
392,39,1702.46,590.21,58.45,99.96,1.74,-1,-1,-1
392,23,471.26,656.65,39.78,98.21,1.69,-1,-1,-1
392,22,311.80,459.49,39.61,72.93,1.71,-1,-1,-1
392,11,405.13,623.68,43.76,101.31,1.67,-1,-1,-1
392,42,294.92,620.49,84.58,97.43,1.69,-1,-1,-1
392,40,808.97,457.43,54.29,80.33,1.72,-1,-1,-1
393,6,528.53,593.52,51.23,94.32,1.71,-1,-1,-1
393,7,1187.95,560.73,57.86,84.53,1.65,-1,-1,-1
393,13,456.19,375.78,24.25,61.18,1.64,-1,-1,-1
393,14,955.53,502.81,64.48,81.91,1.74,-1,-1,-1
393,12,674.47,657.00,46.17,119.79,1.66,-1,-1,-1
393,15,544.27,381.36,32.53,49.85,1.68,-1,-1,-1
393,4,1181.78,577.06,49.29,92.51,1.70,-1,-1,-1
393,30,1188.64,421.74,35.36,75.31,1.69,-1,-1,-1
393,34,1385.86,384.72,32.56,64.69,1.68,-1,-1,-1
393,29,1407.77,729.99,62.24,122.24,1.69,-1,-1,-1
393,28,989.09,682.29,53.87,113.29,1.71,-1,-1,-1
393,35,1620.14,451.95,35.67,81.31,1.69,-1,-1,-1
393,37,1650.63,498.41,27.38,86.33,1.66,-1,-1,-1
393,39,1704.98,588.92,61.88,101.67,1.73,-1,-1,-1
393,23,469.97,654.43,48.04,98.94,1.72,-1,-1,-1
393,22,316.79,458.47,37.69,72.54,1.71,-1,-1,-1
393,11,415.64,623.95,44.80,101.42,1.69,-1,-1,-1
393,42,319.25,620.60,75.69,97.30,1.69,-1,-1,-1
393,40,816.31,455.90,52.43,80.64,1.72,-1,-1,-1
394,6,532.10,594.37,44.36,97.46,1.71,-1,-1,-1
394,7,1180.35,559.93,65.62,84.05,1.66,-1,-1,-1
394,13,465.48,374.26,28.41,62.87,1.64,-1,-1,-1
394,14,960.02,501.79,63.96,82.40,1.75,-1,-1,-1
394,12,684.01,653.05,48.18,116.95,1.68,-1,-1,-1
394,15,549.15,380.70,33.37,51.41,1.67,-1,-1,-1
394,4,1182.08,577.17,49.93,92.07,1.70,-1,-1,-1
394,30,1191.33,420.51,34.87,76.21,1.70,-1,-1,-1
394,34,1391.85,383.85,33.80,65.59,1.68,-1,-1,-1
394,29,1414.31,727.48,54.28,120.79,1.70,-1,-1,-1
394,28,991.39,682.28,49.98,111.06,1.72,-1,-1,-1
394,35,1626.16,451.68,33.52,80.61,1.69,-1,-1,-1
394,37,1650.21,497.45,32.99,87.12,1.70,-1,-1,-1
394,39,1708.56,587.55,64.40,100.72,1.73,-1,-1,-1
394,23,473.03,651.05,52.73,100.27,1.72,-1,-1,-1
394,22,320.32,457.24,39.07,72.35,1.71,-1,-1,-1
394,11,426.90,623.79,49.57,100.16,1.65,-1,-1,-1
394,42,344.50,621.36,65.27,100.89,1.71,-1,-1,-1
394,40,823.57,454.63,47.83,80.08,1.73,-1,-1,-1
395,6,531.22,595.33,40.33,96.47,1.70,-1,-1,-1
395,7,1183.03,559.93,59.51,82.27,1.66,-1,-1,-1
395,13,474.67,373.21,28.44,63.62,1.64,-1,-1,-1
395,14,966.27,500.31,61.58,82.57,1.73,-1,-1,-1
395,12,693.05,651.70,46.95,114.13,1.66,-1,-1,-1
395,15,554.41,378.31,33.23,53.86,1.67,-1,-1,-1
395,4,1183.19,579.06,46.44,90.36,1.70,-1,-1,-1
395,30,1199.67,419.37,28.60,76.69,1.69,-1,-1,-1
395,34,1397.00,382.75,33.86,65.75,1.68,-1,-1,-1
395,29,1420.42,724.55,51.49,122.02,1.70,-1,-1,-1
395,28,994.18,681.80,42.41,109.45,1.70,-1,-1,-1
395,35,1631.60,452.12,31.49,80.08,1.69,-1,-1,-1
395,37,1649.37,497.22,40.59,87.30,1.71,-1,-1,-1
395,39,1710.35,588.03,65.81,100.99,1.73,-1,-1,-1
395,23,465.12,647.46,63.40,100.92,1.67,-1,-1,-1
395,22,323.21,455.81,41.21,76.37,1.72,-1,-1,-1
395,11,439.11,624.00,49.61,95.80,1.61,-1,-1,-1
395,42,365.86,623.46,57.21,98.66,1.72,-1,-1,-1
395,40,827.45,452.46,44.21,81.46,1.72,-1,-1,-1
396,6,527.32,595.87,48.55,95.53,1.71,-1,-1,-1
396,7,1188.29,560.16,50.36,80.40,1.63,-1,-1,-1
396,13,483.28,373.12,28.72,62.76,1.64,-1,-1,-1
396,14,973.23,499.58,54.99,81.68,1.74,-1,-1,-1
396,12,701.93,650.11,47.29,109.77,1.67,-1,-1,-1
396,15,561.23,377.83,31.09,53.18,1.69,-1,-1,-1
396,4,1184.34,580.21,43.25,89.21,1.68,-1,-1,-1
396,30,1202.06,418.43,30.10,77.07,1.69,-1,-1,-1
396,34,1401.93,382.23,36.35,65.92,1.69,-1,-1,-1
396,29,1425.52,723.20,49.81,120.53,1.71,-1,-1,-1
396,28,996.40,679.92,36.91,110.73,1.69,-1,-1,-1
396,35,1632.62,452.94,31.95,79.72,1.69,-1,-1,-1
396,37,1649.94,496.49,46.46,87.79,1.73,-1,-1,-1
396,39,1713.35,589.05,62.59,100.74,1.75,-1,-1,-1
396,23,482.21,645.32,46.03,98.41,1.66,-1,-1,-1
396,22,325.70,455.63,42.25,79.07,1.73,-1,-1,-1
396,11,449.12,624.86,45.07,91.81,1.42,-1,-1,-1
396,42,383.31,624.25,55.95,96.92,1.71,-1,-1,-1
396,40,829.92,450.23,41.13,83.37,1.72,-1,-1,-1
397,6,522.32,594.90,59.84,95.39,1.72,-1,-1,-1
397,7,1188.39,560.37,39.53,79.79,1.52,-1,-1,-1
397,13,491.25,373.53,29.23,62.03,1.65,-1,-1,-1
397,14,977.82,498.35,49.63,81.62,1.72,-1,-1,-1
397,12,712.18,647.50,43.40,108.32,1.63,-1,-1,-1
397,15,566.60,377.29,31.63,54.51,1.67,-1,-1,-1
397,4,1183.80,580.50,50.47,89.67,1.69,-1,-1,-1
397,30,1206.29,417.77,33.48,78.01,1.70,-1,-1,-1
397,34,1408.58,382.92,32.25,65.25,1.69,-1,-1,-1
397,29,1430.61,722.80,49.10,119.31,1.70,-1,-1,-1
397,28,997.15,677.29,38.46,111.43,1.69,-1,-1,-1
397,35,1631.09,453.55,37.27,79.08,1.69,-1,-1,-1
397,37,1652.98,496.73,51.24,87.15,1.73,-1,-1,-1
397,39,1718.92,590.13,55.40,100.11,1.74,-1,-1,-1
397,23,486.46,642.72,42.19,97.06,1.64,-1,-1,-1
397,22,328.05,456.25,44.34,78.68,1.72,-1,-1,-1
397,11,459.78,625.33,38.36,91.81,1.41,-1,-1,-1
397,42,397.80,623.35,66.49,96.22,1.71,-1,-1,-1
397,40,832.87,447.84,35.45,84.13,1.71,-1,-1,-1
397,2,929.75,459.19,30.68,81.45,1.46,-1,-1,-1
398,6,512.81,592.87,74.13,96.63,1.72,-1,-1,-1
398,7,1187.60,560.03,33.18,86.27,1.46,-1,-1,-1
398,13,499.84,372.81,28.69,61.57,1.65,-1,-1,-1
398,14,979.16,497.20,45.72,82.25,1.71,-1,-1,-1
398,12,720.46,643.05,40.29,108.85,1.64,-1,-1,-1
398,15,571.96,378.67,30.79,52.90,1.67,-1,-1,-1
398,4,1186.81,578.09,52.58,91.74,1.69,-1,-1,-1
398,30,1213.21,417.89,33.91,76.94,1.70,-1,-1,-1
398,34,1412.68,384.17,30.55,63.61,1.67,-1,-1,-1
398,29,1433.97,724.02,53.49,117.93,1.72,-1,-1,-1
398,28,998.13,674.59,44.42,113.23,1.70,-1,-1,-1
398,35,1626.20,454.35,44.44,77.26,1.71,-1,-1,-1
398,37,1661.19,496.28,50.09,87.72,1.72,-1,-1,-1
398,39,1724.30,590.62,48.44,100.15,1.72,-1,-1,-1
398,23,488.36,639.13,40.41,96.98,1.59,-1,-1,-1
398,22,331.69,457.00,42.65,79.63,1.72,-1,-1,-1
398,11,471.94,624.65,44.23,91.76,1.33,-1,-1,-1
398,42,414.27,620.72,60.89,97.22,1.70,-1,-1,-1
398,40,836.96,446.02,33.16,84.35,1.71,-1,-1,-1
398,2,934.05,458.06,27.94,81.17,0.55,-1,-1,-1
399,6,502.96,591.38,85.15,95.60,1.71,-1,-1,-1
399,7,1183.67,558.27,35.22,89.77,1.42,-1,-1,-1
399,13,510.40,372.06,26.45,60.99,1.66,-1,-1,-1
399,14,979.49,496.16,42.19,84.34,1.71,-1,-1,-1
399,12,729.85,640.00,35.94,109.24,1.64,-1,-1,-1
399,15,578.01,378.77,29.02,53.88,1.67,-1,-1,-1
399,4,1183.85,576.97,58.52,93.29,1.69,-1,-1,-1
399,30,1216.30,417.69,37.72,76.74,1.71,-1,-1,-1
399,34,1418.97,384.38,25.37,63.61,1.66,-1,-1,-1
399,29,1435.82,724.97,58.54,118.02,1.72,-1,-1,-1
399,28,993.06,673.39,53.88,112.75,1.73,-1,-1,-1
399,35,1622.03,454.24,50.85,77.94,1.73,-1,-1,-1
399,37,1664.41,496.44,51.65,87.04,1.72,-1,-1,-1
399,39,1729.49,590.27,39.31,100.44,1.71,-1,-1,-1
399,23,491.06,636.90,40.29,92.26,1.53,-1,-1,-1
399,22,335.69,459.06,40.33,78.44,1.72,-1,-1,-1
399,11,480.03,622.90,46.47,92.44,1.35,-1,-1,-1
399,42,429.10,616.04,52.82,101.48,1.69,-1,-1,-1
399,40,840.15,445.42,32.37,84.08,1.72,-1,-1,-1
400,6,499.03,588.21,89.60,96.82,1.70,-1,-1,-1
400,7,1176.44,555.99,48.72,83.68,1.59,-1,-1,-1
400,13,517.81,370.87,27.34,62.15,1.65,-1,-1,-1
400,14,978.30,495.14,44.47,85.98,1.68,-1,-1,-1
400,12,740.37,636.95,30.11,109.16,1.65,-1,-1,-1
400,15,581.37,377.67,31.05,55.15,1.67,-1,-1,-1
400,4,1183.41,577.98,59.97,90.83,1.67,-1,-1,-1
400,30,1218.15,417.96,41.14,76.11,1.71,-1,-1,-1
400,34,1422.94,384.46,24.06,62.69,1.65,-1,-1,-1
400,29,1435.91,725.64,64.95,116.75,1.74,-1,-1,-1
400,28,986.92,672.42,66.14,112.60,1.73,-1,-1,-1
400,35,1621.05,452.99,55.76,78.82,1.72,-1,-1,-1
400,37,1671.54,495.56,47.69,87.43,1.72,-1,-1,-1
400,39,1732.21,588.68,35.77,102.21,1.68,-1,-1,-1
400,23,493.57,635.60,43.24,90.68,1.49,-1,-1,-1
400,22,337.42,460.40,37.20,76.54,1.72,-1,-1,-1
400,11,487.51,618.54,43.44,90.82,1.31,-1,-1,-1
400,42,437.89,607.80,56.64,109.08,1.67,-1,-1,-1
400,40,842.12,445.29,32.45,83.99,1.72,-1,-1,-1
401,6,494.92,585.91,90.76,95.57,1.69,-1,-1,-1
401,7,1167.43,554.85,61.44,87.73,1.69,-1,-1,-1
401,13,525.66,370.22,26.64,61.67,1.65,-1,-1,-1
401,14,978.67,493.44,45.04,87.50,1.72,-1,-1,-1
401,12,748.71,632.91,30.32,112.27,1.61,-1,-1,-1
401,15,584.67,375.79,33.11,55.76,1.68,-1,-1,-1
401,4,1187.57,577.32,53.38,90.17,1.62,-1,-1,-1
401,30,1224.64,417.46,39.28,76.06,1.70,-1,-1,-1
401,34,1425.76,383.60,28.51,63.41,1.66,-1,-1,-1
401,29,1435.62,723.59,69.75,117.79,1.73,-1,-1,-1
401,28,984.96,672.69,71.89,111.42,1.75,-1,-1,-1
401,35,1621.85,452.19,60.67,79.31,1.73,-1,-1,-1
401,37,1679.14,494.05,42.61,88.88,1.69,-1,-1,-1
401,39,1735.37,586.62,35.01,103.61,1.68,-1,-1,-1
401,23,497.24,632.88,42.03,94.22,1.59,-1,-1,-1
401,22,340.67,460.22,34.51,75.86,1.70,-1,-1,-1
401,11,494.39,617.18,37.50,97.42,1.24,-1,-1,-1
401,42,445.97,597.79,60.77,115.71,1.63,-1,-1,-1
401,40,845.06,445.84,31.97,83.11,1.71,-1,-1,-1
402,6,501.95,581.78,74.39,96.89,1.65,-1,-1,-1
402,7,1162.49,553.69,65.31,87.39,1.69,-1,-1,-1
402,13,533.48,368.98,27.46,61.72,1.61,-1,-1,-1
402,14,982.29,492.06,45.67,88.91,1.67,-1,-1,-1
402,12,756.02,631.72,31.64,110.12,1.63,-1,-1,-1
402,15,589.06,375.07,33.38,54.19,1.68,-1,-1,-1
402,4,1191.16,576.89,44.59,93.78,1.65,-1,-1,-1
402,30,1231.83,416.72,37.23,76.05,1.70,-1,-1,-1
402,34,1427.93,381.87,31.02,64.68,1.66,-1,-1,-1
402,29,1437.92,721.12,71.33,119.14,1.74,-1,-1,-1
402,28,988.15,674.30,69.46,109.64,1.74,-1,-1,-1
402,35,1624.36,452.05,64.33,79.17,1.74,-1,-1,-1
402,37,1686.38,493.01,37.49,88.40,1.70,-1,-1,-1
402,39,1728.23,585.46,47.88,104.60,1.72,-1,-1,-1
402,23,501.21,630.88,41.85,94.94,1.64,-1,-1,-1
402,22,342.92,458.72,36.55,74.92,1.70,-1,-1,-1
402,11,499.83,612.13,44.00,99.35,1.15,-1,-1,-1
402,42,457.17,590.48,58.83,114.75,1.62,-1,-1,-1
402,40,842.37,446.80,37.17,81.26,1.72,-1,-1,-1
403,6,509.51,577.10,56.65,96.78,1.64,-1,-1,-1
403,7,1167.24,554.17,45.69,89.55,1.62,-1,-1,-1
403,13,540.59,368.19,28.47,63.92,1.65,-1,-1,-1
403,14,987.47,490.69,45.77,89.92,1.71,-1,-1,-1
403,12,763.37,630.28,34.38,106.08,1.64,-1,-1,-1
403,15,592.00,373.45,35.26,58.74,1.68,-1,-1,-1
403,4,1192.92,575.73,35.31,94.84,1.62,-1,-1,-1
403,30,1236.15,416.01,36.32,76.20,1.69,-1,-1,-1
403,34,1430.65,380.86,33.62,66.04,1.69,-1,-1,-1
403,29,1436.54,718.52,73.21,120.70,1.73,-1,-1,-1
403,28,994.11,675.22,63.35,108.06,1.74,-1,-1,-1
403,35,1630.35,452.12,59.97,79.53,1.73,-1,-1,-1
403,37,1692.35,492.29,32.40,88.33,1.69,-1,-1,-1
403,39,1724.74,583.72,56.38,106.30,1.72,-1,-1,-1
403,23,507.61,630.16,38.92,94.35,1.66,-1,-1,-1
403,22,344.67,457.29,39.60,77.90,1.71,-1,-1,-1
403,11,504.75,607.59,46.39,109.13,0.20,-1,-1,-1
403,42,470.85,583.48,52.16,113.10,1.55,-1,-1,-1
403,40,841.01,447.45,41.53,80.43,1.72,-1,-1,-1
404,6,510.75,573.08,39.57,92.50,1.37,-1,-1,-1
404,7,1170.92,554.98,36.86,88.70,1.56,-1,-1,-1
404,13,548.24,367.99,28.13,63.97,1.66,-1,-1,-1
404,14,988.09,490.16,48.84,90.35,1.72,-1,-1,-1
404,12,769.34,627.72,37.49,101.72,1.64,-1,-1,-1
404,15,596.42,373.34,34.61,58.71,1.68,-1,-1,-1
404,4,1189.18,574.67,32.23,93.55,1.60,-1,-1,-1
404,30,1242.46,415.12,33.50,76.21,1.67,-1,-1,-1
404,34,1432.67,379.93,37.69,66.09,1.70,-1,-1,-1
404,29,1435.60,715.95,72.42,117.61,1.73,-1,-1,-1
404,28,1000.06,674.63,56.65,108.22,1.74,-1,-1,-1
404,35,1636.44,451.67,54.36,78.80,1.73,-1,-1,-1
404,37,1699.45,491.48,27.56,87.63,1.67,-1,-1,-1
404,39,1725.89,583.71,59.82,105.88,1.72,-1,-1,-1
404,23,513.54,630.97,52.39,91.56,1.65,-1,-1,-1
404,22,347.32,456.48,41.11,81.85,1.72,-1,-1,-1
404,42,482.73,578.34,43.24,105.08,1.54,-1,-1,-1
404,40,840.73,448.19,43.74,78.72,1.72,-1,-1,-1
404,2,948.07,455.30,46.23,79.30,0.72,-1,-1,-1
405,6,507.84,569.36,49.83,89.16,1.36,-1,-1,-1
405,7,1161.33,554.11,39.98,89.55,1.63,-1,-1,-1
405,13,554.81,367.33,27.46,63.73,1.64,-1,-1,-1
405,14,991.15,490.55,49.04,89.51,1.72,-1,-1,-1
405,12,776.45,624.15,38.07,102.57,1.66,-1,-1,-1
405,15,600.05,372.45,34.75,60.14,1.69,-1,-1,-1
405,4,1186.33,573.14,42.52,95.56,1.69,-1,-1,-1
405,30,1248.84,414.31,30.08,76.76,1.69,-1,-1,-1
405,34,1434.83,379.63,39.00,66.45,1.70,-1,-1,-1
405,29,1438.01,711.02,67.16,116.11,1.73,-1,-1,-1
405,28,1001.54,673.04,52.82,108.82,1.72,-1,-1,-1
405,35,1641.98,450.32,47.93,79.92,1.71,-1,-1,-1
405,37,1703.41,490.50,28.94,87.00,1.68,-1,-1,-1
405,39,1729.36,584.02,60.38,105.42,1.74,-1,-1,-1
405,23,514.19,630.50,53.80,90.60,1.62,-1,-1,-1
405,22,347.26,455.92,46.13,83.29,1.73,-1,-1,-1
405,42,492.71,570.53,47.91,104.53,1.41,-1,-1,-1
405,40,841.88,448.11,46.70,77.86,1.72,-1,-1,-1
405,43,1.84,486.60,55.69,89.10,1.70,-1,-1,-1
406,6,496.04,566.74,43.95,101.40,1.46,-1,-1,-1
406,7,1154.36,552.19,47.67,88.24,1.58,-1,-1,-1
406,13,563.27,367.51,26.49,62.79,1.65,-1,-1,-1
406,14,997.00,490.43,44.56,88.57,1.70,-1,-1,-1
406,12,782.74,620.00,38.79,104.95,1.66,-1,-1,-1
406,15,602.64,373.42,35.44,58.97,1.70,-1,-1,-1
406,4,1175.19,571.33,57.55,96.02,1.69,-1,-1,-1
406,30,1253.50,413.44,27.45,76.51,1.68,-1,-1,-1
406,34,1439.86,380.28,36.90,66.54,1.70,-1,-1,-1
406,29,1439.92,705.67,61.33,115.07,1.71,-1,-1,-1
406,28,1004.63,669.97,44.66,111.32,1.69,-1,-1,-1
406,35,1649.11,448.50,38.79,81.19,1.70,-1,-1,-1
406,37,1704.91,489.92,31.07,86.84,1.69,-1,-1,-1
406,39,1736.02,584.02,55.83,105.04,1.73,-1,-1,-1
406,23,518.16,632.07,48.31,87.83,1.68,-1,-1,-1
406,22,349.06,457.07,48.01,83.24,1.72,-1,-1,-1
406,42,516.00,568.37,46.00,81.38,1.35,-1,-1,-1
406,40,844.84,446.78,50.16,79.40,1.73,-1,-1,-1
406,43,18.76,487.04,44.37,87.27,1.69,-1,-1,-1
407,6,498.06,564.67,42.46,101.53,1.54,-1,-1,-1
407,7,1157.06,550.16,46.34,87.95,1.64,-1,-1,-1
407,13,568.88,366.26,26.12,62.76,1.64,-1,-1,-1
407,14,1002.42,489.37,40.05,88.79,1.70,-1,-1,-1
407,12,787.13,614.70,42.05,107.62,1.64,-1,-1,-1
407,15,605.05,374.16,34.98,58.19,1.69,-1,-1,-1
407,4,1167.19,570.00,68.43,95.60,1.71,-1,-1,-1
407,30,1257.47,412.67,29.38,76.93,1.69,-1,-1,-1
407,34,1442.30,380.56,36.70,65.59,1.70,-1,-1,-1
407,29,1441.28,699.91,54.51,115.50,1.69,-1,-1,-1
407,28,1007.94,665.80,39.84,113.43,1.71,-1,-1,-1
407,35,1654.09,446.29,36.04,82.89,1.69,-1,-1,-1
407,37,1704.48,488.98,37.06,87.55,1.70,-1,-1,-1
407,39,1742.76,583.62,49.55,105.73,1.72,-1,-1,-1
407,23,524.90,634.68,46.71,84.28,1.69,-1,-1,-1
407,22,349.10,458.30,49.90,84.47,1.74,-1,-1,-1
407,42,520.63,568.15,52.03,93.26,1.35,-1,-1,-1
407,40,850.02,446.11,50.49,79.05,1.73,-1,-1,-1
407,43,32.82,486.90,40.59,85.85,1.71,-1,-1,-1
407,11,525.28,611.20,47.67,86.41,1.17,-1,-1,-1
408,6,497.55,564.57,40.54,101.46,1.67,-1,-1,-1
408,7,1158.32,547.89,44.31,90.46,1.61,-1,-1,-1
408,13,576.36,365.04,24.29,62.25,1.63,-1,-1,-1
408,14,1006.64,487.86,34.77,89.08,1.68,-1,-1,-1
408,12,791.31,611.48,47.15,107.60,1.70,-1,-1,-1
408,15,608.19,373.63,32.11,58.49,1.69,-1,-1,-1
408,4,1167.25,570.11,68.23,95.39,1.70,-1,-1,-1
408,30,1262.71,411.75,27.16,75.77,1.68,-1,-1,-1
408,34,1441.26,380.45,38.35,64.90,1.70,-1,-1,-1
408,29,1441.99,694.51,48.89,118.97,1.69,-1,-1,-1
408,28,1010.31,662.50,41.22,116.69,1.69,-1,-1,-1
408,35,1657.27,444.59,37.39,83.95,1.67,-1,-1,-1
408,37,1702.63,488.64,42.29,87.32,1.71,-1,-1,-1
408,39,1750.51,583.40,42.00,104.71,1.71,-1,-1,-1
408,23,530.73,638.04,46.26,79.77,1.66,-1,-1,-1
408,22,349.29,459.07,50.47,84.63,1.73,-1,-1,-1
408,42,523.32,568.98,50.13,94.61,1.40,-1,-1,-1
408,40,855.57,444.97,47.72,80.00,1.72,-1,-1,-1
408,43,48.03,485.33,40.35,84.46,1.69,-1,-1,-1
408,11,534.47,612.48,45.92,92.44,1.32,-1,-1,-1
409,6,496.65,563.77,40.20,101.77,1.69,-1,-1,-1
409,7,1156.95,546.42,41.71,91.46,1.59,-1,-1,-1
409,13,582.23,364.00,25.21,63.32,1.64,-1,-1,-1
409,14,1009.69,485.79,31.49,90.69,1.66,-1,-1,-1
409,12,796.22,608.29,49.71,107.53,1.68,-1,-1,-1
409,15,611.64,372.82,28.80,58.99,1.67,-1,-1,-1
409,4,1172.27,570.51,59.51,94.53,1.71,-1,-1,-1
409,30,1265.69,411.24,28.92,75.39,1.69,-1,-1,-1
409,34,1443.91,379.93,35.99,65.80,1.68,-1,-1,-1
409,29,1442.94,691.27,49.54,118.82,1.71,-1,-1,-1
409,28,1014.99,660.13,40.29,117.38,1.69,-1,-1,-1
409,35,1659.06,443.50,38.24,85.23,1.69,-1,-1,-1
409,37,1703.87,488.23,46.66,87.52,1.72,-1,-1,-1
409,39,1755.87,581.61,40.78,106.24,1.70,-1,-1,-1
409,23,537.58,632.23,43.71,85.23,1.41,-1,-1,-1
409,22,349.20,460.49,51.38,82.30,1.73,-1,-1,-1
409,42,526.77,568.20,57.32,96.11,1.52,-1,-1,-1
409,40,860.09,442.44,43.94,82.09,1.71,-1,-1,-1
409,43,61.82,482.20,40.19,85.89,1.69,-1,-1,-1
409,11,528.53,611.60,61.49,91.08,1.42,-1,-1,-1
410,6,494.25,562.50,45.27,98.99,1.72,-1,-1,-1
410,7,1153.14,545.88,42.69,93.69,1.64,-1,-1,-1
410,13,590.06,363.14,23.19,62.48,1.62,-1,-1,-1
410,14,1012.54,483.46,32.03,92.35,1.67,-1,-1,-1
410,12,800.31,606.80,54.69,105.07,1.70,-1,-1,-1
410,15,614.98,372.00,27.91,60.29,1.67,-1,-1,-1
410,4,1177.12,570.24,49.83,94.83,1.72,-1,-1,-1
410,30,1270.40,410.54,30.13,75.76,1.68,-1,-1,-1
410,34,1446.68,378.71,34.05,65.77,1.69,-1,-1,-1
410,29,1441.96,688.33,51.04,120.24,1.70,-1,-1,-1
410,28,1018.32,659.11,39.89,118.50,1.69,-1,-1,-1
410,35,1663.77,443.10,38.00,86.22,1.68,-1,-1,-1
410,37,1706.46,488.14,50.62,86.66,1.72,-1,-1,-1
410,39,1760.14,579.82,40.54,106.80,1.71,-1,-1,-1
410,23,537.84,633.33,51.91,83.19,1.45,-1,-1,-1
410,22,352.02,460.59,48.09,81.12,1.72,-1,-1,-1
410,42,527.94,570.95,63.34,71.89,1.53,-1,-1,-1
410,40,861.99,439.92,40.30,84.14,1.70,-1,-1,-1
410,43,74.98,480.37,38.55,85.90,1.69,-1,-1,-1
410,11,536.00,605.34,63.61,92.16,1.44,-1,-1,-1
410,2,978.41,449.23,37.88,80.05,1.26,-1,-1,-1
411,6,490.47,560.45,50.61,100.08,1.71,-1,-1,-1
411,7,1152.66,546.56,40.07,92.50,1.66,-1,-1,-1
411,13,595.14,362.26,23.87,64.78,1.63,-1,-1,-1
411,14,1018.27,482.00,29.59,92.67,1.68,-1,-1,-1
411,12,807.07,605.68,55.53,103.74,1.71,-1,-1,-1
411,15,616.92,370.68,29.59,60.73,1.68,-1,-1,-1
411,4,1177.97,570.10,40.71,94.27,1.69,-1,-1,-1
411,30,1271.78,410.61,32.79,75.43,1.70,-1,-1,-1
411,34,1449.83,377.17,34.86,67.95,1.68,-1,-1,-1
411,29,1443.31,687.11,47.01,119.58,1.71,-1,-1,-1
411,28,1020.17,659.84,42.59,120.21,1.67,-1,-1,-1
411,35,1667.34,444.01,37.52,86.23,1.69,-1,-1,-1
411,37,1714.08,488.09,46.65,86.47,1.72,-1,-1,-1
411,39,1764.19,578.20,40.11,107.84,1.71,-1,-1,-1
411,23,548.21,625.50,44.40,89.09,1.57,-1,-1,-1
411,22,354.70,459.32,44.68,81.50,1.71,-1,-1,-1
411,42,532.85,573.49,68.73,64.39,1.53,-1,-1,-1
411,40,865.04,437.46,33.82,85.06,1.71,-1,-1,-1
411,43,84.88,478.00,42.81,88.99,1.70,-1,-1,-1
411,11,571.47,608.71,43.11,94.03,1.45,-1,-1,-1
411,2,984.03,447.91,33.32,80.94,1.63,-1,-1,-1
412,6,483.95,557.24,53.16,102.31,1.72,-1,-1,-1
412,7,1149.71,548.77,40.25,91.51,1.67,-1,-1,-1
412,13,600.33,361.31,26.01,65.05,1.60,-1,-1,-1
412,14,1016.41,481.39,33.75,92.20,1.69,-1,-1,-1
412,12,814.75,605.92,52.38,103.59,1.71,-1,-1,-1
412,15,619.37,371.00,30.63,61.22,1.65,-1,-1,-1
412,4,1177.07,570.39,39.07,95.67,1.68,-1,-1,-1
412,30,1273.00,410.28,36.44,75.48,1.71,-1,-1,-1
412,34,1455.13,376.21,32.85,70.49,1.69,-1,-1,-1
412,29,1440.34,687.13,44.78,117.13,1.69,-1,-1,-1
412,28,1020.65,660.67,44.54,121.00,1.69,-1,-1,-1
412,35,1666.52,445.08,42.47,86.82,1.67,-1,-1,-1
412,37,1719.43,487.90,46.59,86.88,1.72,-1,-1,-1
412,39,1764.69,578.15,43.34,106.69,1.73,-1,-1,-1
412,23,552.63,637.66,41.42,75.89,1.56,-1,-1,-1
412,22,359.74,458.27,39.43,82.57,1.72,-1,-1,-1
412,42,537.05,579.20,73.28,53.66,1.53,-1,-1,-1
412,40,867.84,435.40,32.72,85.14,1.71,-1,-1,-1
412,43,91.42,477.78,53.46,89.40,1.72,-1,-1,-1
412,11,577.69,608.70,43.47,92.39,1.51,-1,-1,-1
412,2,987.46,446.54,29.63,81.95,0.49,-1,-1,-1
413,6,479.40,554.53,53.09,102.72,1.73,-1,-1,-1
413,7,1142.31,551.19,44.37,92.88,1.69,-1,-1,-1
413,13,607.53,361.15,28.92,64.71,1.53,-1,-1,-1
413,14,1014.87,481.58,39.31,92.60,1.69,-1,-1,-1
413,12,819.78,606.17,54.72,102.85,1.70,-1,-1,-1
413,15,621.35,371.49,31.61,61.65,1.64,-1,-1,-1
413,4,1169.85,572.45,46.28,96.87,1.70,-1,-1,-1
413,30,1275.97,409.95,37.33,75.85,1.71,-1,-1,-1
413,34,1457.60,375.88,35.14,69.09,1.69,-1,-1,-1
413,29,1432.15,688.31,48.71,113.13,1.71,-1,-1,-1
413,28,1020.34,663.30,46.03,120.34,1.68,-1,-1,-1
413,35,1663.67,448.02,47.74,83.78,1.69,-1,-1,-1
413,37,1725.47,487.39,42.23,86.76,1.72,-1,-1,-1
413,39,1766.29,578.24,46.31,105.94,1.71,-1,-1,-1
413,23,558.32,636.68,40.71,76.14,1.60,-1,-1,-1
413,22,362.67,458.22,37.21,85.71,1.72,-1,-1,-1
413,42,545.00,584.54,76.82,44.91,1.57,-1,-1,-1
413,40,870.91,434.20,31.72,85.24,1.71,-1,-1,-1
413,43,103.16,477.78,54.75,89.97,1.72,-1,-1,-1
413,11,589.15,608.20,36.79,92.32,1.53,-1,-1,-1
413,2,992.32,447.12,25.51,80.79,0.26,-1,-1,-1
414,6,473.88,553.05,60.50,98.91,1.72,-1,-1,-1
414,7,1140.97,554.11,44.14,92.40,1.70,-1,-1,-1
414,13,613.69,361.53,34.77,62.78,1.50,-1,-1,-1
414,14,1014.12,482.74,42.15,92.69,1.72,-1,-1,-1
414,12,829.34,607.89,52.56,99.27,1.69,-1,-1,-1
414,15,623.39,372.16,30.55,62.66,1.61,-1,-1,-1
414,4,1164.86,574.77,51.00,96.29,1.72,-1,-1,-1
414,30,1281.01,409.51,36.54,76.16,1.71,-1,-1,-1
414,34,1462.37,376.41,33.77,68.09,1.69,-1,-1,-1
414,29,1423.84,689.46,57.15,110.88,1.71,-1,-1,-1
414,28,1018.39,668.53,48.37,116.59,1.68,-1,-1,-1
414,35,1657.88,449.00,54.73,83.03,1.73,-1,-1,-1
414,37,1731.02,486.70,38.23,86.10,1.70,-1,-1,-1
414,39,1770.48,579.35,45.02,105.61,1.71,-1,-1,-1
414,23,562.59,636.30,38.73,75.10,1.64,-1,-1,-1
414,22,364.24,458.67,37.76,84.82,1.72,-1,-1,-1
414,42,555.39,589.42,77.93,51.00,1.45,-1,-1,-1
414,40,872.98,433.81,31.49,85.21,1.71,-1,-1,-1
414,43,111.56,479.49,56.55,89.92,1.70,-1,-1,-1
414,11,594.92,603.10,37.72,97.04,1.39,-1,-1,-1
414,2,994.36,446.40,26.84,81.15,1.01,-1,-1,-1
415,6,469.37,552.32,65.55,96.70,1.73,-1,-1,-1
415,7,1135.61,559.02,49.08,93.04,1.71,-1,-1,-1
415,13,618.49,362.54,34.46,60.28,1.48,-1,-1,-1
415,14,1014.35,484.02,44.90,92.05,1.72,-1,-1,-1
415,12,834.90,608.78,53.72,98.32,1.70,-1,-1,-1
415,15,625.38,374.46,28.91,60.56,1.59,-1,-1,-1
415,4,1168.19,576.83,49.49,95.15,1.67,-1,-1,-1
415,30,1286.39,409.38,35.43,76.16,1.71,-1,-1,-1
415,34,1464.49,377.28,34.19,68.24,1.69,-1,-1,-1
415,29,1418.10,692.48,66.53,108.00,1.70,-1,-1,-1
415,28,1016.33,672.48,51.08,113.98,1.69,-1,-1,-1
415,35,1656.75,449.88,61.89,82.07,1.71,-1,-1,-1
415,37,1736.58,486.22,36.71,86.51,1.70,-1,-1,-1
415,39,1775.23,580.87,43.05,104.37,1.70,-1,-1,-1
415,23,566.53,634.68,40.78,75.34,1.65,-1,-1,-1
415,22,366.49,460.13,36.86,84.21,1.71,-1,-1,-1
415,42,565.64,588.17,78.11,55.80,1.44,-1,-1,-1
415,40,874.42,434.21,31.37,84.77,1.70,-1,-1,-1
415,43,127.26,480.74,45.83,88.07,1.71,-1,-1,-1
415,11,598.67,612.98,39.34,84.46,1.48,-1,-1,-1
415,2,997.22,447.08,27.34,81.04,0.31,-1,-1,-1
416,6,466.47,553.34,62.96,95.74,1.74,-1,-1,-1
416,7,1126.96,561.48,56.32,90.17,1.72,-1,-1,-1
416,13,623.74,362.25,29.31,62.71,1.52,-1,-1,-1
416,14,1016.81,486.05,45.99,90.23,1.73,-1,-1,-1
416,12,842.97,608.58,50.43,97.33,1.70,-1,-1,-1
416,15,627.47,375.65,27.09,56.99,1.58,-1,-1,-1
416,4,1169.96,578.83,46.41,93.33,1.68,-1,-1,-1
416,30,1290.21,408.73,36.28,76.78,1.72,-1,-1,-1
416,34,1466.48,378.30,33.19,68.32,1.68,-1,-1,-1
416,29,1413.96,695.38,71.26,102.86,1.70,-1,-1,-1
416,28,1014.54,675.73,52.87,110.10,1.72,-1,-1,-1
416,35,1657.49,451.36,59.22,80.30,1.73,-1,-1,-1
416,37,1742.15,485.34,33.23,87.22,1.69,-1,-1,-1
416,39,1770.87,581.42,49.26,103.45,1.71,-1,-1,-1
416,23,569.89,632.57,44.23,76.19,1.68,-1,-1,-1
416,22,368.31,462.92,36.44,82.78,1.70,-1,-1,-1
416,42,571.10,583.48,82.97,112.96,1.57,-1,-1,-1
416,40,873.08,434.88,35.26,84.68,1.72,-1,-1,-1
416,43,140.18,481.32,42.07,86.49,1.69,-1,-1,-1
416,11,605.75,613.64,36.75,86.62,0.63,-1,-1,-1
416,2,998.43,447.00,29.12,81.06,0.95,-1,-1,-1
417,6,464.73,554.28,56.57,94.19,1.74,-1,-1,-1
417,7,1119.78,563.13,60.37,89.79,1.73,-1,-1,-1
417,13,627.10,361.84,27.41,62.19,1.58,-1,-1,-1
417,14,1020.66,487.72,44.51,88.11,1.72,-1,-1,-1
417,12,854.18,606.94,42.42,98.62,1.68,-1,-1,-1
417,15,627.39,375.64,26.03,57.30,1.60,-1,-1,-1
417,4,1165.45,580.16,49.23,92.90,1.70,-1,-1,-1
417,30,1293.81,408.33,35.44,77.31,1.72,-1,-1,-1
417,34,1468.21,378.87,30.43,68.13,1.67,-1,-1,-1
417,29,1411.96,699.44,67.96,94.75,1.70,-1,-1,-1
417,28,1013.41,677.88,54.70,106.16,1.72,-1,-1,-1
417,35,1660.43,452.34,55.79,80.12,1.72,-1,-1,-1
417,37,1744.69,485.00,34.15,87.30,1.69,-1,-1,-1
417,39,1776.05,582.63,47.66,102.92,1.70,-1,-1,-1
417,23,571.47,628.80,47.12,78.53,1.64,-1,-1,-1
417,22,367.77,465.62,37.75,82.59,1.71,-1,-1,-1
417,42,580.53,580.30,80.06,81.16,1.60,-1,-1,-1
417,40,868.06,436.61,40.98,83.19,1.72,-1,-1,-1
417,43,153.04,480.37,38.25,86.57,1.71,-1,-1,-1
417,11,606.78,617.49,43.85,82.66,1.23,-1,-1,-1
417,2,995.98,446.33,34.33,80.91,1.44,-1,-1,-1
418,6,464.46,554.46,48.01,93.66,1.72,-1,-1,-1
418,7,1119.20,565.05,56.35,89.61,1.73,-1,-1,-1
418,13,629.05,361.32,26.50,65.16,1.56,-1,-1,-1
418,14,1023.13,488.26,44.47,87.15,1.73,-1,-1,-1
418,12,855.15,603.11,44.22,100.04,1.66,-1,-1,-1
418,15,625.92,374.11,26.11,58.74,1.60,-1,-1,-1
418,4,1159.78,580.63,54.74,95.80,1.71,-1,-1,-1
418,30,1296.74,408.24,33.89,76.54,1.71,-1,-1,-1
418,34,1469.36,379.07,26.90,67.89,1.66,-1,-1,-1
418,29,1413.33,703.52,59.33,90.57,1.71,-1,-1,-1
418,28,1013.30,679.24,56.97,103.59,1.73,-1,-1,-1
418,35,1663.23,452.65,53.65,79.67,1.71,-1,-1,-1
418,37,1743.33,484.40,38.68,87.45,1.70,-1,-1,-1
418,39,1777.23,583.89,46.82,101.74,1.71,-1,-1,-1
418,23,571.77,625.50,52.32,78.73,1.63,-1,-1,-1
418,22,362.98,466.95,41.18,80.69,1.71,-1,-1,-1
418,42,583.65,578.78,82.82,106.30,1.04,-1,-1,-1
418,40,863.43,439.25,44.47,81.07,1.72,-1,-1,-1
418,43,158.91,478.41,40.37,88.27,1.70,-1,-1,-1
418,11,614.51,614.33,52.58,85.66,1.17,-1,-1,-1
418,2,996.79,446.07,34.78,80.78,1.58,-1,-1,-1
418,44,583.92,578.67,78.90,78.28,1.20,-1,-1,-1
419,6,458.88,554.45,49.59,93.61,1.73,-1,-1,-1
419,7,1120.99,566.33,49.06,88.58,1.72,-1,-1,-1
419,13,632.92,361.14,24.02,61.92,1.51,-1,-1,-1
419,14,1025.77,487.87,44.33,87.60,1.72,-1,-1,-1
419,12,855.46,600.05,45.78,100.89,1.64,-1,-1,-1
419,15,624.14,373.64,26.99,59.12,1.64,-1,-1,-1
419,4,1162.72,581.52,52.54,94.00,1.70,-1,-1,-1
419,30,1298.94,408.40,33.87,76.40,1.71,-1,-1,-1
419,34,1470.08,378.35,25.67,68.17,1.65,-1,-1,-1
419,29,1415.42,706.23,58.42,87.96,1.72,-1,-1,-1
419,28,1013.65,680.90,59.48,102.31,1.73,-1,-1,-1
419,35,1666.40,453.01,51.26,79.89,1.72,-1,-1,-1
419,37,1738.62,484.95,46.44,87.87,1.72,-1,-1,-1
419,39,1780.44,584.17,46.31,101.41,1.71,-1,-1,-1
419,23,571.16,622.51,48.45,80.59,1.70,-1,-1,-1
419,22,352.92,468.06,50.06,80.42,1.73,-1,-1,-1
419,42,587.29,579.74,77.91,84.22,1.32,-1,-1,-1
419,40,859.15,441.39,49.01,79.32,1.73,-1,-1,-1
419,43,165.74,477.00,39.63,90.66,1.70,-1,-1,-1
419,11,619.11,618.04,32.23,83.12,0.63,-1,-1,-1
419,2,998.36,445.88,34.95,81.21,1.50,-1,-1,-1
419,44,633.36,596.80,33.59,76.41,0.68,-1,-1,-1
420,6,453.85,553.49,49.69,94.29,1.74,-1,-1,-1
420,7,1121.51,567.88,40.68,87.03,1.71,-1,-1,-1
420,13,634.49,360.86,26.61,61.55,1.55,-1,-1,-1
420,14,1026.64,487.32,43.66,88.03,1.73,-1,-1,-1
420,12,864.21,599.05,40.16,102.32,1.67,-1,-1,-1
420,15,622.89,372.60,27.42,62.52,1.65,-1,-1,-1
420,4,1165.02,581.28,49.59,94.66,1.70,-1,-1,-1
420,30,1300.29,408.54,33.50,76.30,1.71,-1,-1,-1
420,34,1469.50,377.89,24.41,68.17,1.65,-1,-1,-1
420,29,1409.37,708.18,63.86,86.69,1.73,-1,-1,-1
420,28,1014.10,683.95,60.06,99.70,1.73,-1,-1,-1
420,35,1668.01,452.19,50.01,82.96,1.71,-1,-1,-1
420,37,1738.24,485.66,48.75,86.50,1.71,-1,-1,-1
420,39,1783.89,584.01,45.45,102.18,1.72,-1,-1,-1
420,23,570.48,619.36,50.38,84.56,1.72,-1,-1,-1
420,22,347.67,469.57,50.92,79.34,1.72,-1,-1,-1
420,42,585.27,581.48,87.99,119.06,1.48,-1,-1,-1
420,40,856.72,441.57,50.59,79.29,1.72,-1,-1,-1
420,43,171.02,476.05,37.67,93.76,1.71,-1,-1,-1
420,11,606.09,603.93,45.05,97.78,0.19,-1,-1,-1
420,2,1000.22,446.35,32.32,80.58,1.18,-1,-1,-1
420,44,623.16,598.88,42.26,77.58,0.45,-1,-1,-1
421,6,448.46,552.46,50.43,95.51,1.73,-1,-1,-1
421,7,1118.59,566.94,41.09,89.19,1.70,-1,-1,-1
421,13,630.63,360.69,29.15,63.48,1.54,-1,-1,-1
421,14,1026.53,485.69,42.67,89.17,1.70,-1,-1,-1
421,12,868.46,596.45,38.30,101.37,1.67,-1,-1,-1
421,15,618.28,373.62,30.85,62.08,1.64,-1,-1,-1
421,4,1164.81,580.61,48.40,96.17,1.70,-1,-1,-1
421,30,1299.63,408.33,33.54,76.13,1.70,-1,-1,-1
421,34,1463.96,376.92,29.35,69.71,1.68,-1,-1,-1
421,29,1404.35,710.39,66.26,84.55,1.73,-1,-1,-1
421,28,1012.76,688.17,60.94,95.44,1.73,-1,-1,-1
421,35,1669.39,451.08,48.71,84.56,1.71,-1,-1,-1
421,37,1737.71,486.34,49.27,86.23,1.72,-1,-1,-1
421,39,1785.01,583.58,45.53,102.06,1.71,-1,-1,-1
421,23,568.87,617.21,50.43,87.17,1.72,-1,-1,-1
421,22,343.70,471.07,51.48,78.76,1.72,-1,-1,-1
421,42,584.85,583.87,92.96,116.67,1.62,-1,-1,-1
421,40,854.64,443.44,49.97,78.00,1.73,-1,-1,-1
421,43,176.17,476.83,41.64,95.58,1.71,-1,-1,-1
421,2,999.70,446.66,31.29,80.27,0.70,-1,-1,-1
421,44,626.00,600.69,52.00,80.38,0.18,-1,-1,-1
422,6,439.91,551.61,53.29,96.10,1.74,-1,-1,-1
422,7,1106.43,567.52,47.24,88.71,1.70,-1,-1,-1
422,13,634.51,360.64,24.55,64.21,1.58,-1,-1,-1
422,14,1024.30,484.70,42.72,90.28,1.69,-1,-1,-1
422,12,871.72,595.74,36.91,99.65,1.69,-1,-1,-1
422,15,613.05,373.72,34.84,62.21,1.64,-1,-1,-1
422,4,1162.94,579.55,48.85,94.45,1.67,-1,-1,-1
422,30,1298.39,408.10,34.50,77.34,1.71,-1,-1,-1
422,34,1455.06,377.08,35.15,69.04,1.69,-1,-1,-1
422,29,1401.86,711.59,65.32,84.26,1.72,-1,-1,-1
422,28,1012.43,692.43,59.21,91.88,1.71,-1,-1,-1
422,35,1668.30,449.62,47.88,83.26,1.72,-1,-1,-1
422,37,1736.96,487.56,48.52,84.88,1.71,-1,-1,-1
422,39,1783.84,583.64,46.68,102.60,1.71,-1,-1,-1
422,23,566.69,616.63,48.76,86.95,1.72,-1,-1,-1
422,22,338.40,474.29,52.71,79.31,1.73,-1,-1,-1
422,40,852.18,443.94,49.41,77.39,1.71,-1,-1,-1
422,43,177.81,477.92,45.49,96.05,1.72,-1,-1,-1
422,2,998.77,447.26,29.82,80.02,0.35,-1,-1,-1
422,44,585.16,585.80,63.00,83.36,1.32,-1,-1,-1
422,11,622.82,603.98,56.91,94.48,1.40,-1,-1,-1
423,6,425.76,552.76,61.33,94.38,1.73,-1,-1,-1
423,7,1090.82,568.32,58.24,88.88,1.71,-1,-1,-1
423,13,631.72,361.20,24.35,65.20,1.62,-1,-1,-1
423,14,1020.68,484.02,41.77,89.40,1.69,-1,-1,-1
423,12,873.15,596.21,37.43,98.06,1.69,-1,-1,-1
423,15,607.11,375.14,34.48,63.04,1.68,-1,-1,-1
423,4,1157.31,577.73,52.02,98.89,1.70,-1,-1,-1
423,30,1296.01,407.62,35.59,78.43,1.71,-1,-1,-1
423,34,1447.15,377.02,40.71,69.24,1.71,-1,-1,-1
423,29,1398.95,713.89,65.12,84.27,1.73,-1,-1,-1
423,28,1009.65,696.97,58.26,88.04,1.69,-1,-1,-1
423,35,1666.19,448.72,47.41,84.27,1.72,-1,-1,-1
423,37,1735.64,487.75,46.74,84.78,1.71,-1,-1,-1
423,39,1780.93,583.09,49.36,102.97,1.71,-1,-1,-1
423,23,562.87,615.64,44.96,88.99,1.71,-1,-1,-1
423,22,334.22,476.15,50.66,78.12,1.72,-1,-1,-1
423,40,849.25,443.85,44.85,78.20,1.71,-1,-1,-1
423,43,178.88,480.57,44.67,94.77,1.72,-1,-1,-1
423,2,994.30,445.68,28.67,81.79,0.24,-1,-1,-1
423,44,585.78,581.20,58.78,87.95,1.47,-1,-1,-1
423,11,623.27,606.47,51.22,92.15,1.36,-1,-1,-1
424,6,415.25,554.32,62.21,91.87,1.72,-1,-1,-1
424,7,1077.04,569.97,63.54,90.67,1.72,-1,-1,-1
424,13,628.16,361.71,25.70,66.08,1.65,-1,-1,-1
424,14,1014.36,483.37,42.76,89.41,1.69,-1,-1,-1
424,12,872.73,596.94,39.74,94.94,1.69,-1,-1,-1
424,15,598.97,377.53,36.95,63.85,1.68,-1,-1,-1
424,4,1153.24,576.73,52.46,99.86,1.68,-1,-1,-1
424,30,1292.98,407.76,35.37,78.24,1.71,-1,-1,-1
424,34,1439.72,378.28,45.91,67.99,1.71,-1,-1,-1
424,29,1395.93,714.21,71.09,85.78,1.72,-1,-1,-1
424,28,1005.53,701.45,60.70,83.01,1.60,-1,-1,-1
424,35,1663.77,447.33,47.31,85.56,1.72,-1,-1,-1
424,37,1733.11,486.63,45.41,85.35,1.71,-1,-1,-1
424,39,1779.22,583.87,48.86,101.98,1.71,-1,-1,-1
424,23,557.72,614.92,40.01,90.71,1.70,-1,-1,-1
424,22,329.25,477.33,48.77,78.43,1.72,-1,-1,-1
424,40,847.31,443.09,40.12,79.59,1.70,-1,-1,-1
424,43,179.15,483.49,43.69,92.87,1.69,-1,-1,-1
424,2,989.32,445.42,28.01,81.93,1.21,-1,-1,-1
424,44,589.65,577.68,58.37,93.75,1.42,-1,-1,-1
424,11,621.16,606.08,46.27,95.28,1.52,-1,-1,-1
425,6,406.08,554.87,58.47,90.41,1.73,-1,-1,-1
425,7,1063.70,572.86,68.14,91.23,1.72,-1,-1,-1
425,13,622.74,361.81,27.03,64.98,1.64,-1,-1,-1
425,14,1008.20,482.32,43.08,90.14,1.69,-1,-1,-1
425,12,870.63,597.81,43.63,92.87,1.69,-1,-1,-1
425,15,590.20,378.68,36.45,61.72,1.67,-1,-1,-1
425,4,1148.28,576.40,52.88,97.02,1.67,-1,-1,-1
425,30,1288.23,407.74,36.42,78.07,1.71,-1,-1,-1
425,34,1433.49,378.80,45.55,68.22,1.71,-1,-1,-1
425,29,1391.87,713.65,79.72,85.83,1.74,-1,-1,-1
425,28,1000.96,700.40,63.74,84.55,1.71,-1,-1,-1
425,35,1660.42,446.39,45.91,86.98,1.70,-1,-1,-1
425,37,1728.02,485.34,46.87,86.56,1.72,-1,-1,-1
425,39,1774.61,583.34,49.85,102.62,1.71,-1,-1,-1
425,23,550.97,613.68,35.57,94.72,1.67,-1,-1,-1
425,22,323.32,477.50,47.80,79.22,1.72,-1,-1,-1
425,40,841.67,442.33,38.56,81.24,1.70,-1,-1,-1
425,43,179.77,485.32,39.50,90.83,1.70,-1,-1,-1
425,2,983.31,445.11,29.81,83.13,0.52,-1,-1,-1
425,44,592.00,575.63,62.88,94.06,1.47,-1,-1,-1
425,11,617.90,606.88,48.32,94.78,1.51,-1,-1,-1
426,6,398.16,554.54,53.54,88.91,1.72,-1,-1,-1
426,7,1055.48,576.33,66.84,89.57,1.72,-1,-1,-1
426,13,618.47,362.23,26.30,64.89,1.67,-1,-1,-1
426,14,999.96,481.74,43.76,90.62,1.69,-1,-1,-1
426,12,866.50,598.82,46.03,92.02,1.70,-1,-1,-1
426,15,582.07,378.85,37.15,61.54,1.66,-1,-1,-1
426,4,1143.60,576.79,52.46,101.55,1.69,-1,-1,-1
426,30,1283.06,407.52,37.27,77.52,1.71,-1,-1,-1
426,34,1427.89,380.23,43.15,66.53,1.72,-1,-1,-1
426,29,1386.95,712.06,89.76,86.68,1.73,-1,-1,-1
426,28,996.89,703.35,66.34,92.14,1.71,-1,-1,-1
426,35,1655.56,445.67,46.48,87.94,1.70,-1,-1,-1
426,37,1725.05,484.31,44.59,87.86,1.70,-1,-1,-1
426,39,1769.65,582.79,52.62,102.87,1.71,-1,-1,-1
426,23,543.56,613.58,33.66,96.35,1.69,-1,-1,-1
426,22,317.29,477.89,46.83,80.98,1.73,-1,-1,-1
426,40,836.52,441.50,36.65,80.20,1.70,-1,-1,-1
426,43,179.45,485.88,37.39,90.40,1.70,-1,-1,-1
426,2,977.30,444.06,29.69,83.10,0.26,-1,-1,-1
426,44,591.81,574.11,59.29,90.02,1.09,-1,-1,-1
426,11,608.61,607.10,51.64,95.19,1.48,-1,-1,-1
427,6,390.74,553.30,41.16,88.83,1.70,-1,-1,-1
427,7,1049.59,580.81,61.89,86.39,1.72,-1,-1,-1
427,13,613.37,362.84,25.85,65.44,1.66,-1,-1,-1
427,14,993.60,481.30,44.49,90.75,1.70,-1,-1,-1
427,12,862.07,598.52,47.71,93.41,1.71,-1,-1,-1
427,15,575.48,379.01,35.05,60.98,1.67,-1,-1,-1
427,4,1137.93,577.77,51.67,105.12,1.70,-1,-1,-1
427,30,1277.76,407.02,36.03,78.28,1.72,-1,-1,-1
427,34,1422.47,380.32,37.60,65.84,1.69,-1,-1,-1
427,29,1384.09,712.47,93.79,85.89,1.74,-1,-1,-1
427,28,988.29,704.88,73.82,101.63,1.72,-1,-1,-1
427,35,1649.46,446.05,46.38,88.04,1.71,-1,-1,-1
427,37,1716.17,483.88,49.01,88.07,1.71,-1,-1,-1
427,39,1763.82,583.94,53.92,101.60,1.73,-1,-1,-1
427,23,533.91,614.71,34.14,97.27,1.69,-1,-1,-1
427,22,309.76,477.43,47.50,84.06,1.72,-1,-1,-1
427,40,829.56,440.90,36.11,81.95,1.70,-1,-1,-1
427,43,178.70,485.63,36.05,91.35,1.70,-1,-1,-1
427,2,970.00,442.99,30.56,83.98,1.16,-1,-1,-1
427,44,588.98,577.93,71.86,95.66,1.38,-1,-1,-1
427,11,600.29,607.76,54.69,95.01,1.43,-1,-1,-1
428,6,377.52,550.15,40.77,90.82,1.71,-1,-1,-1
428,7,1044.10,584.06,55.49,87.17,1.72,-1,-1,-1
428,13,607.11,363.22,24.67,65.48,1.66,-1,-1,-1
428,14,986.44,480.36,45.25,92.06,1.71,-1,-1,-1
428,12,855.72,597.83,47.15,93.88,1.71,-1,-1,-1
428,15,566.53,377.69,33.22,62.62,1.67,-1,-1,-1
428,4,1131.51,580.82,51.44,105.25,1.70,-1,-1,-1
428,30,1271.77,406.62,35.35,77.71,1.71,-1,-1,-1
428,34,1415.76,379.16,33.13,67.10,1.68,-1,-1,-1
428,29,1386.22,713.59,90.41,84.56,1.72,-1,-1,-1
428,28,980.77,706.68,78.88,105.41,1.71,-1,-1,-1
428,35,1642.76,446.56,47.79,87.17,1.72,-1,-1,-1
428,37,1712.49,483.82,46.68,88.16,1.72,-1,-1,-1
428,39,1758.30,583.60,56.06,102.56,1.73,-1,-1,-1
428,23,517.77,617.65,39.50,95.24,1.70,-1,-1,-1
428,22,301.12,477.33,49.73,85.34,1.73,-1,-1,-1
428,40,823.06,440.75,35.51,81.27,1.70,-1,-1,-1
428,43,176.32,484.71,33.60,92.36,1.70,-1,-1,-1
428,44,584.88,588.83,44.44,113.85,1.46,-1,-1,-1
428,11,600.69,603.17,45.68,99.84,1.44,-1,-1,-1
428,42,583.84,591.70,68.08,107.54,0.87,-1,-1,-1
429,6,362.81,547.48,44.17,93.45,1.71,-1,-1,-1
429,7,1035.89,584.80,52.74,92.00,1.72,-1,-1,-1
429,13,600.77,363.14,23.42,64.68,1.66,-1,-1,-1
429,14,979.41,480.67,45.96,91.60,1.70,-1,-1,-1
429,12,848.61,596.98,47.98,95.20,1.72,-1,-1,-1
429,15,558.72,376.89,30.72,62.21,1.67,-1,-1,-1
429,4,1121.52,583.48,53.99,104.35,1.70,-1,-1,-1
429,30,1264.41,406.38,36.11,77.78,1.71,-1,-1,-1
429,34,1407.70,377.82,33.69,68.14,1.68,-1,-1,-1
429,29,1389.08,715.06,83.83,82.65,1.70,-1,-1,-1
429,28,989.96,710.33,65.16,101.29,1.71,-1,-1,-1
429,35,1635.57,447.59,47.18,86.43,1.72,-1,-1,-1
429,37,1703.94,483.89,51.12,88.65,1.72,-1,-1,-1
429,39,1750.78,583.67,58.45,102.67,1.74,-1,-1,-1
429,23,502.17,620.55,44.83,92.84,1.72,-1,-1,-1
429,22,293.11,476.85,50.26,86.77,1.72,-1,-1,-1
429,40,816.23,440.41,36.34,81.28,1.71,-1,-1,-1
429,43,172.15,483.57,35.56,94.71,1.70,-1,-1,-1
429,44,592.89,597.38,40.05,93.56,0.74,-1,-1,-1
429,11,590.55,621.40,54.55,82.39,1.31,-1,-1,-1
429,42,580.67,599.68,47.58,101.74,1.49,-1,-1,-1
430,6,347.85,544.51,47.60,96.16,1.71,-1,-1,-1
430,7,1024.30,585.65,54.69,93.27,1.72,-1,-1,-1
430,13,592.49,362.63,24.55,65.52,1.66,-1,-1,-1
430,14,971.38,479.74,46.73,92.27,1.70,-1,-1,-1
430,12,843.74,595.66,47.28,96.54,1.71,-1,-1,-1
430,15,548.14,376.60,30.28,64.25,1.67,-1,-1,-1
430,4,1113.11,586.47,54.45,103.30,1.72,-1,-1,-1
430,30,1257.09,406.62,35.26,77.34,1.70,-1,-1,-1
430,34,1400.65,376.36,33.01,70.57,1.66,-1,-1,-1
430,29,1392.01,715.33,78.18,81.12,1.73,-1,-1,-1
430,28,983.63,714.38,69.77,98.45,1.74,-1,-1,-1
430,35,1628.42,447.89,48.73,85.14,1.71,-1,-1,-1
430,37,1695.99,483.56,53.76,89.09,1.72,-1,-1,-1
430,39,1743.23,584.14,63.09,101.50,1.72,-1,-1,-1
430,23,486.12,624.63,51.99,91.45,1.72,-1,-1,-1
430,22,286.90,476.16,49.07,87.98,1.73,-1,-1,-1
430,40,807.97,440.45,38.90,81.68,1.71,-1,-1,-1
430,43,164.95,484.30,43.63,96.52,1.71,-1,-1,-1
430,44,576.61,610.99,40.48,91.75,0.74,-1,-1,-1
430,11,576.70,605.13,47.79,83.29,1.30,-1,-1,-1
430,42,577.75,611.07,59.59,92.98,1.47,-1,-1,-1
431,6,335.45,543.27,48.04,95.08,1.72,-1,-1,-1
431,7,1013.37,587.05,57.70,95.81,1.70,-1,-1,-1
431,13,585.41,362.71,23.15,65.51,1.65,-1,-1,-1
431,14,964.90,478.96,45.47,93.03,1.71,-1,-1,-1
431,12,842.57,594.72,43.14,97.58,1.70,-1,-1,-1
431,15,538.43,376.54,29.98,66.32,1.66,-1,-1,-1
431,4,1106.50,588.12,53.70,103.32,1.72,-1,-1,-1
431,30,1249.92,406.03,35.43,78.28,1.70,-1,-1,-1
431,34,1392.58,375.92,32.56,71.49,1.68,-1,-1,-1
431,29,1391.91,715.20,74.82,89.53,1.73,-1,-1,-1
431,28,976.10,717.65,78.10,94.96,1.74,-1,-1,-1
431,35,1620.69,447.38,49.66,85.18,1.72,-1,-1,-1
431,37,1689.67,483.55,54.68,88.34,1.71,-1,-1,-1
431,39,1735.56,583.33,67.00,100.49,1.73,-1,-1,-1
431,23,472.05,627.21,57.03,92.30,1.72,-1,-1,-1
431,22,280.83,475.19,46.15,89.87,1.72,-1,-1,-1
431,40,800.11,440.69,40.17,81.28,1.71,-1,-1,-1
431,43,156.13,485.18,50.84,96.99,1.72,-1,-1,-1
431,11,573.48,605.16,42.67,79.16,1.51,-1,-1,-1
431,42,574.25,633.10,57.96,71.01,1.48,-1,-1,-1
432,6,321.26,542.54,48.96,94.11,1.72,-1,-1,-1
432,7,1003.87,589.70,57.51,93.50,1.71,-1,-1,-1
432,13,578.09,362.51,26.55,65.04,1.61,-1,-1,-1
432,14,959.21,479.08,43.40,92.44,1.70,-1,-1,-1
432,12,843.12,594.71,37.85,98.55,1.70,-1,-1,-1
432,15,528.33,377.91,29.27,64.34,1.67,-1,-1,-1
432,4,1101.14,588.98,52.04,103.88,1.72,-1,-1,-1
432,30,1242.93,406.33,34.16,76.26,1.69,-1,-1,-1
432,34,1384.68,375.33,33.98,71.57,1.65,-1,-1,-1
432,29,1390.92,715.60,75.18,97.02,1.74,-1,-1,-1
432,28,969.04,719.94,84.16,95.51,1.75,-1,-1,-1
432,35,1614.85,446.42,48.51,85.06,1.71,-1,-1,-1
432,37,1681.85,482.70,56.96,87.75,1.72,-1,-1,-1
432,39,1729.94,582.47,69.32,100.50,1.74,-1,-1,-1
432,23,461.45,629.46,60.13,93.87,1.72,-1,-1,-1
432,22,273.71,474.45,44.57,90.23,1.72,-1,-1,-1
432,40,792.35,440.67,39.79,80.90,1.71,-1,-1,-1
432,43,149.36,487.78,52.98,96.68,1.73,-1,-1,-1
432,11,567.97,604.79,42.26,53.57,1.39,-1,-1,-1
432,42,568.78,655.27,57.73,51.77,1.48,-1,-1,-1
432,44,567.19,639.90,34.03,63.89,0.99,-1,-1,-1
433,6,309.90,541.94,48.34,95.62,1.71,-1,-1,-1
433,7,995.31,592.88,57.90,91.04,1.72,-1,-1,-1
433,13,570.25,361.41,24.88,66.36,1.63,-1,-1,-1
433,14,953.11,478.16,42.61,93.60,1.70,-1,-1,-1
433,12,841.20,593.50,35.54,100.23,1.69,-1,-1,-1
433,15,517.58,378.46,31.26,66.56,1.66,-1,-1,-1
433,4,1096.30,589.27,51.75,105.08,1.71,-1,-1,-1
433,30,1234.77,405.56,36.23,76.76,1.70,-1,-1,-1
433,34,1376.67,375.38,33.63,70.94,1.61,-1,-1,-1
433,29,1386.90,715.58,77.71,101.27,1.74,-1,-1,-1
433,28,964.35,720.11,90.80,101.09,1.74,-1,-1,-1
433,35,1607.70,445.51,49.79,85.13,1.72,-1,-1,-1
433,37,1674.35,482.17,57.94,87.76,1.71,-1,-1,-1
433,39,1728.44,581.05,69.19,100.15,1.72,-1,-1,-1
433,23,452.79,630.48,60.09,98.79,1.72,-1,-1,-1
433,22,266.40,473.90,43.24,92.67,1.72,-1,-1,-1
433,40,785.11,441.18,40.73,80.69,1.71,-1,-1,-1
433,43,144.43,490.25,53.19,96.27,1.73,-1,-1,-1
433,11,560.25,604.75,42.61,64.58,1.47,-1,-1,-1
433,42,558.71,657.06,63.28,60.40,1.54,-1,-1,-1
434,6,298.44,542.41,47.87,95.58,1.70,-1,-1,-1
434,7,985.29,595.06,59.76,88.11,1.72,-1,-1,-1
434,13,563.77,361.98,22.92,65.43,1.64,-1,-1,-1
434,14,947.68,477.61,41.44,93.47,1.70,-1,-1,-1
434,12,837.06,592.97,35.22,101.46,1.69,-1,-1,-1
434,15,508.84,381.70,28.62,66.04,1.66,-1,-1,-1
434,4,1090.67,589.75,51.75,104.11,1.70,-1,-1,-1
434,30,1226.48,404.70,35.94,76.53,1.70,-1,-1,-1
434,34,1367.29,375.44,34.69,71.36,1.67,-1,-1,-1
434,29,1391.80,717.41,71.91,99.38,1.73,-1,-1,-1
434,28,967.63,720.32,89.39,105.01,1.75,-1,-1,-1
434,35,1602.50,444.16,48.52,85.59,1.71,-1,-1,-1
434,37,1669.55,481.55,55.54,86.91,1.72,-1,-1,-1
434,39,1733.56,579.18,62.30,101.21,1.71,-1,-1,-1
434,23,446.37,631.22,60.18,102.42,1.72,-1,-1,-1
434,22,259.54,474.04,42.18,91.59,1.72,-1,-1,-1
434,40,778.01,441.44,42.73,80.03,1.72,-1,-1,-1
434,43,140.84,492.47,49.79,94.83,1.71,-1,-1,-1
434,11,552.15,604.35,42.78,67.97,1.55,-1,-1,-1
434,42,548.12,667.57,68.86,47.69,1.51,-1,-1,-1
435,6,287.94,544.08,46.74,95.76,1.71,-1,-1,-1
435,7,977.52,597.17,60.70,85.80,1.72,-1,-1,-1
435,13,556.96,361.56,23.39,66.22,1.62,-1,-1,-1
435,14,941.30,477.43,40.98,92.58,1.71,-1,-1,-1
435,12,831.20,593.76,36.05,102.71,1.68,-1,-1,-1
435,15,500.08,384.07,28.38,63.65,1.67,-1,-1,-1
435,4,1091.30,590.43,44.89,102.93,1.70,-1,-1,-1
435,30,1216.72,404.20,38.51,76.24,1.71,-1,-1,-1
435,34,1359.78,375.86,33.17,71.78,1.65,-1,-1,-1
435,29,1400.77,718.95,62.65,97.13,1.72,-1,-1,-1
435,28,974.45,721.66,87.80,104.18,1.73,-1,-1,-1
435,35,1599.65,443.49,45.98,85.04,1.72,-1,-1,-1
435,37,1664.51,480.72,53.85,86.58,1.72,-1,-1,-1
435,39,1731.06,576.67,62.64,103.36,1.72,-1,-1,-1
435,23,437.93,632.99,57.75,104.49,1.72,-1,-1,-1
435,22,252.41,474.99,41.18,92.98,1.72,-1,-1,-1
435,40,770.41,441.31,43.63,79.69,1.72,-1,-1,-1
435,43,139.28,493.21,44.53,95.21,1.71,-1,-1,-1
435,11,543.94,602.98,43.71,90.31,1.60,-1,-1,-1
435,42,538.68,673.01,72.89,57.75,1.63,-1,-1,-1
436,6,274.50,546.07,47.81,94.36,1.72,-1,-1,-1
436,7,971.86,598.33,59.89,83.06,1.73,-1,-1,-1
436,13,548.34,360.85,25.99,66.43,1.64,-1,-1,-1
436,14,935.64,476.01,39.02,93.04,1.71,-1,-1,-1
436,12,825.72,595.06,37.99,102.16,1.70,-1,-1,-1
436,15,489.68,384.06,29.81,64.09,1.68,-1,-1,-1
436,4,1087.36,590.01,43.44,102.57,1.71,-1,-1,-1
436,30,1207.13,403.79,39.41,75.97,1.71,-1,-1,-1
436,34,1351.35,375.69,33.07,71.04,1.63,-1,-1,-1
436,29,1397.03,720.47,67.64,94.11,1.70,-1,-1,-1
436,28,983.91,722.84,81.03,102.64,1.73,-1,-1,-1
436,35,1594.75,442.31,45.12,85.37,1.71,-1,-1,-1
436,37,1659.62,479.86,49.52,86.78,1.72,-1,-1,-1
436,39,1723.96,575.22,66.80,103.97,1.74,-1,-1,-1
436,23,428.18,635.32,53.41,101.99,1.72,-1,-1,-1
436,22,245.07,476.18,39.95,91.24,1.71,-1,-1,-1
436,40,763.08,441.27,43.86,79.51,1.73,-1,-1,-1
436,43,136.14,492.94,45.49,94.76,1.71,-1,-1,-1
436,11,534.95,602.60,46.52,91.26,1.61,-1,-1,-1
436,42,524.37,672.70,81.10,59.71,1.62,-1,-1,-1
436,44,529.64,672.42,74.73,44.42,1.09,-1,-1,-1
437,6,261.12,548.60,48.42,92.16,1.71,-1,-1,-1
437,7,967.02,597.22,60.73,88.99,1.73,-1,-1,-1
437,13,537.76,360.43,28.63,66.41,1.63,-1,-1,-1
437,14,927.04,474.20,39.79,93.60,1.70,-1,-1,-1
437,12,820.33,596.04,41.91,103.15,1.69,-1,-1,-1
437,15,479.91,383.63,30.15,65.01,1.68,-1,-1,-1
437,4,1078.64,589.06,47.36,102.49,1.71,-1,-1,-1
437,30,1200.07,402.44,38.39,76.70,1.71,-1,-1,-1
437,34,1341.94,374.57,33.56,71.11,1.67,-1,-1,-1
437,29,1387.07,719.39,79.96,95.17,1.73,-1,-1,-1
437,28,991.59,724.62,75.17,100.15,1.72,-1,-1,-1
437,35,1590.96,440.85,41.19,85.00,1.71,-1,-1,-1
437,37,1656.63,478.47,45.23,85.86,1.71,-1,-1,-1
437,39,1722.27,572.28,65.08,106.14,1.72,-1,-1,-1
437,23,418.14,636.70,53.32,100.60,1.72,-1,-1,-1
437,22,236.14,478.84,40.25,87.91,1.71,-1,-1,-1
437,40,753.96,441.04,45.47,79.18,1.72,-1,-1,-1
437,43,128.80,491.79,45.26,95.81,1.71,-1,-1,-1
437,11,526.63,601.06,45.24,101.78,1.59,-1,-1,-1
437,42,517.52,672.44,81.53,58.51,1.67,-1,-1,-1
438,6,248.60,549.54,47.95,90.20,1.71,-1,-1,-1
438,7,959.84,597.00,62.51,96.57,1.74,-1,-1,-1
438,13,529.58,359.34,29.46,66.89,1.63,-1,-1,-1
438,14,920.56,473.00,37.62,92.61,1.70,-1,-1,-1
438,12,812.84,597.06,44.50,100.90,1.70,-1,-1,-1
438,15,467.63,382.97,32.52,65.19,1.66,-1,-1,-1
438,4,1072.27,588.39,47.31,100.57,1.67,-1,-1,-1
438,30,1192.37,400.93,37.06,77.19,1.70,-1,-1,-1
438,34,1331.84,372.92,32.36,69.99,1.67,-1,-1,-1
438,29,1380.19,719.17,89.55,95.86,1.73,-1,-1,-1
438,28,983.96,726.33,88.35,104.98,1.73,-1,-1,-1
438,35,1585.33,439.07,39.10,84.76,1.70,-1,-1,-1
438,37,1650.58,476.96,42.84,84.88,1.71,-1,-1,-1
438,39,1724.05,571.84,58.75,102.91,1.72,-1,-1,-1
438,23,407.71,636.51,62.02,100.65,1.72,-1,-1,-1
438,22,226.75,480.19,45.19,86.62,1.69,-1,-1,-1
438,40,744.86,440.00,45.92,79.87,1.72,-1,-1,-1
438,43,121.16,490.30,42.58,98.75,1.69,-1,-1,-1
438,11,516.01,599.60,49.73,102.33,1.60,-1,-1,-1
438,42,511.61,673.00,81.59,58.89,1.63,-1,-1,-1
438,44,513.96,673.01,77.41,40.33,1.17,-1,-1,-1
439,6,238.44,548.89,45.31,90.10,1.71,-1,-1,-1
439,7,951.61,596.75,65.89,100.70,1.74,-1,-1,-1
439,13,520.28,358.61,27.87,66.08,1.63,-1,-1,-1
439,14,912.39,471.13,35.88,91.61,1.69,-1,-1,-1
439,12,805.50,596.80,47.15,100.22,1.69,-1,-1,-1
439,15,456.81,381.80,32.31,63.98,1.67,-1,-1,-1
439,4,1061.16,586.25,53.29,102.30,1.72,-1,-1,-1
439,30,1184.03,399.39,35.49,77.85,1.70,-1,-1,-1
439,34,1320.34,370.23,31.69,70.81,1.68,-1,-1,-1
439,29,1376.98,717.11,93.99,99.18,1.75,-1,-1,-1
439,28,977.93,727.02,105.38,105.70,1.74,-1,-1,-1
439,35,1580.36,436.45,36.12,86.72,1.68,-1,-1,-1
439,37,1643.35,474.99,41.21,85.50,1.70,-1,-1,-1
439,39,1725.34,571.26,50.75,102.44,1.72,-1,-1,-1
439,23,398.18,634.75,65.26,101.39,1.73,-1,-1,-1
439,22,217.72,480.67,50.84,84.94,1.70,-1,-1,-1
439,40,736.24,438.94,44.97,79.38,1.73,-1,-1,-1
439,43,113.64,488.91,41.26,101.26,1.68,-1,-1,-1
439,11,507.29,597.08,48.16,102.31,1.61,-1,-1,-1
439,42,503.33,673.54,87.29,55.63,1.43,-1,-1,-1
439,44,508.17,672.11,82.48,42.98,0.69,-1,-1,-1
440,6,228.08,544.67,45.02,92.68,1.71,-1,-1,-1
440,7,946.33,597.03,63.32,102.04,1.72,-1,-1,-1
440,13,512.23,357.15,26.96,66.28,1.65,-1,-1,-1
440,14,902.54,468.18,37.71,91.41,1.69,-1,-1,-1
440,12,797.74,595.22,49.48,100.75,1.71,-1,-1,-1
440,15,445.65,379.39,33.56,66.50,1.67,-1,-1,-1
440,4,1053.67,583.67,55.49,102.55,1.70,-1,-1,-1
440,30,1175.20,397.74,34.20,77.82,1.71,-1,-1,-1
440,34,1308.78,367.65,33.62,71.58,1.68,-1,-1,-1
440,29,1383.74,714.68,88.62,103.71,1.73,-1,-1,-1
440,28,976.82,726.11,109.60,109.71,1.76,-1,-1,-1
440,35,1571.47,434.50,36.47,87.16,1.69,-1,-1,-1
440,37,1635.69,473.47,39.22,85.67,1.69,-1,-1,-1
440,39,1720.23,570.90,49.56,101.43,1.70,-1,-1,-1
440,23,387.66,632.30,70.31,105.33,1.72,-1,-1,-1
440,22,208.04,479.82,51.04,83.48,1.70,-1,-1,-1
440,40,726.42,436.58,45.57,80.37,1.72,-1,-1,-1
440,43,107.13,487.50,43.91,103.23,1.70,-1,-1,-1
440,11,497.98,594.54,51.11,105.89,1.64,-1,-1,-1
440,42,496.09,671.56,88.55,57.28,1.67,-1,-1,-1
441,6,221.28,539.50,41.59,97.24,1.71,-1,-1,-1
441,7,946.26,597.97,55.33,98.44,1.73,-1,-1,-1
441,13,503.52,355.51,27.61,66.12,1.66,-1,-1,-1
441,14,892.74,465.67,37.19,92.15,1.69,-1,-1,-1
441,12,793.23,592.71,48.83,101.45,1.71,-1,-1,-1
441,15,435.69,376.80,34.36,66.38,1.68,-1,-1,-1
441,4,1051.86,580.97,52.62,104.80,1.70,-1,-1,-1
441,30,1166.39,394.84,33.12,77.73,1.70,-1,-1,-1
441,34,1297.51,364.98,32.78,72.25,1.66,-1,-1,-1
441,29,1392.93,713.89,79.89,101.45,1.72,-1,-1,-1
441,28,979.85,725.93,100.55,111.52,1.75,-1,-1,-1
441,35,1560.68,432.42,38.60,87.03,1.67,-1,-1,-1
441,37,1627.10,471.03,38.81,87.62,1.70,-1,-1,-1
441,39,1708.21,568.84,55.55,101.23,1.71,-1,-1,-1
441,23,375.24,630.71,74.90,108.24,1.73,-1,-1,-1
441,22,197.76,477.87,52.76,85.03,1.68,-1,-1,-1
441,40,718.28,434.22,44.45,80.02,1.72,-1,-1,-1
441,43,100.25,486.45,47.80,102.25,1.71,-1,-1,-1
441,11,487.62,591.76,53.27,107.19,1.66,-1,-1,-1
441,42,485.72,671.76,95.35,53.57,1.67,-1,-1,-1
442,6,212.75,535.88,39.62,99.85,1.70,-1,-1,-1
442,7,943.29,598.02,47.94,95.69,1.72,-1,-1,-1
442,13,494.85,353.36,28.13,67.10,1.65,-1,-1,-1
442,14,884.07,462.51,36.70,92.08,1.69,-1,-1,-1
442,12,788.71,588.93,46.73,102.53,1.66,-1,-1,-1
442,15,424.94,374.27,35.82,66.03,1.68,-1,-1,-1
442,4,1040.23,579.20,59.10,105.27,1.72,-1,-1,-1
442,30,1156.79,391.96,32.33,77.57,1.70,-1,-1,-1
442,34,1287.37,362.31,32.48,71.12,1.69,-1,-1,-1
442,29,1406.17,712.29,69.64,99.58,1.73,-1,-1,-1
442,28,992.74,726.87,86.07,108.62,1.74,-1,-1,-1
442,35,1551.54,429.53,39.70,87.60,1.70,-1,-1,-1
442,37,1617.59,468.52,39.90,88.95,1.71,-1,-1,-1
442,39,1696.68,565.49,62.48,102.67,1.71,-1,-1,-1
442,23,362.66,629.66,80.38,112.00,1.73,-1,-1,-1
442,22,188.52,475.29,51.57,86.04,1.69,-1,-1,-1
442,40,709.17,432.41,44.64,79.83,1.72,-1,-1,-1
442,43,95.38,486.37,46.42,102.31,1.72,-1,-1,-1
442,11,478.94,589.09,51.42,107.70,1.67,-1,-1,-1
442,42,474.77,674.06,99.03,46.10,1.67,-1,-1,-1
443,6,203.53,531.59,39.54,100.65,1.69,-1,-1,-1
443,7,933.56,596.95,51.43,93.51,1.72,-1,-1,-1
443,13,485.88,351.85,27.91,66.69,1.65,-1,-1,-1
443,14,874.76,459.61,36.88,92.38,1.68,-1,-1,-1
443,12,784.76,585.32,43.89,104.03,1.69,-1,-1,-1
443,15,416.09,371.95,34.69,67.44,1.69,-1,-1,-1
443,4,1034.79,577.57,59.59,103.96,1.73,-1,-1,-1
443,30,1146.15,389.59,33.52,77.06,1.69,-1,-1,-1
443,34,1277.76,359.84,30.54,70.91,1.68,-1,-1,-1
443,29,1403.20,710.91,74.84,100.75,1.73,-1,-1,-1
443,28,1012.28,727.31,74.54,106.02,1.69,-1,-1,-1
443,35,1541.18,427.49,41.58,86.06,1.70,-1,-1,-1
443,37,1607.90,466.05,41.36,89.29,1.71,-1,-1,-1
443,39,1686.44,562.86,69.75,101.83,1.72,-1,-1,-1
443,23,350.37,629.70,85.36,113.36,1.72,-1,-1,-1
443,22,179.33,473.64,54.15,85.18,1.69,-1,-1,-1
443,40,702.24,428.73,42.58,81.19,1.72,-1,-1,-1
443,43,87.94,487.20,48.41,100.40,1.72,-1,-1,-1
443,11,469.36,587.62,52.93,108.21,1.68,-1,-1,-1
443,42,465.22,670.97,99.64,46.20,1.67,-1,-1,-1
444,6,193.17,528.15,39.01,103.61,1.70,-1,-1,-1
444,7,923.88,595.06,56.32,93.30,1.73,-1,-1,-1
444,13,475.41,349.10,29.34,66.76,1.65,-1,-1,-1
444,14,865.55,457.45,36.77,91.85,1.67,-1,-1,-1
444,12,782.52,582.85,37.10,104.10,1.69,-1,-1,-1
444,15,406.96,370.49,33.47,67.61,1.69,-1,-1,-1
444,4,1032.16,576.76,57.23,101.88,1.74,-1,-1,-1
444,30,1135.88,386.43,32.65,77.60,1.71,-1,-1,-1
444,34,1266.31,356.41,31.09,71.58,1.66,-1,-1,-1
444,29,1397.37,707.29,84.36,107.70,1.74,-1,-1,-1
444,28,1009.27,726.58,87.81,102.49,1.74,-1,-1,-1
444,35,1530.86,424.89,43.41,86.15,1.70,-1,-1,-1
444,37,1598.32,463.66,42.67,88.99,1.71,-1,-1,-1
444,39,1677.93,560.75,73.94,100.85,1.75,-1,-1,-1
444,23,338.91,632.00,87.58,107.15,1.71,-1,-1,-1
444,22,173.36,471.79,53.20,85.24,1.69,-1,-1,-1
444,40,696.47,425.54,39.78,81.78,1.71,-1,-1,-1
444,43,81.36,487.88,45.42,97.66,1.70,-1,-1,-1
444,11,458.44,585.66,53.01,107.95,1.67,-1,-1,-1
444,42,456.40,668.59,97.81,46.71,1.67,-1,-1,-1
445,6,182.73,526.77,38.36,103.78,1.69,-1,-1,-1
445,7,915.08,593.01,60.85,97.93,1.74,-1,-1,-1
445,13,465.99,347.32,30.47,66.99,1.65,-1,-1,-1
445,14,856.01,454.45,35.88,91.81,1.67,-1,-1,-1
445,12,776.82,579.06,37.84,105.07,1.67,-1,-1,-1
445,15,396.15,368.91,34.52,68.22,1.70,-1,-1,-1
445,4,1031.15,575.99,56.71,100.05,1.74,-1,-1,-1
445,30,1125.30,383.83,33.89,77.66,1.71,-1,-1,-1
445,34,1255.59,354.11,31.70,72.97,1.68,-1,-1,-1
445,29,1394.27,706.11,89.84,108.80,1.74,-1,-1,-1
445,28,1002.62,723.11,101.07,103.70,1.73,-1,-1,-1
445,35,1521.60,422.69,43.72,86.64,1.70,-1,-1,-1
445,37,1589.22,461.19,43.32,88.30,1.71,-1,-1,-1
445,39,1673.01,559.22,73.93,98.49,1.74,-1,-1,-1
445,23,327.25,633.11,88.93,108.39,1.72,-1,-1,-1
445,22,169.35,469.09,49.98,87.84,1.68,-1,-1,-1
445,40,690.15,423.12,38.36,81.70,1.72,-1,-1,-1
445,43,76.45,486.80,42.44,97.71,1.68,-1,-1,-1
445,11,447.78,583.88,54.15,103.01,1.64,-1,-1,-1
445,42,448.56,667.90,97.18,47.92,1.63,-1,-1,-1
446,6,170.58,525.61,39.41,104.91,1.70,-1,-1,-1
446,7,906.93,591.37,64.39,103.26,1.74,-1,-1,-1
446,13,457.22,344.49,29.55,68.20,1.63,-1,-1,-1
446,14,846.21,452.04,34.90,91.98,1.67,-1,-1,-1
446,12,769.94,576.91,38.82,105.39,1.69,-1,-1,-1
446,15,384.94,368.06,35.70,68.28,1.66,-1,-1,-1
446,4,1030.94,573.61,56.71,100.31,1.73,-1,-1,-1
446,30,1114.16,380.81,35.19,78.61,1.71,-1,-1,-1
446,34,1246.04,352.23,29.91,71.99,1.67,-1,-1,-1
446,29,1399.08,704.63,87.01,111.24,1.75,-1,-1,-1
446,28,1004.58,721.56,98.92,101.62,1.74,-1,-1,-1
446,35,1511.23,419.85,44.86,87.41,1.70,-1,-1,-1
446,37,1580.01,458.54,43.16,87.17,1.70,-1,-1,-1
446,39,1670.15,558.08,73.11,95.72,1.74,-1,-1,-1
446,23,318.13,632.91,86.23,113.43,1.71,-1,-1,-1
446,22,166.18,466.01,44.37,89.58,1.69,-1,-1,-1
446,40,683.55,419.94,35.93,83.35,1.71,-1,-1,-1
446,43,70.59,485.23,41.28,96.86,1.72,-1,-1,-1
446,11,439.84,581.94,54.26,106.72,1.67,-1,-1,-1
446,42,438.77,664.84,96.69,50.84,1.66,-1,-1,-1
447,6,157.61,526.18,42.84,104.41,1.70,-1,-1,-1
447,7,901.53,589.56,65.15,105.40,1.73,-1,-1,-1
447,13,448.47,343.28,29.80,68.53,1.65,-1,-1,-1
447,14,833.58,449.34,36.87,93.76,1.65,-1,-1,-1
447,12,760.99,575.81,39.17,104.01,1.68,-1,-1,-1
447,15,375.14,367.54,34.44,68.19,1.66,-1,-1,-1
447,4,1022.84,570.94,62.43,101.67,1.69,-1,-1,-1
447,30,1103.73,379.22,34.68,78.62,1.70,-1,-1,-1
447,34,1234.39,349.71,29.56,72.85,1.67,-1,-1,-1
447,29,1409.07,704.47,77.45,108.84,1.74,-1,-1,-1
447,28,1010.27,720.83,99.18,103.04,1.74,-1,-1,-1
447,35,1503.17,417.76,42.78,86.74,1.71,-1,-1,-1
447,37,1571.37,456.70,41.61,86.71,1.69,-1,-1,-1
447,39,1667.73,557.14,71.49,93.28,1.74,-1,-1,-1
447,23,308.24,632.39,84.92,117.42,1.72,-1,-1,-1
447,22,159.03,462.94,41.04,95.63,1.67,-1,-1,-1
447,40,677.63,417.96,33.23,83.59,1.71,-1,-1,-1
447,43,63.33,483.06,40.85,98.09,1.71,-1,-1,-1
447,11,428.71,580.52,53.69,104.18,1.64,-1,-1,-1
447,42,429.43,662.32,97.51,53.21,1.66,-1,-1,-1
448,6,144.20,528.86,48.15,101.38,1.71,-1,-1,-1
448,7,895.63,592.27,64.68,104.92,1.73,-1,-1,-1
448,13,439.16,341.62,26.02,68.03,1.64,-1,-1,-1
448,14,821.39,448.15,37.27,92.96,1.64,-1,-1,-1
448,12,750.50,576.90,47.21,102.13,1.69,-1,-1,-1
448,15,366.55,367.51,32.36,65.88,1.68,-1,-1,-1
448,4,1010.93,568.26,68.68,103.82,1.74,-1,-1,-1
448,30,1091.70,377.28,35.50,77.84,1.70,-1,-1,-1
448,34,1223.45,347.54,29.79,72.64,1.67,-1,-1,-1
448,29,1424.28,702.90,62.83,107.32,1.72,-1,-1,-1
448,28,1021.50,720.44,93.73,101.58,1.74,-1,-1,-1
448,35,1493.70,415.73,43.20,86.37,1.71,-1,-1,-1
448,37,1565.82,454.60,36.70,85.74,1.69,-1,-1,-1
448,39,1669.64,555.88,63.30,92.10,1.73,-1,-1,-1
448,23,295.39,632.00,84.38,120.00,1.73,-1,-1,-1
448,22,149.95,461.48,40.34,92.08,1.67,-1,-1,-1
448,40,668.08,416.78,32.86,84.06,1.70,-1,-1,-1
448,43,55.11,480.75,40.10,99.48,1.71,-1,-1,-1
448,11,417.55,579.10,55.26,103.69,1.66,-1,-1,-1
448,42,421.05,656.85,94.09,58.81,1.67,-1,-1,-1
449,6,128.89,531.87,57.52,98.34,1.72,-1,-1,-1
449,7,892.83,592.52,62.49,104.32,1.73,-1,-1,-1
449,13,427.85,340.31,26.84,67.35,1.63,-1,-1,-1
449,14,808.79,445.94,38.67,93.19,1.63,-1,-1,-1
449,12,740.15,577.60,54.08,101.06,1.70,-1,-1,-1
449,15,355.99,368.10,31.67,64.98,1.68,-1,-1,-1
449,4,1002.78,565.69,69.32,104.53,1.75,-1,-1,-1
449,30,1080.36,375.67,36.36,77.05,1.70,-1,-1,-1
449,34,1212.12,344.79,29.51,72.91,1.66,-1,-1,-1
449,29,1419.75,702.21,68.52,105.75,1.64,-1,-1,-1
449,28,1039.68,721.35,81.19,98.55,1.73,-1,-1,-1
449,35,1485.10,413.31,41.05,86.82,1.70,-1,-1,-1
449,37,1555.26,453.01,36.95,85.06,1.69,-1,-1,-1
449,39,1662.90,551.74,64.97,94.54,1.73,-1,-1,-1
449,23,281.93,632.54,84.64,123.39,1.72,-1,-1,-1
449,22,140.21,460.25,39.23,92.62,1.67,-1,-1,-1
449,40,656.43,415.57,35.01,84.86,1.70,-1,-1,-1
449,43,45.09,479.92,46.10,101.63,1.72,-1,-1,-1
449,11,406.80,578.21,56.91,108.64,1.71,-1,-1,-1
449,42,413.90,652.70,92.01,61.21,1.68,-1,-1,-1
450,6,113.19,534.93,67.41,95.13,1.73,-1,-1,-1
450,7,891.51,594.19,58.98,101.00,1.73,-1,-1,-1
450,13,416.51,339.36,28.38,67.77,1.66,-1,-1,-1
450,14,796.18,444.26,38.88,93.23,1.64,-1,-1,-1
450,12,729.21,577.67,57.54,99.24,1.72,-1,-1,-1
450,15,344.78,367.66,31.97,64.70,1.68,-1,-1,-1
450,4,996.58,564.31,66.86,104.38,1.73,-1,-1,-1
450,30,1067.91,374.16,37.45,77.37,1.70,-1,-1,-1
450,34,1199.82,343.00,31.60,72.75,1.68,-1,-1,-1
450,29,1410.77,697.32,82.94,107.55,1.73,-1,-1,-1
450,28,1046.75,722.09,84.56,96.13,1.73,-1,-1,-1
450,35,1478.55,410.64,36.62,87.02,1.68,-1,-1,-1
450,37,1543.22,451.20,37.79,83.37,1.70,-1,-1,-1
450,39,1652.01,549.09,69.22,96.25,1.73,-1,-1,-1
450,23,268.46,634.79,84.13,124.86,1.73,-1,-1,-1
450,22,130.90,459.74,38.26,93.19,1.68,-1,-1,-1
450,40,646.29,414.96,34.74,84.80,1.69,-1,-1,-1
450,43,32.65,478.81,51.22,103.39,1.72,-1,-1,-1
450,11,395.02,577.95,55.14,108.07,1.70,-1,-1,-1
450,42,407.61,647.51,87.19,67.48,1.66,-1,-1,-1
451,6,99.34,538.17,71.29,91.70,1.74,-1,-1,-1
451,7,893.45,594.43,52.65,99.65,1.73,-1,-1,-1
451,13,406.28,338.65,29.21,67.82,1.67,-1,-1,-1
451,14,781.84,442.12,41.76,93.09,1.65,-1,-1,-1
451,12,718.30,577.05,57.36,100.11,1.71,-1,-1,-1
451,15,335.47,366.98,29.94,65.02,1.70,-1,-1,-1
451,4,990.65,563.18,65.18,105.13,1.74,-1,-1,-1
451,30,1056.30,372.92,36.21,76.75,1.70,-1,-1,-1
451,34,1188.37,341.87,30.96,73.19,1.67,-1,-1,-1
451,29,1409.63,695.32,85.51,107.24,1.74,-1,-1,-1
451,28,1037.06,721.58,103.23,101.05,1.74,-1,-1,-1
451,35,1470.60,408.80,33.71,86.52,1.69,-1,-1,-1
451,37,1531.31,450.22,39.00,83.42,1.72,-1,-1,-1
451,39,1643.37,546.70,70.69,97.65,1.74,-1,-1,-1
451,23,255.69,637.27,81.16,123.41,1.72,-1,-1,-1
451,22,121.17,460.86,37.45,91.67,1.70,-1,-1,-1
451,40,636.07,414.08,34.80,86.09,1.69,-1,-1,-1
451,43,20.30,479.76,56.79,102.93,1.73,-1,-1,-1
451,11,383.07,578.40,57.89,107.47,1.70,-1,-1,-1
451,42,393.02,644.24,89.19,70.29,1.67,-1,-1,-1
452,6,86.19,538.77,74.48,92.79,1.74,-1,-1,-1
452,7,884.46,594.34,58.01,99.98,1.74,-1,-1,-1
452,13,394.84,338.39,33.66,67.79,1.65,-1,-1,-1
452,14,770.77,441.03,40.21,91.89,1.66,-1,-1,-1
452,12,707.11,576.95,59.98,99.52,1.73,-1,-1,-1
452,15,323.33,365.49,31.84,66.92,1.66,-1,-1,-1
452,4,986.76,564.36,61.22,103.00,1.73,-1,-1,-1
452,30,1044.67,371.70,35.79,77.32,1.70,-1,-1,-1
452,34,1176.12,340.28,31.20,74.23,1.67,-1,-1,-1
452,29,1413.04,694.18,83.53,109.01,1.74,-1,-1,-1
452,28,1035.09,721.75,103.26,104.20,1.75,-1,-1,-1
452,35,1458.87,407.15,35.73,86.47,1.68,-1,-1,-1
452,37,1519.33,449.94,41.31,82.10,1.71,-1,-1,-1
452,39,1634.08,545.24,75.88,99.40,1.73,-1,-1,-1
452,23,242.53,639.86,79.44,121.43,1.72,-1,-1,-1
452,22,112.29,463.77,37.87,88.55,1.70,-1,-1,-1
452,40,624.81,414.08,35.02,84.89,1.69,-1,-1,-1
452,43,7.69,480.95,58.33,102.52,1.73,-1,-1,-1
452,11,372.13,579.30,54.79,106.12,1.69,-1,-1,-1
452,42,383.22,641.37,86.35,74.13,1.66,-1,-1,-1
453,6,74.33,537.31,73.01,95.28,1.74,-1,-1,-1
453,7,877.04,593.72,61.82,105.69,1.73,-1,-1,-1
453,13,382.59,338.44,35.74,67.42,1.62,-1,-1,-1
453,14,759.85,440.33,39.11,91.70,1.66,-1,-1,-1
453,12,698.66,577.46,60.72,99.20,1.72,-1,-1,-1
453,15,311.87,364.84,31.93,67.22,1.67,-1,-1,-1
453,4,985.46,565.12,55.55,102.25,1.72,-1,-1,-1
453,30,1032.97,371.11,34.26,77.38,1.70,-1,-1,-1
453,34,1163.71,339.93,30.03,73.76,1.66,-1,-1,-1
453,29,1425.72,692.99,75.52,108.48,1.73,-1,-1,-1
453,28,1036.92,722.97,103.26,106.51,1.75,-1,-1,-1
453,35,1446.66,406.08,36.40,86.21,1.69,-1,-1,-1
453,37,1505.45,449.75,45.20,82.11,1.71,-1,-1,-1
453,39,1630.02,545.02,73.37,99.38,1.73,-1,-1,-1
453,23,228.37,640.48,77.99,121.07,1.73,-1,-1,-1
453,22,103.45,466.59,41.37,88.18,1.68,-1,-1,-1
453,40,613.87,415.11,35.26,83.54,1.69,-1,-1,-1
453,11,360.21,579.41,55.72,105.82,1.70,-1,-1,-1
453,42,369.61,639.11,82.93,75.98,1.67,-1,-1,-1
454,6,63.30,538.07,70.87,96.42,1.74,-1,-1,-1
454,7,869.61,594.31,65.50,109.00,1.74,-1,-1,-1
454,13,369.40,338.36,38.00,68.27,1.68,-1,-1,-1
454,14,750.94,439.49,35.40,91.77,1.67,-1,-1,-1
454,12,692.50,577.89,58.63,97.45,1.73,-1,-1,-1
454,15,299.35,363.88,34.73,68.32,1.66,-1,-1,-1
454,4,985.84,565.79,49.47,100.26,1.72,-1,-1,-1
454,30,1021.71,370.70,33.61,76.84,1.71,-1,-1,-1
454,34,1150.90,339.11,31.37,74.50,1.67,-1,-1,-1
454,29,1440.37,692.00,63.44,108.00,1.73,-1,-1,-1
454,28,1047.63,723.45,96.53,107.97,1.75,-1,-1,-1
454,35,1434.14,404.89,38.10,85.92,1.70,-1,-1,-1
454,37,1492.28,448.97,50.61,82.09,1.72,-1,-1,-1
454,39,1627.77,545.20,68.22,96.75,1.74,-1,-1,-1
454,23,215.90,640.24,76.17,121.82,1.73,-1,-1,-1
454,22,88.66,470.25,53.50,85.16,1.71,-1,-1,-1
454,40,603.57,416.14,35.57,81.21,1.69,-1,-1,-1
454,11,348.30,580.69,51.49,102.73,1.70,-1,-1,-1
454,42,357.57,636.16,79.54,77.90,1.68,-1,-1,-1
455,6,52.73,539.09,66.78,96.88,1.73,-1,-1,-1
455,7,863.80,595.02,66.69,110.56,1.75,-1,-1,-1
455,13,356.56,338.68,37.06,67.92,1.68,-1,-1,-1
455,14,737.37,438.75,38.33,92.43,1.63,-1,-1,-1
455,12,687.69,578.13,55.30,98.66,1.72,-1,-1,-1
455,15,287.56,364.25,32.09,68.44,1.68,-1,-1,-1
455,4,976.91,566.47,53.41,99.38,1.72,-1,-1,-1
455,30,1009.62,370.23,32.96,77.45,1.70,-1,-1,-1
455,34,1137.48,339.12,30.34,74.10,1.67,-1,-1,-1
455,29,1433.86,690.90,70.90,112.31,1.73,-1,-1,-1
455,28,1067.04,725.20,82.66,106.34,1.74,-1,-1,-1
455,35,1420.82,404.90,46.27,84.70,1.71,-1,-1,-1
455,37,1480.09,448.76,52.52,82.07,1.73,-1,-1,-1
455,39,1627.73,546.10,64.57,94.02,1.73,-1,-1,-1
455,23,201.36,640.27,77.98,123.45,1.71,-1,-1,-1
455,22,74.90,472.72,62.00,83.35,1.73,-1,-1,-1
455,40,591.88,416.96,35.43,81.73,1.69,-1,-1,-1
455,11,335.43,581.50,51.71,104.35,1.69,-1,-1,-1
455,42,344.71,632.84,75.54,80.87,1.69,-1,-1,-1
456,6,40.95,540.09,64.01,98.04,1.73,-1,-1,-1
456,7,860.58,598.51,63.74,110.24,1.74,-1,-1,-1
456,13,343.74,339.97,38.03,67.49,1.68,-1,-1,-1
456,14,726.57,439.14,37.42,91.05,1.65,-1,-1,-1
456,12,684.20,579.57,50.01,96.81,1.73,-1,-1,-1
456,15,273.34,364.92,30.27,68.27,1.68,-1,-1,-1
456,4,965.03,565.57,61.64,100.21,1.73,-1,-1,-1
456,30,997.63,370.23,32.79,76.69,1.70,-1,-1,-1
456,34,1123.91,339.42,31.32,73.15,1.67,-1,-1,-1
456,29,1431.19,691.67,76.09,112.91,1.75,-1,-1,-1
456,28,1081.89,724.68,77.71,106.51,1.73,-1,-1,-1
456,35,1408.59,405.03,51.35,83.85,1.70,-1,-1,-1
456,37,1468.37,448.16,52.39,82.17,1.72,-1,-1,-1
456,39,1629.80,545.91,58.29,93.41,1.72,-1,-1,-1
456,23,185.72,641.19,81.03,125.96,1.73,-1,-1,-1
456,22,60.05,473.67,68.61,85.30,1.72,-1,-1,-1
456,40,579.93,418.08,35.60,83.60,1.70,-1,-1,-1
456,11,323.52,582.43,49.32,105.22,1.63,-1,-1,-1
456,42,331.28,631.18,78.80,83.95,1.70,-1,-1,-1
457,6,30.64,539.97,60.01,99.79,1.72,-1,-1,-1
457,7,863.36,601.67,54.37,108.45,1.74,-1,-1,-1
457,13,330.64,339.67,36.59,68.33,1.68,-1,-1,-1
457,14,714.70,438.92,38.39,92.17,1.69,-1,-1,-1
457,12,681.06,578.26,40.37,100.80,1.70,-1,-1,-1
457,15,259.74,365.99,35.75,67.77,1.66,-1,-1,-1
457,4,955.18,564.68,68.86,100.90,1.74,-1,-1,-1
457,30,984.73,370.04,33.21,77.76,1.71,-1,-1,-1
457,34,1111.51,339.67,31.35,73.27,1.68,-1,-1,-1
457,29,1432.55,692.27,76.81,112.99,1.75,-1,-1,-1
457,28,1072.89,720.96,94.30,109.91,1.74,-1,-1,-1
457,35,1395.41,405.23,53.50,83.28,1.73,-1,-1,-1
457,37,1457.20,447.33,53.09,82.53,1.73,-1,-1,-1
457,39,1617.98,544.38,65.90,94.19,1.72,-1,-1,-1
457,23,169.86,643.48,82.36,126.29,1.72,-1,-1,-1
457,22,46.21,474.65,70.55,87.21,1.74,-1,-1,-1
457,40,566.48,419.29,39.12,84.80,1.69,-1,-1,-1
457,11,309.71,584.00,43.41,102.57,1.53,-1,-1,-1
457,42,317.21,629.03,81.40,87.54,1.68,-1,-1,-1
458,6,23.55,541.58,52.63,99.22,1.71,-1,-1,-1
458,7,865.00,603.95,46.69,106.32,1.72,-1,-1,-1
458,13,317.64,340.59,35.19,67.67,1.68,-1,-1,-1
458,14,701.44,438.69,40.37,92.11,1.67,-1,-1,-1
458,12,672.60,578.36,40.82,103.21,1.68,-1,-1,-1
458,15,246.43,368.55,40.93,65.25,1.69,-1,-1,-1
458,4,948.11,564.33,69.57,100.42,1.72,-1,-1,-1
458,30,971.98,370.59,34.06,77.18,1.70,-1,-1,-1
458,34,1097.97,340.27,31.69,72.89,1.67,-1,-1,-1
458,29,1440.96,693.00,67.74,113.69,1.74,-1,-1,-1
458,28,1070.95,721.31,100.99,106.91,1.74,-1,-1,-1
458,35,1381.91,404.51,55.15,83.40,1.72,-1,-1,-1
458,37,1447.32,446.08,53.00,82.41,1.72,-1,-1,-1
458,39,1604.21,541.54,73.73,94.58,1.72,-1,-1,-1
458,23,152.88,646.97,85.69,128.03,1.72,-1,-1,-1
458,22,32.78,475.12,71.11,87.19,1.74,-1,-1,-1
458,40,554.96,419.70,37.15,84.67,1.70,-1,-1,-1
458,11,298.04,584.73,40.41,100.35,1.55,-1,-1,-1
458,42,303.91,626.95,80.86,90.23,1.69,-1,-1,-1
459,6,15.76,542.51,46.05,100.26,1.68,-1,-1,-1
459,7,861.43,604.78,45.95,104.63,1.72,-1,-1,-1
459,13,305.10,340.78,31.94,68.04,1.66,-1,-1,-1
459,14,688.57,439.31,42.05,91.92,1.69,-1,-1,-1
459,12,661.91,578.78,42.38,106.18,1.69,-1,-1,-1
459,15,231.14,369.44,44.54,65.78,1.67,-1,-1,-1
459,4,941.05,564.89,71.09,100.13,1.74,-1,-1,-1
459,30,959.46,370.71,32.79,76.56,1.71,-1,-1,-1
459,34,1085.63,339.34,30.98,73.88,1.68,-1,-1,-1
459,29,1456.94,694.36,53.05,111.90,1.71,-1,-1,-1
459,28,1071.89,721.24,104.14,107.20,1.75,-1,-1,-1
459,35,1369.04,403.40,54.15,83.84,1.73,-1,-1,-1
459,37,1439.52,445.25,48.70,82.65,1.72,-1,-1,-1
459,39,1596.59,539.23,73.94,96.06,1.74,-1,-1,-1
459,23,135.60,651.98,88.32,129.19,1.73,-1,-1,-1
459,22,23.65,475.91,64.48,86.92,1.74,-1,-1,-1
459,40,543.39,419.86,35.43,85.26,1.69,-1,-1,-1
459,11,285.55,586.45,43.17,97.71,1.42,-1,-1,-1
459,42,291.48,624.33,78.02,94.71,1.66,-1,-1,-1
459,45,672.58,411.54,44.98,79.16,1.38,-1,-1,-1
460,6,7.79,543.16,41.49,102.25,1.69,-1,-1,-1
460,7,849.36,604.89,52.69,105.10,1.73,-1,-1,-1
460,13,293.13,341.42,31.20,67.95,1.66,-1,-1,-1
460,14,674.01,440.57,44.30,91.74,1.70,-1,-1,-1
460,12,648.88,579.63,48.05,106.33,1.70,-1,-1,-1
460,15,216.49,370.73,45.65,65.41,1.69,-1,-1,-1
460,4,938.61,565.42,63.07,99.77,1.70,-1,-1,-1
460,30,945.68,370.70,34.40,76.90,1.70,-1,-1,-1
460,34,1071.71,339.40,31.58,73.75,1.67,-1,-1,-1
460,29,1451.93,695.12,73.20,109.53,1.74,-1,-1,-1
460,28,1084.25,722.02,95.20,109.02,1.75,-1,-1,-1
460,35,1358.96,402.99,50.05,83.85,1.72,-1,-1,-1
460,37,1433.59,444.38,44.71,82.90,1.71,-1,-1,-1
460,39,1585.56,538.03,75.61,97.62,1.74,-1,-1,-1
460,23,117.04,658.07,91.54,128.87,1.72,-1,-1,-1
460,22,14.95,477.19,64.10,87.35,1.74,-1,-1,-1
460,40,531.28,420.68,33.70,84.44,1.68,-1,-1,-1
460,11,271.60,587.55,49.58,106.00,1.43,-1,-1,-1
460,42,278.35,622.20,78.19,98.44,1.70,-1,-1,-1
460,45,663.95,413.31,44.54,77.25,1.58,-1,-1,-1
461,7,840.31,605.09,57.46,107.70,1.74,-1,-1,-1
461,13,281.96,341.72,25.70,68.79,1.62,-1,-1,-1
461,14,661.05,442.04,43.94,90.61,1.71,-1,-1,-1
461,12,639.30,582.45,48.06,105.72,1.71,-1,-1,-1
461,15,202.73,372.20,45.78,65.57,1.68,-1,-1,-1
461,4,938.27,566.15,57.54,99.43,1.70,-1,-1,-1
461,30,933.87,370.80,32.90,76.32,1.70,-1,-1,-1
461,34,1058.07,339.39,32.02,73.41,1.68,-1,-1,-1
461,29,1440.01,694.33,93.97,109.14,1.73,-1,-1,-1
461,28,1104.09,722.56,80.70,109.05,1.74,-1,-1,-1
461,35,1349.53,402.01,47.12,83.90,1.71,-1,-1,-1
461,37,1427.63,444.15,40.31,82.67,1.71,-1,-1,-1
461,39,1579.32,537.00,75.76,98.56,1.74,-1,-1,-1
461,23,96.52,664.42,97.55,128.29,1.72,-1,-1,-1
461,22,8.88,477.97,62.50,86.68,1.72,-1,-1,-1
461,40,521.03,421.04,31.58,84.69,1.69,-1,-1,-1
461,11,259.85,588.67,43.42,108.22,1.47,-1,-1,-1
461,42,264.72,619.51,77.71,101.24,1.70,-1,-1,-1
461,45,657.25,415.12,39.97,76.85,1.61,-1,-1,-1
462,7,831.97,605.10,64.74,111.53,1.74,-1,-1,-1
462,13,271.10,342.97,24.10,67.52,1.59,-1,-1,-1
462,14,648.12,443.20,44.68,90.09,1.71,-1,-1,-1
462,12,631.87,584.91,47.10,104.34,1.71,-1,-1,-1
462,15,189.83,373.25,45.92,66.67,1.69,-1,-1,-1
462,4,939.38,565.50,52.23,99.64,1.71,-1,-1,-1
462,30,921.22,370.67,32.79,76.38,1.70,-1,-1,-1
462,34,1045.13,338.98,32.15,73.54,1.67,-1,-1,-1
462,29,1435.62,692.74,100.14,108.44,1.73,-1,-1,-1
462,28,1126.79,723.61,68.57,107.61,1.73,-1,-1,-1
462,35,1340.76,401.28,44.03,84.25,1.70,-1,-1,-1
462,37,1420.10,443.87,37.54,82.03,1.71,-1,-1,-1
462,39,1576.27,537.48,71.57,97.76,1.74,-1,-1,-1
462,23,77.93,669.92,102.00,127.41,1.74,-1,-1,-1
462,22,6.64,477.62,55.42,88.51,1.72,-1,-1,-1
462,40,511.38,421.35,29.44,85.12,1.68,-1,-1,-1
462,11,244.40,590.11,44.60,106.21,1.42,-1,-1,-1
462,42,249.84,614.79,78.31,107.64,1.66,-1,-1,-1
462,45,650.17,415.06,37.84,75.98,1.64,-1,-1,-1
463,7,824.92,607.16,70.17,111.78,1.75,-1,-1,-1
463,13,257.14,344.30,26.52,67.81,1.60,-1,-1,-1
463,14,634.85,442.96,46.97,89.37,1.72,-1,-1,-1
463,12,626.20,587.47,44.45,102.01,1.71,-1,-1,-1
463,15,177.97,374.09,43.90,66.79,1.69,-1,-1,-1
463,4,938.50,564.30,48.99,101.98,1.72,-1,-1,-1
463,30,909.14,370.84,32.72,76.74,1.71,-1,-1,-1
463,34,1032.33,338.66,33.42,73.82,1.66,-1,-1,-1
463,29,1437.03,691.97,98.76,103.08,1.74,-1,-1,-1
463,28,1120.98,723.83,85.37,106.70,1.73,-1,-1,-1
463,35,1333.73,400.57,41.84,83.52,1.69,-1,-1,-1
463,37,1407.89,444.28,40.78,82.32,1.71,-1,-1,-1
463,39,1576.39,538.33,68.73,96.57,1.74,-1,-1,-1
463,23,59.31,674.30,104.86,127.38,1.73,-1,-1,-1
463,40,499.90,422.24,28.00,84.75,1.69,-1,-1,-1
463,11,227.96,592.55,47.09,107.72,1.41,-1,-1,-1
463,42,226.80,611.81,86.41,111.60,1.68,-1,-1,-1
463,45,639.61,414.37,40.18,75.72,1.65,-1,-1,-1
464,7,821.81,609.95,67.82,112.74,1.75,-1,-1,-1
464,13,244.04,343.60,26.13,69.69,1.61,-1,-1,-1
464,14,623.99,443.61,47.00,87.67,1.71,-1,-1,-1
464,12,621.75,589.11,41.07,100.91,1.70,-1,-1,-1
464,15,166.50,374.03,39.85,67.21,1.70,-1,-1,-1
464,4,927.70,562.59,54.56,104.27,1.73,-1,-1,-1
464,30,896.33,370.97,33.10,77.26,1.70,-1,-1,-1
464,34,1019.34,338.75,33.76,73.40,1.68,-1,-1,-1
464,29,1448.63,692.06,81.82,100.25,1.73,-1,-1,-1
464,28,1115.00,723.12,99.45,108.00,1.74,-1,-1,-1
464,35,1326.87,399.72,38.88,84.04,1.69,-1,-1,-1
464,37,1393.76,444.24,45.75,83.26,1.72,-1,-1,-1
464,39,1577.88,538.23,63.39,94.57,1.74,-1,-1,-1
464,23,42.27,677.63,107.57,128.89,1.72,-1,-1,-1
464,40,488.54,423.02,28.28,84.60,1.69,-1,-1,-1
464,11,225.33,595.54,44.06,114.29,1.45,-1,-1,-1
464,42,208.43,612.61,88.32,110.41,1.71,-1,-1,-1
464,45,628.58,413.91,43.86,76.03,1.38,-1,-1,-1
465,7,822.24,612.34,66.77,110.68,1.74,-1,-1,-1
465,13,230.98,344.74,26.71,69.04,1.61,-1,-1,-1
465,14,613.29,441.75,47.37,89.11,1.71,-1,-1,-1
465,12,614.08,588.33,40.49,101.27,1.69,-1,-1,-1
465,15,155.24,373.84,39.50,68.37,1.70,-1,-1,-1
465,4,919.80,561.57,56.42,105.04,1.74,-1,-1,-1
465,30,882.63,371.47,34.13,76.68,1.70,-1,-1,-1
465,34,1007.19,338.97,33.15,72.84,1.68,-1,-1,-1
465,29,1464.29,692.24,72.37,99.23,1.73,-1,-1,-1
465,28,1114.96,723.33,102.87,112.28,1.75,-1,-1,-1
465,35,1319.04,398.67,36.23,84.66,1.67,-1,-1,-1
465,37,1380.53,444.51,50.49,82.71,1.73,-1,-1,-1
465,39,1576.55,537.97,59.62,94.96,1.71,-1,-1,-1
465,23,26.44,680.13,108.65,131.00,1.71,-1,-1,-1
465,40,476.31,423.48,29.88,84.45,1.69,-1,-1,-1
465,11,210.90,596.79,50.58,108.07,1.56,-1,-1,-1
465,42,191.30,612.62,81.74,113.15,1.71,-1,-1,-1
465,45,616.30,412.28,47.01,77.63,1.68,-1,-1,-1
466,7,825.34,613.86,63.44,109.13,1.74,-1,-1,-1
466,13,218.01,345.80,30.80,69.32,1.67,-1,-1,-1
466,14,605.34,440.50,42.47,90.66,1.64,-1,-1,-1
466,12,604.20,587.53,37.98,103.91,1.69,-1,-1,-1
466,15,144.83,374.63,35.95,67.22,1.70,-1,-1,-1
466,4,911.50,561.62,62.40,103.65,1.73,-1,-1,-1
466,30,869.79,371.31,34.88,76.97,1.70,-1,-1,-1
466,34,995.82,338.91,31.63,72.86,1.68,-1,-1,-1
466,29,1461.18,692.49,79.01,98.85,1.73,-1,-1,-1
466,28,1120.96,724.08,108.36,113.89,1.75,-1,-1,-1
466,35,1305.84,398.13,39.76,85.13,1.68,-1,-1,-1
466,37,1367.50,445.12,53.10,81.70,1.72,-1,-1,-1
466,39,1564.00,536.19,65.76,95.76,1.73,-1,-1,-1
466,23,13.97,682.99,105.11,129.99,1.73,-1,-1,-1
466,40,463.75,424.40,31.20,84.22,1.69,-1,-1,-1
466,11,192.93,597.98,62.08,107.96,1.55,-1,-1,-1
466,42,175.22,612.15,72.99,115.90,1.68,-1,-1,-1
466,45,604.80,410.31,50.91,81.23,1.37,-1,-1,-1
467,7,829.64,614.77,55.74,108.39,1.73,-1,-1,-1
467,13,203.59,346.65,35.33,68.65,1.67,-1,-1,-1
467,14,596.79,438.08,38.96,92.70,1.60,-1,-1,-1
467,12,592.41,585.75,41.10,106.18,1.70,-1,-1,-1
467,15,135.97,374.53,31.58,69.11,1.66,-1,-1,-1
467,4,906.52,562.84,61.82,102.71,1.73,-1,-1,-1
467,30,856.23,371.93,36.17,76.80,1.70,-1,-1,-1
467,34,985.01,338.55,29.49,72.53,1.67,-1,-1,-1
467,29,1454.54,691.19,86.61,104.21,1.72,-1,-1,-1
467,28,1136.04,726.65,87.43,113.87,1.75,-1,-1,-1
467,35,1290.36,399.03,44.91,82.88,1.70,-1,-1,-1
467,37,1356.38,444.60,53.21,81.84,1.72,-1,-1,-1
467,39,1549.26,534.23,72.74,95.64,1.73,-1,-1,-1
467,40,450.20,424.81,38.02,84.42,1.70,-1,-1,-1
467,11,181.93,598.77,63.47,108.80,1.62,-1,-1,-1
467,42,157.28,612.95,63.66,118.38,1.71,-1,-1,-1
467,45,593.31,410.44,51.83,78.05,1.37,-1,-1,-1
468,7,819.30,614.95,60.30,109.05,1.74,-1,-1,-1
468,13,189.98,347.87,35.09,68.06,1.67,-1,-1,-1
468,14,586.22,436.60,32.72,92.92,1.59,-1,-1,-1
468,12,580.18,585.53,45.32,107.49,1.70,-1,-1,-1
468,15,124.81,375.05,34.41,71.48,1.67,-1,-1,-1
468,4,904.98,564.52,54.14,101.32,1.73,-1,-1,-1
468,30,841.28,372.37,37.59,76.50,1.70,-1,-1,-1
468,34,973.31,338.58,27.48,72.61,1.65,-1,-1,-1
468,29,1453.08,692.58,91.53,104.88,1.75,-1,-1,-1
468,28,1158.88,729.30,72.15,110.53,1.73,-1,-1,-1
468,35,1278.95,399.35,48.41,81.42,1.72,-1,-1,-1
468,37,1346.10,444.53,53.77,81.20,1.73,-1,-1,-1
468,39,1541.27,532.58,71.86,95.78,1.74,-1,-1,-1
468,40,436.72,425.48,45.76,84.92,1.72,-1,-1,-1
468,11,174.14,600.78,58.83,106.93,1.65,-1,-1,-1
468,42,138.43,615.07,53.05,116.68,1.69,-1,-1,-1
469,7,812.22,615.38,60.86,115.42,1.74,-1,-1,-1
469,13,174.68,348.50,35.95,68.08,1.66,-1,-1,-1
469,14,577.83,434.32,29.75,94.60,1.61,-1,-1,-1
469,12,567.46,585.77,55.03,109.08,1.71,-1,-1,-1
469,15,111.11,375.40,35.08,72.62,1.68,-1,-1,-1
469,4,904.97,565.99,47.45,101.09,1.73,-1,-1,-1
469,30,828.24,372.75,38.22,77.11,1.70,-1,-1,-1
469,34,959.39,338.89,29.29,73.01,1.66,-1,-1,-1
469,29,1456.14,693.44,92.72,107.13,1.75,-1,-1,-1
469,28,1172.92,729.01,72.66,110.21,1.72,-1,-1,-1
469,35,1263.60,399.67,53.87,80.60,1.72,-1,-1,-1
469,37,1339.03,444.56,51.38,80.78,1.73,-1,-1,-1
469,39,1533.25,532.01,73.99,95.87,1.73,-1,-1,-1
469,40,422.69,425.85,50.74,85.28,1.72,-1,-1,-1
469,11,155.66,602.64,62.30,108.10,1.66,-1,-1,-1
469,42,118.04,615.55,57.69,115.98,1.70,-1,-1,-1
470,7,805.76,615.86,63.58,117.58,1.74,-1,-1,-1
470,13,159.65,349.13,39.04,69.42,1.67,-1,-1,-1
470,14,566.27,434.03,31.44,93.86,1.59,-1,-1,-1
470,12,554.34,587.33,61.22,109.74,1.72,-1,-1,-1
470,15,95.27,377.94,33.31,69.40,1.68,-1,-1,-1
470,4,905.13,566.00,40.71,100.53,1.70,-1,-1,-1
470,30,814.47,373.02,38.45,78.10,1.69,-1,-1,-1
470,34,945.26,339.00,29.05,73.50,1.65,-1,-1,-1
470,29,1470.59,694.83,78.35,105.42,1.74,-1,-1,-1
470,28,1163.50,727.84,88.63,109.29,1.72,-1,-1,-1
470,35,1250.56,399.99,55.37,79.32,1.72,-1,-1,-1
470,37,1333.07,444.18,46.38,79.62,1.73,-1,-1,-1
470,39,1528.68,532.01,70.97,95.51,1.74,-1,-1,-1
470,40,408.41,427.10,54.31,84.67,1.72,-1,-1,-1
470,11,142.84,603.64,59.15,108.19,1.71,-1,-1,-1
470,42,96.16,615.45,64.18,117.72,1.73,-1,-1,-1
471,7,800.89,618.28,63.30,116.93,1.75,-1,-1,-1
471,13,145.00,350.10,37.29,69.53,1.64,-1,-1,-1
471,14,554.04,433.99,29.99,93.46,1.60,-1,-1,-1
471,12,543.74,589.54,58.28,107.76,1.72,-1,-1,-1
471,15,79.09,379.29,36.91,69.28,1.69,-1,-1,-1
471,4,893.50,564.47,48.91,102.44,1.71,-1,-1,-1
471,30,800.96,373.88,38.52,78.14,1.71,-1,-1,-1
471,34,931.97,339.40,28.91,73.25,1.67,-1,-1,-1
471,29,1490.04,695.77,59.32,102.70,1.72,-1,-1,-1
471,28,1159.88,725.20,100.60,109.59,1.73,-1,-1,-1
471,35,1238.54,399.84,55.89,79.44,1.72,-1,-1,-1
471,37,1329.48,443.80,39.26,79.06,1.71,-1,-1,-1
471,39,1527.34,531.76,65.49,95.52,1.73,-1,-1,-1
471,40,393.90,427.79,56.54,84.78,1.72,-1,-1,-1
471,11,129.14,604.54,56.81,108.92,1.71,-1,-1,-1
471,42,73.66,615.11,70.47,119.77,1.73,-1,-1,-1
472,7,802.38,621.56,56.90,115.83,1.73,-1,-1,-1
472,13,130.72,350.52,37.87,69.37,1.62,-1,-1,-1
472,14,542.66,434.78,30.53,92.77,1.63,-1,-1,-1
472,12,533.88,589.88,57.45,109.12,1.70,-1,-1,-1
472,15,63.47,381.50,39.50,68.45,1.68,-1,-1,-1
472,4,881.03,562.05,57.63,104.43,1.71,-1,-1,-1
472,30,787.18,374.30,39.34,78.27,1.71,-1,-1,-1
472,34,918.74,339.02,29.04,74.03,1.66,-1,-1,-1
472,29,1479.94,695.44,79.54,102.25,1.74,-1,-1,-1
472,28,1160.45,723.88,111.32,114.26,1.75,-1,-1,-1
472,35,1227.10,399.97,53.60,78.52,1.70,-1,-1,-1
472,37,1318.27,442.79,40.89,79.00,1.70,-1,-1,-1
472,39,1528.03,532.00,61.97,92.53,1.71,-1,-1,-1
472,40,379.08,427.83,58.08,85.35,1.73,-1,-1,-1
472,11,117.39,606.61,52.60,109.22,1.70,-1,-1,-1
472,42,51.08,615.15,76.94,122.59,1.71,-1,-1,-1
473,7,807.58,625.08,44.72,112.15,1.72,-1,-1,-1
473,13,118.63,351.41,33.63,69.29,1.64,-1,-1,-1
473,14,529.66,436.36,34.81,91.06,1.68,-1,-1,-1
473,12,527.30,591.05,51.59,108.91,1.71,-1,-1,-1
473,15,47.69,383.50,42.45,68.15,1.68,-1,-1,-1
473,4,872.76,560.71,61.31,103.96,1.71,-1,-1,-1
473,30,774.12,374.76,39.06,78.76,1.70,-1,-1,-1
473,34,905.17,340.15,29.79,72.23,1.65,-1,-1,-1
473,29,1471.51,693.26,94.13,103.54,1.75,-1,-1,-1
473,28,1169.39,725.21,109.96,116.58,1.75,-1,-1,-1
473,35,1217.39,400.13,53.06,78.43,1.72,-1,-1,-1
473,37,1304.87,441.62,44.19,79.71,1.72,-1,-1,-1
473,39,1529.26,529.92,53.19,94.37,1.71,-1,-1,-1
473,40,366.78,428.29,55.59,85.91,1.72,-1,-1,-1
473,11,103.42,608.07,51.17,110.41,1.69,-1,-1,-1
473,42,28.12,617.66,77.32,125.18,1.71,-1,-1,-1
474,7,809.29,627.71,41.41,109.72,1.70,-1,-1,-1
474,13,104.23,351.57,28.66,70.30,1.62,-1,-1,-1
474,14,514.13,438.23,45.04,89.52,1.72,-1,-1,-1
474,12,521.43,590.17,49.73,110.10,1.69,-1,-1,-1
474,15,33.36,384.35,42.88,69.15,1.67,-1,-1,-1
474,4,864.37,559.70,71.24,104.27,1.72,-1,-1,-1
474,30,760.37,375.25,38.35,78.59,1.71,-1,-1,-1
474,34,891.54,340.60,28.65,71.54,1.66,-1,-1,-1
474,29,1469.87,691.96,98.65,107.33,1.75,-1,-1,-1
474,28,1187.45,726.12,86.06,117.89,1.74,-1,-1,-1
474,35,1208.22,400.28,49.34,78.29,1.70,-1,-1,-1
474,37,1292.29,440.16,47.95,81.73,1.72,-1,-1,-1
474,39,1518.51,527.56,57.20,94.25,1.71,-1,-1,-1
474,40,354.05,428.28,53.32,86.65,1.72,-1,-1,-1
474,11,87.99,609.09,51.59,112.74,1.70,-1,-1,-1
474,42,3.09,620.14,76.48,125.87,1.71,-1,-1,-1
475,7,796.53,628.02,56.85,109.28,1.72,-1,-1,-1
475,13,89.44,352.42,32.16,71.02,1.60,-1,-1,-1
475,14,498.81,441.35,53.74,86.93,1.73,-1,-1,-1
475,12,515.79,589.46,44.57,111.92,1.69,-1,-1,-1
475,15,20.78,385.10,39.06,69.12,1.67,-1,-1,-1
475,4,857.66,560.12,73.07,103.50,1.72,-1,-1,-1
475,30,747.08,375.48,37.33,78.51,1.72,-1,-1,-1
475,34,878.73,341.02,28.27,71.89,1.66,-1,-1,-1
475,29,1475.69,691.36,90.69,112.09,1.75,-1,-1,-1
475,28,1205.91,726.46,73.06,116.71,1.73,-1,-1,-1
475,35,1200.70,400.34,46.69,77.13,1.71,-1,-1,-1
475,37,1280.65,439.02,50.86,82.87,1.72,-1,-1,-1
475,39,1506.76,523.82,61.99,94.71,1.72,-1,-1,-1
475,40,344.25,428.56,47.82,86.93,1.73,-1,-1,-1
475,11,72.90,611.26,52.19,116.13,1.69,-1,-1,-1
476,7,786.44,628.11,64.43,110.80,1.73,-1,-1,-1
476,13,75.39,353.06,30.66,71.40,1.65,-1,-1,-1
476,14,484.00,443.89,61.09,85.55,1.72,-1,-1,-1
476,12,504.91,589.69,42.57,114.23,1.66,-1,-1,-1
476,15,8.22,385.50,36.36,70.44,1.67,-1,-1,-1
476,4,855.04,560.08,64.92,105.36,1.73,-1,-1,-1
476,30,735.06,376.03,36.33,78.32,1.71,-1,-1,-1
476,34,864.61,341.40,29.57,72.80,1.68,-1,-1,-1
476,29,1492.91,692.09,73.11,110.53,1.73,-1,-1,-1
476,28,1222.73,724.93,64.70,116.96,1.73,-1,-1,-1
476,35,1193.90,400.12,42.68,76.59,1.70,-1,-1,-1
476,37,1270.35,437.78,54.40,84.41,1.73,-1,-1,-1
476,39,1497.03,521.88,67.09,96.21,1.72,-1,-1,-1
476,40,335.61,428.74,43.25,86.99,1.71,-1,-1,-1
476,11,58.28,614.27,53.53,117.05,1.69,-1,-1,-1
477,7,776.76,628.45,74.87,113.74,1.75,-1,-1,-1
477,13,59.72,354.33,32.03,70.91,1.63,-1,-1,-1
477,14,470.39,445.65,65.08,84.86,1.73,-1,-1,-1
477,12,494.51,590.71,43.47,116.49,1.64,-1,-1,-1
477,4,855.59,561.60,54.67,103.76,1.72,-1,-1,-1
477,30,722.28,376.40,36.29,78.34,1.70,-1,-1,-1
477,34,850.84,341.85,29.70,72.41,1.67,-1,-1,-1
477,29,1512.67,693.95,63.28,108.18,1.74,-1,-1,-1
477,28,1216.98,723.38,78.17,118.11,1.74,-1,-1,-1
477,35,1184.92,399.02,42.53,77.30,1.70,-1,-1,-1
477,37,1261.99,437.93,51.04,84.42,1.73,-1,-1,-1
477,39,1488.77,520.58,69.97,95.46,1.73,-1,-1,-1
477,40,327.46,429.05,39.03,87.74,1.71,-1,-1,-1
477,11,43.71,617.39,55.88,118.17,1.71,-1,-1,-1
478,7,771.23,630.10,78.91,115.70,1.75,-1,-1,-1
478,13,46.40,355.48,35.68,71.09,1.66,-1,-1,-1
478,14,457.82,446.11,64.82,84.89,1.73,-1,-1,-1
478,12,484.88,592.75,43.07,117.18,1.67,-1,-1,-1
478,4,857.19,562.60,50.25,102.26,1.72,-1,-1,-1
478,30,710.33,376.88,34.23,77.29,1.70,-1,-1,-1
478,34,838.51,342.36,28.78,72.51,1.66,-1,-1,-1
478,29,1503.84,694.88,79.58,107.19,1.73,-1,-1,-1
478,28,1216.22,723.51,85.92,123.81,1.74,-1,-1,-1
478,35,1171.95,396.29,45.34,80.00,1.72,-1,-1,-1
478,37,1255.33,438.78,46.96,82.96,1.73,-1,-1,-1
478,39,1483.98,519.89,72.26,95.50,1.74,-1,-1,-1
478,40,318.94,429.37,35.82,88.78,1.70,-1,-1,-1
478,11,27.45,620.32,60.67,118.00,1.70,-1,-1,-1
479,7,768.56,632.58,76.04,117.85,1.75,-1,-1,-1
479,13,30.50,356.81,41.75,71.41,1.70,-1,-1,-1
479,14,445.27,446.01,64.00,86.47,1.74,-1,-1,-1
479,12,469.81,596.33,50.50,117.43,1.65,-1,-1,-1
479,4,856.13,561.48,48.38,105.35,1.72,-1,-1,-1
479,30,698.55,377.13,32.68,79.01,1.70,-1,-1,-1
479,34,825.00,342.97,29.37,72.17,1.66,-1,-1,-1
479,29,1498.40,695.61,93.91,110.09,1.75,-1,-1,-1
479,28,1216.87,724.23,109.41,123.47,1.76,-1,-1,-1
479,35,1161.14,395.10,47.43,80.40,1.73,-1,-1,-1
479,37,1249.25,439.09,45.62,82.66,1.72,-1,-1,-1
479,39,1481.34,520.29,67.71,96.33,1.73,-1,-1,-1
479,40,305.87,430.30,38.28,90.18,1.71,-1,-1,-1
479,11,12.85,624.17,62.50,117.07,1.70,-1,-1,-1
480,7,772.40,635.60,60.04,116.31,1.74,-1,-1,-1
480,13,15.28,357.95,45.56,71.74,1.71,-1,-1,-1
480,14,435.49,445.77,59.60,86.17,1.73,-1,-1,-1
480,12,456.97,601.28,56.36,113.36,1.70,-1,-1,-1
480,4,845.47,560.64,54.14,105.67,1.70,-1,-1,-1
480,30,686.67,377.64,31.50,77.59,1.70,-1,-1,-1
480,34,814.69,343.33,25.78,72.24,1.66,-1,-1,-1
480,29,1499.14,696.88,113.89,108.39,1.75,-1,-1,-1
480,28,1224.31,726.70,110.04,122.97,1.76,-1,-1,-1
480,35,1151.65,393.67,48.53,83.23,1.72,-1,-1,-1
480,37,1246.57,439.84,41.72,82.37,1.72,-1,-1,-1
480,39,1481.84,521.67,62.47,94.67,1.71,-1,-1,-1
480,40,292.45,431.80,40.73,90.81,1.71,-1,-1,-1
481,7,778.32,638.21,59.34,115.01,1.73,-1,-1,-1
481,14,427.51,445.79,52.71,86.43,1.72,-1,-1,-1
481,12,447.19,604.98,58.18,113.71,1.69,-1,-1,-1
481,4,834.16,560.15,60.97,107.66,1.73,-1,-1,-1
481,30,672.70,378.69,31.98,78.20,1.71,-1,-1,-1
481,34,802.01,344.01,26.17,72.36,1.68,-1,-1,-1
481,29,1505.25,698.92,110.44,109.61,1.75,-1,-1,-1
481,28,1239.55,729.06,89.29,125.55,1.76,-1,-1,-1
481,35,1142.22,393.73,49.14,82.02,1.72,-1,-1,-1
481,37,1242.60,440.08,38.67,81.63,1.71,-1,-1,-1
481,39,1484.29,522.13,57.15,93.31,1.72,-1,-1,-1
481,40,279.75,433.75,39.74,89.18,1.71,-1,-1,-1
482,7,782.55,640.33,55.24,113.54,1.72,-1,-1,-1
482,14,420.13,444.88,44.89,89.26,1.71,-1,-1,-1
482,12,435.36,608.21,59.98,114.34,1.71,-1,-1,-1
482,4,827.69,560.50,64.94,106.19,1.72,-1,-1,-1
482,30,658.53,379.69,36.77,77.65,1.71,-1,-1,-1
482,34,789.89,344.90,26.27,71.94,1.67,-1,-1,-1
482,29,1520.43,702.58,89.40,109.30,1.75,-1,-1,-1
482,28,1256.61,731.79,78.62,122.75,1.72,-1,-1,-1
482,35,1132.91,394.45,48.45,82.38,1.71,-1,-1,-1
482,37,1230.14,439.58,43.93,82.12,1.72,-1,-1,-1
482,39,1486.35,521.85,48.55,93.12,1.72,-1,-1,-1
482,40,264.38,436.03,47.99,88.68,1.71,-1,-1,-1
483,7,771.35,640.96,64.16,115.49,1.73,-1,-1,-1
483,14,413.86,445.09,37.60,89.23,1.69,-1,-1,-1
483,12,422.84,611.54,58.99,115.24,1.70,-1,-1,-1
483,4,819.04,560.84,72.57,106.24,1.71,-1,-1,-1
483,30,644.07,380.99,43.40,78.16,1.71,-1,-1,-1
483,34,776.10,345.80,28.27,72.38,1.66,-1,-1,-1
483,29,1537.92,705.67,62.09,106.07,1.71,-1,-1,-1
483,28,1279.33,731.12,73.58,123.70,1.71,-1,-1,-1
483,35,1126.81,395.60,47.48,79.85,1.73,-1,-1,-1
483,37,1218.44,438.89,45.11,86.25,1.72,-1,-1,-1
483,39,1473.20,520.94,56.21,93.52,1.71,-1,-1,-1
483,40,248.22,437.92,55.94,87.88,1.72,-1,-1,-1
484,7,764.85,641.55,65.91,122.14,1.74,-1,-1,-1
484,14,407.51,446.05,30.87,90.43,1.65,-1,-1,-1
484,12,409.39,613.82,60.61,114.35,1.68,-1,-1,-1
484,4,816.08,562.94,67.62,106.42,1.70,-1,-1,-1
484,30,629.38,383.07,44.03,77.22,1.72,-1,-1,-1
484,34,763.27,346.49,27.30,72.97,1.66,-1,-1,-1
484,29,1557.11,706.22,44.90,106.48,1.69,-1,-1,-1
484,28,1272.92,728.86,88.99,126.79,1.71,-1,-1,-1
484,35,1120.98,397.55,46.34,78.48,1.71,-1,-1,-1
484,37,1207.43,438.45,47.68,88.07,1.72,-1,-1,-1
484,39,1462.40,519.89,64.71,94.74,1.71,-1,-1,-1
484,40,232.91,440.61,58.87,87.02,1.73,-1,-1,-1
485,7,758.16,644.19,79.90,121.29,1.75,-1,-1,-1
485,14,397.17,447.21,31.70,91.46,1.62,-1,-1,-1
485,12,400.07,615.56,56.58,115.16,1.68,-1,-1,-1
485,4,812.64,565.95,59.62,106.08,1.71,-1,-1,-1
485,30,613.61,384.61,47.76,77.53,1.71,-1,-1,-1
485,34,750.63,347.36,28.84,73.69,1.67,-1,-1,-1
485,29,1551.61,707.45,61.93,103.46,1.72,-1,-1,-1
485,28,1269.87,728.73,98.00,123.03,1.74,-1,-1,-1
485,35,1109.98,400.02,56.01,76.42,1.71,-1,-1,-1
485,37,1197.55,439.26,48.46,87.90,1.71,-1,-1,-1
485,39,1451.68,519.72,67.36,96.31,1.73,-1,-1,-1
485,40,216.58,442.48,61.01,88.12,1.73,-1,-1,-1
486,7,752.45,647.54,86.38,120.52,1.76,-1,-1,-1
486,14,379.83,448.69,40.40,92.60,1.65,-1,-1,-1
486,12,391.50,617.48,51.52,116.15,1.68,-1,-1,-1
486,4,813.46,568.06,51.07,105.15,1.70,-1,-1,-1
486,30,599.12,386.74,47.69,77.38,1.72,-1,-1,-1
486,34,734.85,348.50,33.71,73.68,1.68,-1,-1,-1
486,29,1541.40,707.28,89.10,104.12,1.73,-1,-1,-1
486,28,1265.17,729.27,107.78,129.75,1.75,-1,-1,-1
486,35,1095.54,400.54,62.85,76.80,1.72,-1,-1,-1
486,37,1186.33,440.79,48.85,87.12,1.72,-1,-1,-1
486,39,1442.99,520.69,71.71,95.48,1.75,-1,-1,-1
486,40,203.24,443.65,58.43,88.56,1.73,-1,-1,-1
487,7,751.46,651.34,76.17,119.72,1.74,-1,-1,-1
487,14,364.01,450.23,46.41,93.04,1.68,-1,-1,-1
487,12,385.00,619.73,39.92,116.35,1.63,-1,-1,-1
487,4,813.26,568.10,47.64,106.68,1.69,-1,-1,-1
487,30,584.56,387.92,46.41,77.51,1.73,-1,-1,-1
487,34,719.73,350.08,38.62,73.28,1.70,-1,-1,-1
487,29,1530.52,708.02,114.52,104.89,1.75,-1,-1,-1
487,28,1268.00,731.24,120.23,129.24,1.75,-1,-1,-1
487,35,1080.68,400.76,67.63,76.78,1.72,-1,-1,-1
487,37,1179.74,443.21,44.12,84.81,1.72,-1,-1,-1
487,39,1435.24,521.54,72.84,95.75,1.74,-1,-1,-1
487,40,191.39,445.52,53.52,88.93,1.72,-1,-1,-1
488,7,756.96,655.96,57.39,116.34,1.74,-1,-1,-1
488,14,346.99,452.70,54.78,93.26,1.72,-1,-1,-1
488,12,375.98,621.79,36.00,116.37,1.62,-1,-1,-1
488,4,806.63,568.87,48.75,106.95,1.71,-1,-1,-1
488,30,569.95,389.56,44.73,78.14,1.72,-1,-1,-1
488,34,704.30,352.65,43.30,72.31,1.70,-1,-1,-1
488,29,1529.68,709.00,119.72,106.52,1.74,-1,-1,-1
488,28,1279.10,734.35,113.35,131.90,1.76,-1,-1,-1
488,35,1069.71,401.53,63.04,76.58,1.73,-1,-1,-1
488,37,1175.09,444.96,39.39,84.45,1.71,-1,-1,-1
488,39,1432.81,524.15,66.58,94.66,1.72,-1,-1,-1
488,40,179.90,448.05,46.21,89.03,1.72,-1,-1,-1
489,7,764.91,657.37,44.35,117.82,1.71,-1,-1,-1
489,14,331.61,454.84,60.54,93.52,1.71,-1,-1,-1
489,12,365.58,624.91,34.88,116.30,1.65,-1,-1,-1
489,4,795.60,567.50,53.20,108.34,1.69,-1,-1,-1
489,30,557.61,390.62,42.73,78.60,1.71,-1,-1,-1
489,34,688.44,353.77,43.87,73.13,1.69,-1,-1,-1
489,29,1532.09,711.91,114.78,107.10,1.75,-1,-1,-1
489,28,1295.79,738.24,92.10,131.36,1.74,-1,-1,-1
489,35,1059.44,402.14,62.18,76.78,1.73,-1,-1,-1
489,37,1167.72,445.87,35.15,84.12,1.69,-1,-1,-1
489,39,1432.41,525.63,60.42,93.32,1.73,-1,-1,-1
489,40,168.59,449.25,41.07,90.21,1.71,-1,-1,-1
490,7,763.23,657.90,47.33,118.82,1.71,-1,-1,-1
490,14,317.24,457.12,60.94,93.36,1.73,-1,-1,-1
490,12,351.30,628.23,38.93,115.73,1.65,-1,-1,-1
490,4,780.10,568.21,64.63,107.71,1.72,-1,-1,-1
490,30,546.35,391.62,38.38,79.03,1.71,-1,-1,-1
490,34,672.66,355.16,44.00,73.13,1.70,-1,-1,-1
490,29,1539.70,715.50,101.80,106.54,1.73,-1,-1,-1
490,28,1312.40,739.11,65.98,132.49,1.74,-1,-1,-1
490,35,1051.24,403.62,56.49,75.26,1.71,-1,-1,-1
490,37,1157.42,445.91,41.03,84.17,1.71,-1,-1,-1
490,39,1433.06,525.92,53.79,93.65,1.71,-1,-1,-1
490,40,158.74,450.47,33.12,91.90,1.71,-1,-1,-1
491,7,752.29,658.64,58.12,118.63,1.73,-1,-1,-1
491,14,304.65,457.99,57.81,94.10,1.74,-1,-1,-1
491,12,336.60,631.04,54.82,116.83,1.71,-1,-1,-1
491,4,771.70,568.84,73.46,110.62,1.73,-1,-1,-1
491,30,534.52,392.54,34.29,80.09,1.70,-1,-1,-1
491,34,657.77,356.07,45.52,74.03,1.70,-1,-1,-1
491,29,1552.51,717.06,75.87,104.69,1.74,-1,-1,-1
491,28,1332.90,738.90,51.95,132.88,1.68,-1,-1,-1
491,35,1046.34,405.20,50.19,74.96,1.72,-1,-1,-1
491,37,1144.99,445.71,42.79,86.13,1.72,-1,-1,-1
491,39,1429.94,524.00,49.11,95.77,1.70,-1,-1,-1
491,40,145.47,452.26,31.25,92.47,1.69,-1,-1,-1
491,46,1877.12,308.08,43.65,67.02,1.67,-1,-1,-1
492,7,744.42,660.60,71.29,118.31,1.75,-1,-1,-1
492,14,294.65,459.57,52.40,94.65,1.70,-1,-1,-1
492,12,320.73,636.61,68.44,114.03,1.74,-1,-1,-1
492,4,767.60,571.16,71.66,108.34,1.75,-1,-1,-1
492,30,523.40,393.95,29.85,79.93,1.69,-1,-1,-1
492,34,643.28,358.03,43.48,73.51,1.70,-1,-1,-1
492,29,1563.74,720.26,61.53,103.21,1.72,-1,-1,-1
492,28,1330.09,738.27,68.99,133.49,1.73,-1,-1,-1
492,35,1042.42,407.43,45.45,73.67,1.72,-1,-1,-1
492,37,1133.60,445.96,47.10,86.57,1.73,-1,-1,-1
492,39,1417.46,522.18,54.60,96.93,1.73,-1,-1,-1
492,40,131.53,454.43,34.47,92.36,1.69,-1,-1,-1
492,46,1865.37,310.40,50.31,65.40,1.70,-1,-1,-1
493,7,737.01,663.28,89.65,116.76,1.76,-1,-1,-1
493,14,286.04,460.47,44.18,93.51,1.65,-1,-1,-1
493,12,306.65,639.64,73.87,113.34,1.73,-1,-1,-1
493,4,762.85,573.70,65.47,107.69,1.71,-1,-1,-1
493,30,510.19,395.33,31.93,81.18,1.70,-1,-1,-1
493,34,630.63,358.85,42.16,74.17,1.70,-1,-1,-1
493,29,1573.30,720.86,65.32,105.65,1.72,-1,-1,-1
493,28,1326.93,738.72,83.22,127.15,1.74,-1,-1,-1
493,35,1035.67,407.34,43.57,74.47,1.71,-1,-1,-1
493,37,1122.82,446.65,51.92,87.16,1.73,-1,-1,-1
493,39,1407.62,521.39,60.63,97.25,1.72,-1,-1,-1
493,40,116.85,456.76,42.69,92.93,1.71,-1,-1,-1
493,46,1854.98,310.81,46.48,64.84,1.69,-1,-1,-1
494,7,734.68,666.00,93.78,116.98,1.76,-1,-1,-1
494,14,279.08,461.14,37.25,93.63,1.65,-1,-1,-1
494,12,293.43,643.32,72.04,113.23,1.72,-1,-1,-1
494,4,765.44,576.80,51.29,104.39,1.71,-1,-1,-1
494,30,496.89,396.56,32.08,81.80,1.69,-1,-1,-1
494,34,618.67,359.71,40.03,74.21,1.70,-1,-1,-1
494,29,1563.89,721.65,78.52,108.59,1.74,-1,-1,-1
494,28,1323.78,740.52,107.36,133.86,1.75,-1,-1,-1
494,35,1024.04,407.08,48.34,75.84,1.72,-1,-1,-1
494,37,1114.58,447.49,52.30,86.67,1.73,-1,-1,-1
494,39,1399.11,520.31,63.96,96.19,1.73,-1,-1,-1
494,40,100.62,458.26,54.71,94.03,1.71,-1,-1,-1
494,46,1845.52,309.89,44.83,65.57,1.68,-1,-1,-1
495,7,736.40,670.43,86.09,114.73,1.75,-1,-1,-1
495,14,273.56,460.89,29.72,94.83,1.66,-1,-1,-1
495,12,283.76,645.47,66.66,112.83,1.72,-1,-1,-1
495,4,768.26,576.84,47.32,107.24,1.71,-1,-1,-1
495,30,484.05,398.16,33.58,81.95,1.70,-1,-1,-1
495,34,608.21,360.05,36.92,74.67,1.68,-1,-1,-1
495,29,1558.11,722.23,84.26,109.52,1.74,-1,-1,-1
495,28,1327.50,743.41,120.63,128.47,1.76,-1,-1,-1
495,35,1014.13,406.71,51.19,76.81,1.72,-1,-1,-1
495,37,1107.07,448.99,50.41,85.85,1.73,-1,-1,-1
495,39,1392.95,520.32,70.70,95.96,1.73,-1,-1,-1
495,40,84.22,460.38,63.14,93.95,1.73,-1,-1,-1
495,46,1837.84,308.74,40.07,67.17,1.68,-1,-1,-1
496,7,743.99,672.53,65.73,113.80,1.75,-1,-1,-1
496,14,264.20,461.23,27.54,95.37,1.62,-1,-1,-1
496,12,276.91,646.47,60.21,114.42,1.72,-1,-1,-1
496,4,763.83,576.15,51.07,108.07,1.71,-1,-1,-1
496,30,471.66,399.10,34.39,81.83,1.70,-1,-1,-1
496,34,598.81,360.95,32.58,74.50,1.66,-1,-1,-1
496,29,1555.69,722.79,88.95,114.23,1.75,-1,-1,-1
496,28,1335.45,745.49,120.55,127.61,1.76,-1,-1,-1
496,35,1004.77,406.12,57.04,75.77,1.74,-1,-1,-1
496,37,1101.60,449.82,45.13,85.91,1.71,-1,-1,-1
496,39,1389.53,520.99,68.07,95.63,1.73,-1,-1,-1
496,40,69.16,461.43,66.57,94.91,1.71,-1,-1,-1
496,46,1825.13,308.09,41.47,68.20,1.67,-1,-1,-1
497,7,751.50,672.97,47.76,114.34,1.73,-1,-1,-1
497,14,250.26,462.93,35.97,93.81,1.67,-1,-1,-1
497,12,271.88,648.35,50.96,114.20,1.71,-1,-1,-1
497,4,754.26,574.60,54.42,110.28,1.73,-1,-1,-1
497,30,458.94,400.57,36.86,81.27,1.71,-1,-1,-1
497,34,589.56,361.49,27.58,74.42,1.66,-1,-1,-1
497,29,1562.81,724.71,70.08,111.81,1.73,-1,-1,-1
497,28,1349.38,750.04,104.47,124.75,1.76,-1,-1,-1
497,35,997.41,406.05,60.35,75.56,1.74,-1,-1,-1
497,37,1098.30,450.53,43.52,85.37,1.72,-1,-1,-1
497,39,1388.46,521.88,61.61,95.74,1.73,-1,-1,-1
497,40,53.86,463.61,67.92,95.02,1.72,-1,-1,-1
497,46,1811.37,306.89,43.35,69.80,1.70,-1,-1,-1
498,7,751.01,674.61,48.21,115.48,1.72,-1,-1,-1
498,14,236.36,464.12,47.05,92.77,1.71,-1,-1,-1
498,12,267.17,649.82,42.44,114.21,1.67,-1,-1,-1
498,4,744.92,572.96,60.38,111.47,1.73,-1,-1,-1
498,30,446.53,401.97,40.75,80.89,1.69,-1,-1,-1
498,34,580.04,361.91,24.71,75.20,1.63,-1,-1,-1
498,29,1570.92,726.48,61.34,109.40,1.73,-1,-1,-1
498,28,1368.75,749.64,71.87,124.20,1.74,-1,-1,-1
498,35,993.53,407.19,55.99,75.59,1.73,-1,-1,-1
498,37,1096.08,450.54,38.96,85.33,1.71,-1,-1,-1
498,39,1388.06,522.46,58.05,94.46,1.72,-1,-1,-1
498,40,39.17,463.73,68.87,95.82,1.72,-1,-1,-1
498,46,1798.38,306.22,42.45,70.20,1.69,-1,-1,-1
499,7,744.53,675.13,53.56,120.59,1.73,-1,-1,-1
499,14,223.19,465.96,57.33,92.47,1.72,-1,-1,-1
499,12,258.67,651.33,37.40,116.50,1.67,-1,-1,-1
499,4,737.46,573.15,70.74,108.86,1.75,-1,-1,-1
499,30,434.09,403.26,42.06,80.76,1.71,-1,-1,-1
499,34,569.18,362.93,23.24,75.37,1.63,-1,-1,-1
499,29,1575.45,724.86,52.08,110.66,1.72,-1,-1,-1
499,28,1382.18,748.66,66.94,124.04,1.74,-1,-1,-1
499,35,991.79,408.53,47.56,75.12,1.72,-1,-1,-1
499,37,1090.07,449.95,38.43,86.10,1.71,-1,-1,-1
499,39,1388.93,521.32,52.64,94.82,1.71,-1,-1,-1
499,40,31.97,465.56,60.33,95.08,1.74,-1,-1,-1
499,46,1784.95,306.34,43.03,69.98,1.70,-1,-1,-1
500,7,741.65,677.31,65.57,116.80,1.74,-1,-1,-1
500,14,209.30,468.07,63.53,91.09,1.72,-1,-1,-1
500,12,248.07,653.12,43.03,118.12,1.69,-1,-1,-1
500,4,733.52,574.54,73.18,106.57,1.76,-1,-1,-1
500,30,422.59,404.15,41.88,81.83,1.72,-1,-1,-1
500,34,557.58,363.85,23.14,75.70,1.61,-1,-1,-1
500,29,1570.01,723.04,52.10,111.47,1.72,-1,-1,-1
500,28,1381.62,748.44,71.41,123.58,1.74,-1,-1,-1
500,35,991.42,409.56,42.18,74.87,1.71,-1,-1,-1
500,37,1079.95,448.93,39.95,87.83,1.73,-1,-1,-1
500,39,1388.77,520.51,48.22,95.41,1.71,-1,-1,-1
500,40,23.67,466.46,52.67,94.65,1.72,-1,-1,-1
500,46,1770.79,306.88,45.21,69.92,1.70,-1,-1,-1
501,7,739.48,678.91,74.25,116.10,1.75,-1,-1,-1
501,14,195.56,468.83,67.26,92.75,1.73,-1,-1,-1
501,12,237.73,655.20,48.91,121.00,1.67,-1,-1,-1
501,4,730.78,576.88,66.71,106.18,1.74,-1,-1,-1
501,30,410.00,405.42,41.34,81.67,1.72,-1,-1,-1
501,34,545.99,364.90,26.04,75.29,1.65,-1,-1,-1
501,29,1559.55,720.53,72.31,112.71,1.75,-1,-1,-1
501,28,1383.53,746.73,79.98,123.99,1.75,-1,-1,-1
501,35,990.84,408.88,39.37,75.77,1.70,-1,-1,-1
501,37,1070.24,448.58,42.81,89.70,1.72,-1,-1,-1
501,39,1374.91,519.10,56.41,96.12,1.72,-1,-1,-1
501,40,15.27,466.00,45.62,95.22,1.70,-1,-1,-1
501,46,1760.39,308.08,42.17,69.01,1.70,-1,-1,-1
502,7,737.71,682.54,74.55,117.01,1.75,-1,-1,-1
502,14,186.06,470.13,67.33,92.06,1.74,-1,-1,-1
502,12,229.21,658.60,51.54,120.17,1.68,-1,-1,-1
502,4,731.74,577.84,55.61,105.58,1.73,-1,-1,-1
502,30,399.77,405.60,39.70,82.82,1.72,-1,-1,-1
502,34,534.33,365.60,30.82,75.24,1.66,-1,-1,-1
502,29,1555.12,718.89,79.97,112.92,1.74,-1,-1,-1
502,28,1388.16,746.14,78.93,128.36,1.74,-1,-1,-1
502,35,980.88,408.25,43.42,76.31,1.72,-1,-1,-1
502,37,1060.88,448.54,44.21,88.87,1.71,-1,-1,-1
502,39,1367.38,517.29,58.67,97.14,1.73,-1,-1,-1
502,40,7.47,466.37,38.83,95.01,1.69,-1,-1,-1
502,46,1749.92,309.61,41.66,66.97,1.67,-1,-1,-1
503,7,738.61,685.44,65.38,115.81,1.73,-1,-1,-1
503,14,177.24,471.05,62.05,91.94,1.71,-1,-1,-1
503,12,216.26,660.45,59.61,120.91,1.68,-1,-1,-1
503,4,735.57,577.70,45.84,106.03,1.71,-1,-1,-1
503,30,390.17,406.60,39.42,82.93,1.71,-1,-1,-1
503,34,522.11,366.10,37.12,75.40,1.64,-1,-1,-1
503,29,1556.93,717.80,72.82,113.21,1.74,-1,-1,-1
503,28,1394.08,748.24,67.68,128.33,1.71,-1,-1,-1
503,35,970.98,407.66,49.05,78.08,1.72,-1,-1,-1
503,37,1053.09,448.78,49.90,88.99,1.73,-1,-1,-1
503,39,1359.64,517.60,65.01,96.07,1.73,-1,-1,-1
503,46,1741.51,310.14,38.73,66.18,1.66,-1,-1,-1
504,7,740.67,687.21,52.47,114.11,1.72,-1,-1,-1
504,14,174.64,472.08,51.27,90.91,1.72,-1,-1,-1
504,12,207.84,664.81,62.13,118.69,1.72,-1,-1,-1
504,4,737.85,577.11,40.09,107.73,1.71,-1,-1,-1
504,30,380.35,407.93,35.73,81.95,1.70,-1,-1,-1
504,34,511.08,367.95,32.27,73.26,1.59,-1,-1,-1
504,29,1564.05,716.53,52.51,111.64,1.71,-1,-1,-1
504,28,1400.36,749.54,72.89,126.03,1.75,-1,-1,-1
504,35,963.95,407.89,53.20,78.11,1.73,-1,-1,-1
504,37,1047.01,450.04,48.52,87.27,1.72,-1,-1,-1
504,39,1352.93,518.01,70.75,93.26,1.73,-1,-1,-1
504,46,1732.92,311.31,35.55,65.01,1.62,-1,-1,-1
505,7,738.76,687.96,53.46,114.20,1.71,-1,-1,-1
505,14,167.53,471.57,45.33,92.10,1.71,-1,-1,-1
505,12,195.68,667.29,64.30,118.17,1.69,-1,-1,-1
505,4,730.32,575.67,46.18,110.20,1.70,-1,-1,-1
505,30,368.98,408.05,37.96,82.17,1.70,-1,-1,-1
505,34,498.09,368.47,42.59,73.40,1.68,-1,-1,-1
505,29,1568.40,715.31,45.65,111.25,1.70,-1,-1,-1
505,28,1402.54,748.92,84.74,123.02,1.75,-1,-1,-1
505,35,955.60,407.82,61.45,77.73,1.74,-1,-1,-1
505,37,1042.39,451.09,41.28,85.75,1.71,-1,-1,-1
505,39,1350.16,519.35,66.12,94.46,1.73,-1,-1,-1
505,46,1725.36,309.63,30.77,65.52,1.64,-1,-1,-1
506,7,735.39,685.65,62.72,116.27,1.74,-1,-1,-1
506,14,164.11,471.02,35.24,93.23,1.69,-1,-1,-1
506,12,187.66,667.89,64.73,119.45,1.68,-1,-1,-1
506,4,720.32,573.32,51.59,111.84,1.71,-1,-1,-1
506,30,357.26,408.30,38.39,82.62,1.71,-1,-1,-1
506,34,485.19,369.14,43.07,73.83,1.69,-1,-1,-1
506,29,1566.65,713.97,46.92,111.93,1.69,-1,-1,-1
506,28,1401.73,748.44,89.44,109.89,1.73,-1,-1,-1
506,35,951.80,408.85,60.15,76.75,1.74,-1,-1,-1
506,37,1040.01,451.24,35.40,85.10,1.71,-1,-1,-1
506,39,1347.81,520.29,64.14,92.30,1.71,-1,-1,-1
506,46,1712.39,308.09,30.17,65.98,1.66,-1,-1,-1
507,7,731.04,683.87,66.37,118.63,1.74,-1,-1,-1
507,14,158.48,470.93,27.63,94.54,1.67,-1,-1,-1
507,12,179.02,670.71,61.90,117.75,1.69,-1,-1,-1
507,4,713.45,572.18,61.04,111.93,1.73,-1,-1,-1
507,30,345.14,409.19,38.67,82.24,1.71,-1,-1,-1
507,34,473.07,369.29,44.47,74.80,1.70,-1,-1,-1
507,29,1559.42,712.00,51.11,112.74,1.72,-1,-1,-1
507,28,1399.35,746.32,93.96,111.24,1.74,-1,-1,-1
507,35,947.34,409.87,55.39,77.26,1.74,-1,-1,-1
507,37,1037.48,451.00,32.69,85.45,1.70,-1,-1,-1
507,39,1349.60,519.60,57.53,92.52,1.72,-1,-1,-1
507,46,1697.68,306.53,31.40,67.07,1.69,-1,-1,-1
508,7,726.76,683.04,63.35,119.88,1.75,-1,-1,-1
508,14,149.07,471.60,28.54,95.03,1.66,-1,-1,-1
508,12,174.58,670.78,55.75,119.57,1.68,-1,-1,-1
508,4,708.71,572.46,68.61,110.97,1.74,-1,-1,-1
508,30,335.61,409.59,37.88,82.93,1.70,-1,-1,-1
508,34,463.89,370.54,41.95,74.96,1.70,-1,-1,-1
508,29,1550.27,711.29,58.02,113.22,1.73,-1,-1,-1
508,28,1392.43,745.01,97.66,112.56,1.73,-1,-1,-1
508,35,947.69,410.67,43.83,76.37,1.72,-1,-1,-1
508,37,1030.38,449.99,34.07,86.93,1.69,-1,-1,-1
508,39,1351.11,517.61,49.18,94.54,1.71,-1,-1,-1
508,46,1685.65,306.22,32.18,66.61,1.68,-1,-1,-1
509,7,719.84,682.43,63.71,123.14,1.74,-1,-1,-1
509,14,139.52,472.26,41.16,96.43,1.72,-1,-1,-1
509,12,170.97,671.39,53.04,120.69,1.69,-1,-1,-1
509,4,706.85,573.17,68.58,109.11,1.74,-1,-1,-1
509,30,326.20,410.66,40.52,83.18,1.71,-1,-1,-1
509,34,457.23,371.18,38.24,75.00,1.70,-1,-1,-1
509,29,1545.99,711.89,62.66,111.95,1.74,-1,-1,-1
509,28,1391.65,744.42,94.95,118.91,1.75,-1,-1,-1
509,35,949.60,410.73,36.19,76.57,1.70,-1,-1,-1
509,37,1023.06,449.19,37.40,87.12,1.72,-1,-1,-1
509,39,1349.05,515.16,47.10,97.52,1.68,-1,-1,-1
509,46,1674.59,305.88,37.60,67.17,1.69,-1,-1,-1
510,7,715.00,683.38,59.47,126.21,1.74,-1,-1,-1
510,14,129.63,473.69,52.26,95.96,1.74,-1,-1,-1
510,12,167.41,671.70,47.16,121.32,1.68,-1,-1,-1
510,4,708.16,576.03,59.22,106.59,1.73,-1,-1,-1
510,30,319.72,411.46,38.87,83.40,1.71,-1,-1,-1
510,34,452.99,371.34,32.25,75.03,1.68,-1,-1,-1
510,29,1546.72,712.33,69.59,109.57,1.73,-1,-1,-1
510,28,1393.34,744.24,87.22,119.99,1.76,-1,-1,-1
510,35,952.08,409.90,30.76,77.84,1.68,-1,-1,-1
510,37,1017.26,448.87,39.17,87.45,1.72,-1,-1,-1
510,39,1343.94,513.56,49.12,97.22,1.72,-1,-1,-1
510,46,1665.24,306.20,39.73,66.86,1.71,-1,-1,-1
511,7,713.33,684.02,51.71,129.88,1.73,-1,-1,-1
511,14,120.63,474.93,60.79,96.42,1.74,-1,-1,-1
511,12,161.97,672.77,45.38,119.42,1.70,-1,-1,-1
511,4,713.22,576.89,50.26,104.86,1.72,-1,-1,-1
511,30,312.20,412.27,44.23,83.00,1.72,-1,-1,-1
511,34,446.85,371.54,30.84,75.09,1.66,-1,-1,-1
511,29,1552.37,713.43,78.16,108.05,1.74,-1,-1,-1
511,28,1399.56,742.38,73.14,121.34,1.75,-1,-1,-1
511,35,946.42,408.14,35.36,79.28,1.70,-1,-1,-1
511,37,1011.56,448.47,48.36,87.96,1.72,-1,-1,-1
511,39,1338.17,511.80,54.52,98.25,1.72,-1,-1,-1
511,46,1655.97,305.85,42.44,67.87,1.70,-1,-1,-1
512,7,712.71,686.55,44.83,129.82,1.71,-1,-1,-1
512,14,111.15,476.16,66.76,96.35,1.73,-1,-1,-1
512,12,156.68,675.06,47.70,120.73,1.67,-1,-1,-1
512,4,718.36,576.25,47.52,107.20,1.71,-1,-1,-1
512,30,303.92,413.25,47.45,83.20,1.73,-1,-1,-1
512,34,444.86,371.89,24.11,75.03,1.63,-1,-1,-1
512,29,1559.89,714.56,80.22,105.54,1.74,-1,-1,-1
512,28,1407.37,740.30,58.11,123.20,1.75,-1,-1,-1
512,35,940.83,407.57,41.56,80.60,1.72,-1,-1,-1
512,37,1006.98,448.84,49.22,88.16,1.73,-1,-1,-1
512,39,1334.84,511.63,59.06,95.97,1.73,-1,-1,-1
512,46,1648.28,307.31,40.96,66.40,1.68,-1,-1,-1
513,7,715.46,689.12,37.53,128.28,1.70,-1,-1,-1
513,14,102.61,476.95,67.90,96.90,1.74,-1,-1,-1
513,12,149.47,678.66,56.72,120.66,1.69,-1,-1,-1
513,4,721.56,575.43,43.38,107.61,1.71,-1,-1,-1
513,30,296.54,415.47,48.02,82.26,1.73,-1,-1,-1
513,34,437.64,372.33,26.17,76.06,1.60,-1,-1,-1
513,29,1551.86,715.30,88.70,105.13,1.75,-1,-1,-1
513,28,1408.19,737.81,51.23,125.05,1.73,-1,-1,-1
513,35,934.74,406.98,50.09,81.71,1.73,-1,-1,-1
513,37,1003.07,449.86,45.96,87.54,1.72,-1,-1,-1
513,39,1333.19,512.51,60.21,95.48,1.72,-1,-1,-1
513,46,1638.03,307.95,41.51,65.42,1.70,-1,-1,-1
514,7,715.30,689.37,40.20,131.82,1.71,-1,-1,-1
514,14,95.59,478.55,67.00,97.05,1.75,-1,-1,-1
514,12,140.01,681.20,66.00,121.15,1.70,-1,-1,-1
514,4,714.00,572.88,50.07,111.44,1.71,-1,-1,-1
514,30,288.45,416.72,47.99,82.55,1.72,-1,-1,-1
514,34,429.40,372.99,27.64,75.54,1.61,-1,-1,-1
514,29,1543.94,714.93,93.82,103.79,1.74,-1,-1,-1
514,28,1403.47,734.26,54.57,127.98,1.73,-1,-1,-1
514,35,930.64,407.59,54.73,81.37,1.74,-1,-1,-1
514,37,1001.84,451.62,39.37,85.84,1.72,-1,-1,-1
514,39,1333.64,514.66,57.00,93.64,1.72,-1,-1,-1
514,46,1629.59,308.44,40.42,65.26,1.70,-1,-1,-1
515,7,713.25,690.61,45.38,131.62,1.73,-1,-1,-1
515,14,90.13,479.18,63.13,96.51,1.73,-1,-1,-1
515,12,128.06,684.19,71.86,123.59,1.71,-1,-1,-1
515,4,709.24,572.50,52.62,111.25,1.72,-1,-1,-1
515,30,280.56,418.50,47.18,82.06,1.72,-1,-1,-1
515,34,422.92,374.28,32.86,77.54,1.67,-1,-1,-1
515,29,1537.21,714.58,94.70,105.76,1.74,-1,-1,-1
515,28,1400.58,731.78,56.83,129.37,1.73,-1,-1,-1
515,35,927.93,408.42,54.51,82.21,1.74,-1,-1,-1
515,37,1001.90,452.83,38.10,85.68,1.72,-1,-1,-1
515,39,1335.73,515.60,55.09,92.40,1.73,-1,-1,-1
515,46,1622.12,308.55,40.75,65.96,1.70,-1,-1,-1
516,7,710.66,691.45,50.98,130.99,1.73,-1,-1,-1
516,14,89.64,480.33,52.63,95.58,1.74,-1,-1,-1
516,12,122.96,688.39,67.10,121.01,1.73,-1,-1,-1
516,4,704.70,572.67,63.44,110.89,1.72,-1,-1,-1
516,30,272.19,420.50,45.73,80.86,1.72,-1,-1,-1
516,34,415.89,375.96,38.36,76.19,1.70,-1,-1,-1
516,29,1536.30,715.40,91.85,106.87,1.74,-1,-1,-1
516,28,1398.24,731.78,59.83,128.29,1.70,-1,-1,-1
516,35,927.09,410.79,49.08,81.56,1.73,-1,-1,-1
516,37,1002.09,454.20,36.43,84.16,1.72,-1,-1,-1
516,39,1338.58,516.45,51.29,92.09,1.72,-1,-1,-1
516,46,1617.46,308.95,37.76,66.39,1.70,-1,-1,-1
517,7,709.71,694.09,55.01,130.30,1.73,-1,-1,-1
517,14,88.94,481.13,45.21,95.43,1.72,-1,-1,-1
517,12,114.74,691.15,67.56,122.82,1.72,-1,-1,-1
517,4,703.46,575.25,64.95,107.16,1.72,-1,-1,-1
517,30,264.40,422.15,44.16,81.92,1.72,-1,-1,-1
517,34,406.50,377.62,43.42,76.66,1.70,-1,-1,-1
517,29,1539.49,716.29,83.30,108.69,1.73,-1,-1,-1
517,28,1398.18,732.56,61.38,130.17,1.73,-1,-1,-1
517,35,928.38,412.93,40.77,81.64,1.71,-1,-1,-1
517,37,1000.02,454.58,36.96,87.08,1.72,-1,-1,-1
517,39,1343.00,516.48,46.18,93.09,1.72,-1,-1,-1
517,46,1614.33,309.57,33.79,66.33,1.69,-1,-1,-1
518,7,711.53,698.30,48.62,127.05,1.73,-1,-1,-1
518,14,89.27,481.79,37.38,97.04,1.69,-1,-1,-1
518,12,113.69,692.79,59.71,122.75,1.71,-1,-1,-1
518,4,703.56,578.30,61.82,106.33,1.73,-1,-1,-1
518,30,257.76,424.37,43.13,82.32,1.71,-1,-1,-1
518,34,399.66,379.18,46.90,76.35,1.71,-1,-1,-1
518,29,1547.54,718.46,69.80,107.56,1.73,-1,-1,-1
518,28,1398.32,734.42,59.33,129.05,1.73,-1,-1,-1
518,35,930.60,415.00,38.35,80.94,1.70,-1,-1,-1
518,37,993.99,455.15,38.61,88.17,1.72,-1,-1,-1
518,39,1337.17,517.00,51.21,94.27,1.71,-1,-1,-1
518,46,1611.20,309.16,31.51,68.63,1.67,-1,-1,-1
519,7,715.28,702.25,38.74,125.80,1.70,-1,-1,-1
519,14,88.68,483.81,31.55,96.95,1.69,-1,-1,-1
519,12,110.88,694.25,54.38,124.75,1.70,-1,-1,-1
519,4,705.63,581.35,54.03,104.90,1.72,-1,-1,-1
519,30,253.37,426.13,37.90,82.39,1.70,-1,-1,-1
519,34,392.12,382.64,47.47,75.46,1.71,-1,-1,-1
519,29,1557.72,720.76,58.75,107.18,1.73,-1,-1,-1
519,28,1397.16,738.21,64.72,127.65,1.73,-1,-1,-1
519,35,931.66,416.14,37.03,81.72,1.70,-1,-1,-1
519,37,988.55,455.47,39.66,88.63,1.71,-1,-1,-1
519,39,1332.39,517.96,53.31,95.62,1.72,-1,-1,-1
519,46,1606.70,310.87,30.23,68.10,1.66,-1,-1,-1
520,7,719.28,705.45,37.34,124.64,1.71,-1,-1,-1
520,14,83.05,486.11,32.61,96.70,1.68,-1,-1,-1
520,12,113.30,697.23,43.65,124.89,1.69,-1,-1,-1
520,4,711.39,583.99,45.23,104.23,1.70,-1,-1,-1
520,30,248.80,428.31,36.83,82.53,1.70,-1,-1,-1
520,34,384.55,384.50,47.24,75.90,1.71,-1,-1,-1
520,29,1567.41,721.89,50.03,107.34,1.72,-1,-1,-1
520,28,1397.14,739.46,69.57,125.99,1.75,-1,-1,-1
520,35,929.21,416.78,37.96,84.14,1.71,-1,-1,-1
520,37,982.86,456.38,46.08,88.56,1.72,-1,-1,-1
520,39,1327.24,518.50,57.98,95.44,1.71,-1,-1,-1
520,46,1599.48,313.74,30.55,67.29,1.67,-1,-1,-1
521,7,715.86,706.93,42.30,124.82,1.73,-1,-1,-1
521,14,76.18,488.59,41.23,96.70,1.71,-1,-1,-1
521,12,110.21,698.96,38.99,126.29,1.67,-1,-1,-1
521,4,715.63,584.33,37.01,105.65,1.69,-1,-1,-1
521,30,241.29,431.18,35.28,82.37,1.68,-1,-1,-1
521,34,377.09,385.69,46.66,76.36,1.71,-1,-1,-1
521,29,1567.19,721.61,52.93,108.08,1.71,-1,-1,-1
521,28,1395.92,740.16,71.52,124.50,1.75,-1,-1,-1
521,35,922.50,418.09,41.28,84.62,1.71,-1,-1,-1
521,37,976.58,458.29,47.46,87.20,1.72,-1,-1,-1
521,39,1321.96,520.51,64.15,93.47,1.73,-1,-1,-1
521,46,1589.90,315.51,31.75,66.53,1.67,-1,-1,-1
521,47,1821.71,719.21,63.77,137.16,1.48,-1,-1,-1
522,7,706.34,707.28,49.69,127.60,1.73,-1,-1,-1
522,14,64.77,491.79,55.18,95.90,1.72,-1,-1,-1
522,12,102.73,701.92,41.48,129.99,1.68,-1,-1,-1
522,4,715.66,583.93,35.62,106.88,1.65,-1,-1,-1
522,30,232.42,433.11,37.20,82.87,1.68,-1,-1,-1
522,34,370.40,387.06,43.33,76.97,1.70,-1,-1,-1
522,29,1559.14,719.73,62.04,111.65,1.74,-1,-1,-1
522,28,1392.06,740.90,71.01,121.71,1.75,-1,-1,-1
522,35,915.37,419.25,45.27,84.84,1.72,-1,-1,-1
522,37,971.75,461.29,43.99,86.46,1.72,-1,-1,-1
522,39,1319.33,523.41,62.88,92.57,1.74,-1,-1,-1
522,46,1580.37,317.42,33.81,66.24,1.67,-1,-1,-1
522,47,1807.09,719.02,74.55,131.40,1.52,-1,-1,-1
523,7,699.03,706.79,59.78,128.67,1.73,-1,-1,-1
523,14,53.12,493.87,64.49,96.45,1.72,-1,-1,-1
523,12,94.51,705.46,46.38,131.29,1.68,-1,-1,-1
523,4,705.05,583.69,44.92,110.98,1.69,-1,-1,-1
523,30,222.85,435.42,38.05,84.30,1.69,-1,-1,-1
523,34,363.50,388.60,40.54,76.97,1.69,-1,-1,-1
523,29,1550.59,717.63,71.69,114.11,1.74,-1,-1,-1
523,28,1384.90,741.01,70.70,122.11,1.76,-1,-1,-1
523,35,908.77,421.88,51.58,83.45,1.73,-1,-1,-1
523,37,968.99,463.82,37.85,85.29,1.72,-1,-1,-1
523,39,1317.72,526.39,58.86,91.82,1.73,-1,-1,-1
523,46,1567.60,319.17,37.44,65.78,1.69,-1,-1,-1
523,47,1805.70,719.22,71.74,128.96,1.33,-1,-1,-1
524,7,692.05,707.90,68.52,129.87,1.74,-1,-1,-1
524,14,42.03,497.39,68.99,94.85,1.72,-1,-1,-1
524,12,87.36,708.83,48.46,132.08,1.69,-1,-1,-1
524,4,697.89,583.64,54.95,111.77,1.71,-1,-1,-1
524,30,212.69,437.63,40.52,85.00,1.71,-1,-1,-1
524,34,357.89,390.27,34.94,77.37,1.68,-1,-1,-1
524,29,1544.38,717.02,77.10,114.28,1.74,-1,-1,-1
524,28,1378.11,741.81,65.22,122.05,1.74,-1,-1,-1
524,35,903.21,424.31,53.56,83.42,1.73,-1,-1,-1
524,37,966.89,465.89,34.08,84.80,1.72,-1,-1,-1
524,39,1318.65,527.87,54.14,91.36,1.73,-1,-1,-1
524,46,1558.14,321.34,36.68,64.07,1.67,-1,-1,-1
525,7,685.72,709.39,71.46,130.44,1.74,-1,-1,-1
525,14,31.39,499.83,69.99,94.75,1.74,-1,-1,-1
525,12,77.38,712.94,55.98,131.95,1.70,-1,-1,-1
525,4,692.05,584.55,64.25,110.21,1.71,-1,-1,-1
525,30,202.30,439.94,41.39,85.49,1.70,-1,-1,-1
525,34,351.37,391.18,30.73,77.46,1.66,-1,-1,-1
525,29,1541.37,716.02,79.24,111.27,1.73,-1,-1,-1
525,28,1369.54,741.94,63.09,121.81,1.74,-1,-1,-1
525,35,898.68,426.79,49.50,83.65,1.73,-1,-1,-1
525,37,964.46,466.75,31.81,84.77,1.68,-1,-1,-1
525,39,1319.88,528.76,48.48,90.81,1.72,-1,-1,-1
525,46,1546.74,322.62,38.07,63.72,1.69,-1,-1,-1
526,7,680.57,711.96,69.59,131.62,1.75,-1,-1,-1
526,14,21.52,501.64,69.86,95.44,1.73,-1,-1,-1
526,12,60.55,716.28,68.64,133.58,1.70,-1,-1,-1
526,4,688.24,586.69,64.46,109.11,1.72,-1,-1,-1
526,30,192.48,442.57,41.65,85.37,1.70,-1,-1,-1
526,34,345.05,393.21,25.07,77.05,1.63,-1,-1,-1
526,29,1541.79,716.80,75.28,104.27,1.73,-1,-1,-1
526,28,1360.92,741.86,61.80,122.08,1.75,-1,-1,-1
526,35,896.60,428.34,41.01,82.54,1.72,-1,-1,-1
526,37,959.55,467.03,33.01,84.85,1.70,-1,-1,-1
526,39,1320.12,528.23,43.24,91.32,1.70,-1,-1,-1
526,46,1535.59,322.88,39.29,64.41,1.69,-1,-1,-1
527,7,678.06,715.42,62.48,131.36,1.74,-1,-1,-1
527,14,15.19,503.17,64.25,95.47,1.73,-1,-1,-1
527,12,53.75,720.50,68.05,132.45,1.70,-1,-1,-1
527,4,686.47,588.89,57.80,106.42,1.71,-1,-1,-1
527,30,182.83,445.66,42.54,84.27,1.72,-1,-1,-1
527,34,336.08,395.00,26.06,77.43,1.65,-1,-1,-1
527,29,1545.98,716.58,70.91,102.81,1.73,-1,-1,-1
527,28,1353.11,741.99,59.60,123.08,1.74,-1,-1,-1
527,35,895.60,429.77,36.35,82.22,1.69,-1,-1,-1
527,37,950.47,466.42,37.08,87.03,1.71,-1,-1,-1
527,39,1312.84,526.60,46.48,93.01,1.70,-1,-1,-1
527,46,1526.31,323.97,38.52,64.65,1.68,-1,-1,-1
528,7,680.14,719.77,54.89,127.92,1.74,-1,-1,-1
528,14,9.87,504.60,58.33,95.82,1.73,-1,-1,-1
528,12,47.09,724.96,64.17,130.31,1.73,-1,-1,-1
528,4,687.67,591.73,47.64,103.67,1.71,-1,-1,-1
528,30,174.26,448.63,42.82,84.53,1.72,-1,-1,-1
528,34,327.40,397.33,30.30,76.77,1.67,-1,-1,-1
528,29,1556.01,716.15,61.05,102.83,1.69,-1,-1,-1
528,28,1345.65,741.67,58.70,124.08,1.74,-1,-1,-1
528,35,895.28,431.12,31.05,81.58,1.69,-1,-1,-1
528,37,943.50,466.94,39.88,87.49,1.71,-1,-1,-1
528,39,1305.69,526.70,50.90,93.89,1.71,-1,-1,-1
528,46,1516.96,325.38,38.31,64.82,1.68,-1,-1,-1
528,47,1783.99,715.76,71.63,127.43,1.13,-1,-1,-1
529,7,685.14,721.99,50.51,127.96,1.72,-1,-1,-1
529,14,7.20,506.14,50.28,97.32,1.73,-1,-1,-1
529,12,41.21,727.22,60.44,131.42,1.72,-1,-1,-1
529,4,689.38,591.84,43.62,105.82,1.69,-1,-1,-1
529,30,165.69,451.44,42.89,84.14,1.72,-1,-1,-1
529,34,319.84,399.60,33.07,76.74,1.68,-1,-1,-1
529,29,1556.66,715.16,62.07,107.66,1.71,-1,-1,-1
529,28,1337.75,742.11,56.30,125.01,1.73,-1,-1,-1
529,35,891.80,431.80,29.94,82.40,1.66,-1,-1,-1
529,37,936.21,467.22,42.76,88.95,1.71,-1,-1,-1
529,39,1298.95,526.76,53.72,95.55,1.72,-1,-1,-1
529,46,1508.40,326.42,37.34,65.14,1.66,-1,-1,-1
530,7,690.75,722.61,46.66,129.51,1.70,-1,-1,-1
530,14,7.12,507.36,38.95,98.22,1.71,-1,-1,-1
530,12,39.69,730.61,51.28,130.31,1.69,-1,-1,-1
530,4,693.06,591.53,40.75,106.17,1.69,-1,-1,-1
530,30,158.21,453.45,41.78,84.14,1.72,-1,-1,-1
530,34,310.98,401.75,40.07,76.39,1.71,-1,-1,-1
530,29,1550.94,713.66,67.52,110.34,1.74,-1,-1,-1
530,28,1330.90,742.87,54.17,125.21,1.72,-1,-1,-1
530,35,883.70,431.92,33.67,83.91,1.69,-1,-1,-1
530,37,930.24,468.69,44.80,88.36,1.71,-1,-1,-1
530,39,1295.27,527.76,60.04,95.24,1.71,-1,-1,-1
530,46,1502.60,326.28,33.60,66.25,1.67,-1,-1,-1
530,48,106.22,481.44,29.32,90.25,0.97,-1,-1,-1
531,7,687.39,721.96,52.29,131.73,1.73,-1,-1,-1
531,14,4.75,507.49,32.90,100.33,1.70,-1,-1,-1
531,12,39.89,732.24,42.74,131.61,1.66,-1,-1,-1
531,4,691.04,591.07,41.06,108.91,1.69,-1,-1,-1
531,30,151.70,455.49,40.27,85.28,1.73,-1,-1,-1
531,34,302.59,403.85,43.50,75.87,1.70,-1,-1,-1
531,29,1550.80,713.83,67.13,111.34,1.73,-1,-1,-1
531,28,1323.15,743.66,53.70,125.17,1.73,-1,-1,-1
531,35,876.70,431.80,42.05,85.42,1.70,-1,-1,-1
531,37,927.35,470.66,41.09,86.10,1.72,-1,-1,-1
531,39,1292.34,529.74,63.35,94.04,1.71,-1,-1,-1
531,46,1496.68,327.72,31.22,65.77,1.66,-1,-1,-1
532,7,681.51,721.30,56.30,133.56,1.74,-1,-1,-1
532,12,41.41,733.50,36.45,133.04,1.65,-1,-1,-1
532,4,684.32,590.80,46.39,110.15,1.71,-1,-1,-1
532,30,145.74,457.59,39.47,85.55,1.72,-1,-1,-1
532,34,294.55,406.08,44.74,75.03,1.71,-1,-1,-1
532,29,1552.52,715.44,69.93,110.48,1.73,-1,-1,-1
532,28,1317.07,744.05,53.88,125.42,1.72,-1,-1,-1
532,35,871.85,433.14,48.40,85.73,1.72,-1,-1,-1
532,37,924.11,473.83,38.35,83.38,1.71,-1,-1,-1
532,39,1292.72,531.85,56.63,93.76,1.72,-1,-1,-1
532,46,1492.88,329.35,26.72,64.80,1.65,-1,-1,-1
532,42,95.02,485.51,35.12,91.13,0.87,-1,-1,-1
533,7,678.22,721.47,66.94,133.98,1.74,-1,-1,-1
533,12,37.08,736.97,39.71,132.03,1.65,-1,-1,-1
533,4,680.00,591.68,53.77,109.82,1.72,-1,-1,-1
533,30,140.29,459.31,37.93,86.30,1.71,-1,-1,-1
533,34,287.41,408.33,45.61,75.43,1.71,-1,-1,-1
533,29,1559.82,717.05,59.81,110.41,1.71,-1,-1,-1
533,28,1310.90,744.46,55.66,126.96,1.71,-1,-1,-1
533,35,867.77,434.25,52.16,86.44,1.73,-1,-1,-1
533,37,923.72,476.67,37.61,82.12,1.72,-1,-1,-1
533,39,1295.22,534.30,54.80,94.44,1.71,-1,-1,-1
533,46,1487.81,329.81,24.46,66.40,1.65,-1,-1,-1
534,7,674.31,722.41,75.60,131.76,1.75,-1,-1,-1
534,12,29.56,735.50,49.94,137.49,1.68,-1,-1,-1
534,4,676.35,592.83,59.52,109.74,1.72,-1,-1,-1
534,30,135.23,461.23,36.93,86.30,1.70,-1,-1,-1
534,34,280.32,410.38,44.78,75.91,1.72,-1,-1,-1
534,29,1568.80,719.39,48.66,110.63,1.71,-1,-1,-1
534,28,1303.93,746.14,55.70,125.85,1.72,-1,-1,-1
534,35,865.81,437.77,50.14,85.56,1.73,-1,-1,-1
534,37,924.85,478.49,35.54,81.25,1.71,-1,-1,-1
534,39,1299.76,535.29,49.75,96.15,1.69,-1,-1,-1
534,46,1484.46,331.33,20.34,66.15,1.61,-1,-1,-1
535,7,675.23,724.64,71.46,128.26,1.75,-1,-1,-1
535,12,21.86,738.75,63.60,136.91,1.69,-1,-1,-1
535,4,672.91,595.32,61.03,107.47,1.73,-1,-1,-1
535,30,129.39,462.79,36.30,86.47,1.71,-1,-1,-1
535,34,275.17,411.33,41.55,76.57,1.71,-1,-1,-1
535,29,1578.12,720.16,39.81,110.63,1.70,-1,-1,-1
535,28,1295.14,746.59,57.93,126.97,1.73,-1,-1,-1
535,35,864.02,439.79,45.65,84.81,1.72,-1,-1,-1
535,37,923.02,480.09,36.08,80.52,1.71,-1,-1,-1
535,39,1303.96,535.41,41.17,95.72,1.68,-1,-1,-1
535,46,1477.12,332.40,21.99,65.86,1.63,-1,-1,-1
536,7,680.33,727.16,60.42,128.10,1.74,-1,-1,-1
536,12,12.44,742.53,77.37,135.19,1.70,-1,-1,-1
536,4,672.94,597.87,55.09,106.36,1.73,-1,-1,-1
536,30,124.28,464.76,35.71,86.91,1.71,-1,-1,-1
536,34,271.36,412.97,38.26,76.52,1.70,-1,-1,-1
536,29,1579.94,720.99,42.17,109.65,1.68,-1,-1,-1
536,28,1288.50,747.64,56.87,126.34,1.71,-1,-1,-1
536,35,864.55,441.17,37.81,85.05,1.70,-1,-1,-1
536,37,917.19,480.27,38.57,81.60,1.71,-1,-1,-1
536,39,1300.25,534.97,42.91,95.03,1.69,-1,-1,-1
536,46,1467.95,333.68,26.75,65.86,1.65,-1,-1,-1
537,7,687.52,728.00,55.76,128.67,1.73,-1,-1,-1
537,4,675.15,598.78,45.85,106.59,1.72,-1,-1,-1
537,30,119.30,466.85,33.57,86.40,1.70,-1,-1,-1
537,34,269.38,413.48,32.49,77.15,1.68,-1,-1,-1
537,29,1581.17,722.22,46.82,108.62,1.66,-1,-1,-1
537,28,1279.93,749.50,57.05,124.89,1.73,-1,-1,-1
537,35,866.92,441.99,31.44,84.64,1.69,-1,-1,-1
537,37,912.11,480.63,38.76,83.61,1.70,-1,-1,-1
537,39,1295.87,534.95,44.67,97.28,1.70,-1,-1,-1
537,46,1460.14,334.89,32.61,64.95,1.68,-1,-1,-1
538,7,692.23,728.30,54.75,129.03,1.73,-1,-1,-1
538,4,679.56,598.97,39.57,108.00,1.69,-1,-1,-1
538,30,114.79,469.29,31.60,85.54,1.70,-1,-1,-1
538,34,268.56,415.50,26.14,76.32,1.64,-1,-1,-1
538,29,1583.34,725.46,46.22,104.44,1.67,-1,-1,-1
538,28,1272.76,749.88,56.91,125.41,1.73,-1,-1,-1
538,35,868.05,441.49,28.75,86.14,1.68,-1,-1,-1
538,37,907.77,480.55,41.60,83.90,1.71,-1,-1,-1
538,39,1291.65,535.26,45.64,97.17,1.70,-1,-1,-1
538,46,1454.89,335.73,33.44,65.30,1.70,-1,-1,-1
539,7,689.14,726.38,59.46,132.98,1.73,-1,-1,-1
539,4,685.14,597.84,33.81,109.66,1.68,-1,-1,-1
539,30,110.20,471.62,34.41,84.57,1.70,-1,-1,-1
539,34,266.00,416.99,24.01,76.63,1.64,-1,-1,-1
539,29,1584.37,727.37,66.81,104.10,1.68,-1,-1,-1
539,28,1265.47,750.65,56.77,126.46,1.71,-1,-1,-1
539,35,865.61,440.76,29.03,87.95,1.68,-1,-1,-1
539,37,904.89,480.83,46.37,84.06,1.72,-1,-1,-1
539,39,1288.96,536.33,52.49,97.23,1.71,-1,-1,-1
539,46,1447.59,336.63,38.43,64.63,1.70,-1,-1,-1
540,7,689.08,723.81,59.79,135.78,1.74,-1,-1,-1
540,4,684.41,596.51,34.96,111.44,1.69,-1,-1,-1
540,30,104.66,474.13,40.44,83.93,1.70,-1,-1,-1
540,34,263.63,417.35,25.08,76.60,1.66,-1,-1,-1
540,29,1585.81,727.88,77.99,104.11,1.73,-1,-1,-1
540,28,1258.32,752.54,58.38,128.78,1.73,-1,-1,-1
540,35,864.27,441.23,29.60,87.36,1.69,-1,-1,-1
540,37,904.26,482.36,42.85,82.19,1.72,-1,-1,-1
540,39,1288.52,538.47,53.74,95.46,1.71,-1,-1,-1
540,46,1441.70,337.82,40.21,64.05,1.70,-1,-1,-1
540,42,51.13,501.31,44.75,90.01,0.62,-1,-1,-1
541,7,689.09,721.39,61.44,138.23,1.74,-1,-1,-1
541,4,682.45,596.05,37.77,112.61,1.69,-1,-1,-1
541,30,99.80,476.61,44.36,83.49,1.72,-1,-1,-1
541,34,258.55,418.79,32.34,77.24,1.68,-1,-1,-1
541,29,1587.25,727.26,64.49,104.95,1.71,-1,-1,-1
541,28,1251.00,753.48,60.29,128.06,1.73,-1,-1,-1
541,35,863.50,442.22,28.70,86.84,1.69,-1,-1,-1
541,37,904.31,483.79,39.70,81.59,1.71,-1,-1,-1
541,39,1289.43,541.27,48.92,93.82,1.70,-1,-1,-1
541,46,1437.01,339.55,40.36,63.13,1.71,-1,-1,-1
541,42,52.63,502.46,36.38,90.13,1.26,-1,-1,-1
541,12,1.23,750.74,63.63,131.45,1.70,-1,-1,-1
542,7,690.36,720.40,65.40,138.50,1.74,-1,-1,-1
542,4,678.86,597.62,49.44,112.52,1.71,-1,-1,-1
542,30,94.74,479.52,47.83,82.10,1.72,-1,-1,-1
542,34,254.66,420.12,40.41,77.01,1.71,-1,-1,-1
542,29,1588.01,726.82,71.17,107.82,1.62,-1,-1,-1
542,28,1244.75,754.91,61.82,127.46,1.73,-1,-1,-1
542,35,863.29,443.02,27.64,86.95,1.68,-1,-1,-1
542,37,906.39,486.40,37.52,79.89,1.71,-1,-1,-1
542,39,1293.30,543.04,43.77,91.47,1.70,-1,-1,-1
542,46,1432.94,339.87,39.23,64.35,1.70,-1,-1,-1
542,12,1.26,750.84,59.27,132.74,1.68,-1,-1,-1
542,47,1710.74,708.01,92.98,113.82,0.98,-1,-1,-1
543,7,692.28,720.44,62.07,134.33,1.72,-1,-1,-1
543,4,677.33,598.50,55.78,112.52,1.71,-1,-1,-1
543,30,89.52,481.21,48.75,82.91,1.72,-1,-1,-1
543,34,248.41,422.30,47.33,75.91,1.72,-1,-1,-1
543,29,1588.78,727.35,73.37,118.11,1.68,-1,-1,-1
543,28,1237.77,756.67,64.36,127.74,1.73,-1,-1,-1
543,35,863.81,445.15,26.11,86.52,1.68,-1,-1,-1
543,37,912.15,488.04,32.14,79.34,1.70,-1,-1,-1
543,39,1298.97,543.65,39.57,93.02,1.68,-1,-1,-1
543,46,1427.70,341.59,39.58,63.07,1.70,-1,-1,-1
543,12,9.49,751.16,45.57,133.00,1.67,-1,-1,-1
543,47,1705.87,706.85,95.21,115.63,0.22,-1,-1,-1
544,7,695.08,721.43,56.35,127.49,1.72,-1,-1,-1
544,4,677.74,600.78,55.77,111.32,1.71,-1,-1,-1
544,30,87.18,482.43,47.87,83.31,1.73,-1,-1,-1
544,34,245.35,422.98,49.44,76.39,1.71,-1,-1,-1
544,29,1590.83,729.09,65.58,118.70,1.69,-1,-1,-1
544,28,1231.89,757.15,65.28,129.57,1.73,-1,-1,-1
544,35,862.32,448.22,27.02,83.81,1.67,-1,-1,-1
544,37,914.56,488.84,31.58,78.83,1.69,-1,-1,-1
544,39,1304.13,544.38,35.90,90.87,1.69,-1,-1,-1
544,46,1426.80,341.82,36.85,63.94,1.70,-1,-1,-1
544,12,15.43,752.63,38.53,134.34,1.66,-1,-1,-1
545,7,700.19,722.76,48.53,124.34,1.71,-1,-1,-1
545,4,679.78,603.54,50.84,109.33,1.71,-1,-1,-1
545,30,85.60,483.78,44.22,84.17,1.72,-1,-1,-1
545,34,241.06,424.36,50.39,76.46,1.72,-1,-1,-1
545,29,1593.62,731.78,60.82,117.77,1.72,-1,-1,-1
545,28,1226.60,757.82,63.30,130.14,1.74,-1,-1,-1
545,35,861.98,449.81,27.76,83.09,1.70,-1,-1,-1
545,37,912.67,489.98,37.11,78.94,1.72,-1,-1,-1
545,39,1305.71,543.69,33.00,91.47,1.66,-1,-1,-1
545,46,1425.01,342.53,34.37,64.30,1.70,-1,-1,-1
545,12,16.02,754.05,39.11,133.80,1.67,-1,-1,-1
546,7,703.33,721.67,45.82,125.86,1.71,-1,-1,-1
546,4,683.96,604.46,43.39,107.66,1.71,-1,-1,-1
546,30,86.70,484.76,40.15,84.48,1.71,-1,-1,-1
546,34,239.19,424.94,49.81,77.44,1.73,-1,-1,-1
546,29,1596.49,736.66,53.07,103.74,1.71,-1,-1,-1
546,28,1220.54,758.43,61.98,129.28,1.74,-1,-1,-1
546,35,862.73,451.89,31.48,82.67,1.70,-1,-1,-1
546,37,911.74,489.47,40.03,80.79,1.72,-1,-1,-1
546,39,1301.23,543.55,39.64,94.20,1.67,-1,-1,-1
546,46,1424.09,343.56,31.06,63.71,1.69,-1,-1,-1
546,12,14.22,754.63,47.33,134.38,1.67,-1,-1,-1
547,7,707.85,719.82,43.27,128.10,1.72,-1,-1,-1
547,4,690.01,604.27,37.14,107.45,1.65,-1,-1,-1
547,30,88.33,485.33,37.26,85.06,1.70,-1,-1,-1
547,34,237.09,425.78,48.24,77.36,1.71,-1,-1,-1
547,29,1598.94,739.46,55.74,104.85,1.71,-1,-1,-1
547,28,1215.64,759.37,57.31,129.13,1.73,-1,-1,-1
547,35,863.12,453.08,35.94,82.13,1.71,-1,-1,-1
547,37,910.39,489.54,46.44,81.88,1.72,-1,-1,-1
547,39,1298.21,543.35,46.10,95.60,1.69,-1,-1,-1
547,46,1423.70,343.80,28.13,64.41,1.66,-1,-1,-1
547,12,10.79,757.16,61.97,133.85,1.72,-1,-1,-1
548,7,710.37,717.47,41.81,129.63,1.73,-1,-1,-1
548,4,694.79,603.24,30.53,107.66,1.64,-1,-1,-1
548,30,90.40,486.98,34.91,83.91,1.69,-1,-1,-1
548,34,238.48,425.70,42.32,77.43,1.72,-1,-1,-1
548,29,1603.84,744.06,61.26,102.68,1.72,-1,-1,-1
548,28,1209.98,759.57,51.85,129.86,1.73,-1,-1,-1
548,35,859.27,453.93,43.11,82.48,1.72,-1,-1,-1
548,37,909.94,489.98,50.43,81.66,1.74,-1,-1,-1
548,39,1295.87,543.80,55.70,96.25,1.71,-1,-1,-1
548,46,1424.15,344.13,23.59,64.14,1.63,-1,-1,-1
548,12,6.23,756.94,74.81,134.36,1.72,-1,-1,-1
548,47,1714.62,704.62,70.94,118.02,0.69,-1,-1,-1
549,7,711.32,714.89,46.25,133.67,1.73,-1,-1,-1
549,4,694.63,602.45,30.88,107.84,1.68,-1,-1,-1
549,30,89.62,488.63,34.98,84.22,1.70,-1,-1,-1
549,34,240.31,425.85,36.77,77.48,1.70,-1,-1,-1
549,29,1606.77,749.11,67.09,102.18,1.71,-1,-1,-1
549,28,1205.08,760.18,50.64,132.65,1.72,-1,-1,-1
549,35,856.59,454.01,47.84,82.51,1.72,-1,-1,-1
549,37,909.75,491.04,53.70,81.67,1.74,-1,-1,-1
549,39,1295.85,544.31,56.54,96.27,1.71,-1,-1,-1
549,46,1424.68,344.30,22.39,64.95,1.62,-1,-1,-1
549,12,1.37,758.10,83.14,134.99,1.73,-1,-1,-1
550,7,712.52,712.72,50.62,135.62,1.73,-1,-1,-1
550,4,693.90,602.44,37.79,109.31,1.71,-1,-1,-1
550,30,87.28,490.68,35.65,84.36,1.67,-1,-1,-1
550,34,242.35,426.09,29.16,77.82,1.67,-1,-1,-1
550,29,1610.61,755.78,63.82,99.69,1.68,-1,-1,-1
550,28,1198.05,761.56,52.38,130.90,1.72,-1,-1,-1
550,35,853.19,454.69,52.80,81.91,1.73,-1,-1,-1
550,37,912.50,492.31,48.94,82.64,1.74,-1,-1,-1
550,39,1299.46,546.09,51.45,95.63,1.70,-1,-1,-1
550,46,1424.65,344.64,22.91,64.92,1.61,-1,-1,-1
551,7,713.01,712.20,53.39,132.94,1.73,-1,-1,-1
551,4,690.78,602.35,47.98,110.24,1.72,-1,-1,-1
551,30,83.79,491.30,39.67,85.19,1.70,-1,-1,-1
551,34,245.16,426.56,24.42,77.94,1.63,-1,-1,-1
551,29,1612.92,761.79,61.28,95.79,1.67,-1,-1,-1
551,28,1187.30,762.94,59.40,132.08,1.73,-1,-1,-1
551,35,852.95,455.22,51.28,80.59,1.70,-1,-1,-1
551,37,917.40,494.36,43.43,81.21,1.73,-1,-1,-1
551,39,1304.33,546.98,45.14,95.70,1.69,-1,-1,-1
551,46,1422.96,344.51,24.31,65.75,1.62,-1,-1,-1
552,7,714.02,711.48,50.10,128.78,1.73,-1,-1,-1
552,4,688.04,603.24,52.38,109.98,1.73,-1,-1,-1
552,30,80.05,493.05,46.39,84.42,1.72,-1,-1,-1
552,34,244.28,427.03,23.29,77.71,1.63,-1,-1,-1
552,29,1615.59,767.96,55.83,87.62,1.68,-1,-1,-1
552,28,1180.11,765.85,62.08,129.61,1.73,-1,-1,-1
552,35,854.06,455.42,46.75,80.09,1.69,-1,-1,-1
552,37,923.47,496.10,42.16,79.54,1.73,-1,-1,-1
552,39,1309.24,546.98,41.03,97.46,1.68,-1,-1,-1
552,46,1420.59,344.26,26.30,65.50,1.67,-1,-1,-1
553,7,713.90,711.81,46.75,122.68,1.71,-1,-1,-1
553,4,684.84,603.40,54.97,111.18,1.73,-1,-1,-1
553,30,77.09,494.35,50.33,84.60,1.73,-1,-1,-1
553,34,240.95,428.05,30.39,77.28,1.68,-1,-1,-1
553,29,1612.81,773.47,56.58,82.10,1.64,-1,-1,-1
553,28,1172.71,767.05,66.26,134.38,1.72,-1,-1,-1
553,35,853.46,454.78,44.44,82.27,1.71,-1,-1,-1
553,37,929.06,496.31,39.32,79.89,1.71,-1,-1,-1
553,39,1311.91,545.85,38.68,99.92,1.69,-1,-1,-1
553,46,1417.85,344.81,29.07,65.08,1.67,-1,-1,-1
554,7,713.30,711.56,46.84,121.41,1.72,-1,-1,-1
554,4,683.07,604.67,53.28,109.78,1.73,-1,-1,-1
554,30,75.44,495.44,49.57,84.35,1.73,-1,-1,-1
554,34,236.76,428.57,39.37,77.71,1.69,-1,-1,-1
554,29,1609.94,778.07,58.41,77.89,1.55,-1,-1,-1
554,28,1166.66,768.63,68.67,135.38,1.72,-1,-1,-1
554,35,856.82,453.84,39.61,84.59,1.71,-1,-1,-1
554,37,935.32,495.82,34.02,81.10,1.70,-1,-1,-1
554,39,1315.27,544.74,35.44,100.82,1.68,-1,-1,-1
554,46,1414.94,345.05,32.51,64.62,1.67,-1,-1,-1
555,7,712.56,710.22,49.26,123.25,1.72,-1,-1,-1
555,4,682.39,605.25,52.63,108.04,1.74,-1,-1,-1
555,30,77.04,496.75,44.14,83.56,1.72,-1,-1,-1
555,34,232.10,429.76,46.54,76.55,1.71,-1,-1,-1
555,29,1611.58,777.98,55.75,78.27,0.59,-1,-1,-1
555,28,1161.28,770.59,70.53,133.47,1.74,-1,-1,-1
555,35,861.21,452.22,35.02,86.24,1.71,-1,-1,-1
555,37,935.10,495.03,35.87,82.55,1.69,-1,-1,-1
555,39,1316.63,543.65,34.46,100.81,1.69,-1,-1,-1
555,46,1413.55,345.76,33.51,64.37,1.69,-1,-1,-1
555,12,8.81,760.97,50.39,133.73,1.70,-1,-1,-1
556,7,710.28,706.45,51.89,127.43,1.72,-1,-1,-1
556,4,684.19,604.48,49.29,106.70,1.73,-1,-1,-1
556,30,77.90,498.38,39.31,82.88,1.71,-1,-1,-1
556,34,227.48,429.79,50.84,76.46,1.72,-1,-1,-1
556,29,1611.96,778.79,53.33,74.92,1.32,-1,-1,-1
556,28,1156.57,771.61,72.58,133.14,1.74,-1,-1,-1
556,35,867.07,450.16,29.15,87.31,1.68,-1,-1,-1
556,37,934.59,494.54,38.27,86.61,1.70,-1,-1,-1
556,39,1317.85,542.71,35.07,101.42,1.67,-1,-1,-1
556,46,1411.20,345.56,34.17,64.71,1.69,-1,-1,-1
556,12,11.05,761.14,43.38,133.72,1.68,-1,-1,-1
557,7,709.51,702.91,53.58,130.50,1.74,-1,-1,-1
557,4,687.47,604.17,42.70,104.81,1.70,-1,-1,-1
557,30,78.74,498.96,38.16,83.09,1.69,-1,-1,-1
557,34,223.29,429.82,51.35,76.20,1.71,-1,-1,-1
557,29,1609.89,778.97,55.02,79.06,1.48,-1,-1,-1
557,28,1151.64,772.42,73.63,133.34,1.75,-1,-1,-1
557,35,868.47,449.39,27.39,88.09,1.69,-1,-1,-1
557,37,933.69,494.48,42.72,86.79,1.71,-1,-1,-1
557,39,1319.07,541.05,35.49,103.82,1.68,-1,-1,-1
557,46,1409.40,345.01,35.99,65.10,1.70,-1,-1,-1
557,12,9.07,758.13,49.11,139.09,1.70,-1,-1,-1
558,7,709.87,699.92,51.03,132.11,1.73,-1,-1,-1
558,4,689.97,603.30,38.26,105.71,1.69,-1,-1,-1
558,30,79.71,499.54,35.90,82.63,1.70,-1,-1,-1
558,34,222.88,429.59,48.86,76.24,1.72,-1,-1,-1
558,29,1608.61,779.70,54.95,78.76,1.41,-1,-1,-1
558,28,1149.01,772.96,70.56,133.48,1.74,-1,-1,-1
558,35,868.17,449.24,27.77,87.80,1.69,-1,-1,-1
558,37,934.99,494.66,46.09,86.93,1.72,-1,-1,-1
558,39,1320.20,541.91,35.72,102.09,1.68,-1,-1,-1
558,46,1408.47,344.09,35.02,66.16,1.69,-1,-1,-1
558,12,8.81,758.81,52.23,138.76,1.69,-1,-1,-1
559,7,710.12,696.84,50.88,134.46,1.72,-1,-1,-1
559,4,693.58,602.39,31.10,106.52,1.64,-1,-1,-1
559,30,80.68,499.18,33.07,83.86,1.68,-1,-1,-1
559,34,224.02,428.99,44.73,77.03,1.71,-1,-1,-1
559,29,1607.97,778.99,54.88,81.63,1.53,-1,-1,-1
559,28,1145.00,772.57,69.97,134.29,1.74,-1,-1,-1
559,35,868.44,449.00,27.55,87.90,1.69,-1,-1,-1
559,37,937.90,495.98,41.95,86.44,1.72,-1,-1,-1
559,39,1320.90,542.75,35.98,103.76,1.70,-1,-1,-1
559,46,1408.57,344.42,33.40,65.36,1.68,-1,-1,-1
559,12,8.18,758.79,56.77,140.55,1.68,-1,-1,-1
560,7,710.86,695.62,50.72,131.24,1.71,-1,-1,-1
560,4,694.65,601.10,30.71,106.06,1.65,-1,-1,-1
560,30,81.25,499.62,32.05,82.88,1.63,-1,-1,-1
560,34,227.27,428.51,37.21,77.11,1.70,-1,-1,-1
560,29,1606.23,780.26,54.19,79.98,1.62,-1,-1,-1
560,28,1142.68,771.36,65.64,136.46,1.74,-1,-1,-1
560,35,867.83,449.85,28.97,86.85,1.69,-1,-1,-1
560,37,941.55,496.73,40.02,86.04,1.72,-1,-1,-1
560,39,1321.77,544.33,36.55,101.99,1.70,-1,-1,-1
560,46,1408.91,344.06,31.10,65.57,1.67,-1,-1,-1
560,12,7.46,759.38,66.87,141.09,1.69,-1,-1,-1
560,42,87.45,498.53,29.33,79.69,1.20,-1,-1,-1
561,7,711.39,694.85,50.58,129.29,1.71,-1,-1,-1
561,4,693.48,600.33,32.89,106.74,1.67,-1,-1,-1
561,30,79.34,497.52,38.36,85.23,1.71,-1,-1,-1
561,34,230.64,427.85,30.30,77.95,1.68,-1,-1,-1
561,29,1602.26,779.78,56.06,77.14,1.56,-1,-1,-1
561,28,1138.90,771.00,62.54,137.67,1.73,-1,-1,-1
561,35,867.83,451.17,35.44,85.26,1.70,-1,-1,-1
561,37,945.78,497.89,38.71,85.10,1.70,-1,-1,-1
561,39,1323.12,545.40,36.18,100.04,1.67,-1,-1,-1
561,46,1408.91,343.54,28.88,65.64,1.68,-1,-1,-1
561,12,4.16,760.47,73.01,140.86,1.73,-1,-1,-1
562,7,712.22,694.70,48.81,123.02,1.72,-1,-1,-1
562,4,691.99,600.01,39.34,110.12,1.70,-1,-1,-1
562,30,75.54,496.66,47.89,87.75,1.72,-1,-1,-1
562,34,234.10,427.11,23.44,78.67,1.65,-1,-1,-1
562,29,1600.04,779.07,55.61,75.87,1.57,-1,-1,-1
562,28,1135.62,771.09,58.49,137.05,1.73,-1,-1,-1
562,35,869.36,452.69,40.22,84.97,1.71,-1,-1,-1
562,37,950.15,498.03,35.50,84.30,1.70,-1,-1,-1
562,39,1325.27,546.32,39.75,98.71,1.67,-1,-1,-1
562,46,1411.11,342.64,25.71,66.35,1.66,-1,-1,-1
562,12,1.11,761.51,75.72,140.68,1.74,-1,-1,-1
563,7,714.20,693.57,47.93,120.15,1.72,-1,-1,-1
563,4,690.61,600.01,44.78,111.12,1.70,-1,-1,-1
563,30,73.65,497.04,52.85,89.06,1.74,-1,-1,-1
563,34,234.65,426.54,24.92,79.26,1.66,-1,-1,-1
563,29,1595.16,776.83,60.51,85.97,1.02,-1,-1,-1
563,28,1131.93,772.72,55.76,135.63,1.74,-1,-1,-1
563,35,870.59,453.88,42.96,84.28,1.72,-1,-1,-1
563,37,954.56,497.37,36.21,85.61,1.69,-1,-1,-1
563,39,1327.89,546.77,45.42,99.95,1.69,-1,-1,-1
563,46,1412.54,342.56,25.35,66.01,1.65,-1,-1,-1
564,7,715.22,689.85,47.14,124.25,1.73,-1,-1,-1
564,4,689.00,599.91,46.56,111.45,1.71,-1,-1,-1
564,30,73.06,498.81,52.78,88.62,1.74,-1,-1,-1
564,34,232.79,426.33,35.38,78.78,1.68,-1,-1,-1
564,29,1590.66,776.45,63.65,86.44,1.63,-1,-1,-1
564,28,1126.68,773.43,53.45,136.22,1.72,-1,-1,-1
564,35,868.81,454.38,49.12,83.50,1.73,-1,-1,-1
564,37,957.98,496.55,35.34,87.09,1.71,-1,-1,-1
564,39,1329.83,546.09,45.16,100.47,1.69,-1,-1,-1
564,46,1416.09,342.28,18.65,66.16,1.61,-1,-1,-1
564,12,1.20,760.69,71.60,142.67,1.73,-1,-1,-1
565,7,715.92,687.90,45.85,125.84,1.72,-1,-1,-1
565,4,688.77,599.41,46.07,109.10,1.69,-1,-1,-1
565,30,73.48,499.91,51.03,88.98,1.72,-1,-1,-1
565,34,229.54,425.68,42.83,80.18,1.72,-1,-1,-1
565,29,1584.59,773.23,69.56,89.58,1.67,-1,-1,-1
565,28,1118.95,775.45,56.91,135.63,1.74,-1,-1,-1
565,35,867.09,454.19,52.18,82.50,1.73,-1,-1,-1
565,37,959.07,496.00,43.61,88.54,1.72,-1,-1,-1
565,39,1330.22,545.53,45.85,101.47,1.69,-1,-1,-1
565,46,1416.30,341.07,21.04,67.19,1.63,-1,-1,-1
565,12,1.94,758.82,69.90,141.76,1.72,-1,-1,-1
566,7,715.53,683.38,52.17,129.75,1.72,-1,-1,-1
566,4,687.29,599.13,43.99,109.14,1.69,-1,-1,-1
566,30,76.68,500.81,51.50,89.18,1.72,-1,-1,-1
566,34,225.19,425.55,50.25,80.01,1.73,-1,-1,-1
566,29,1584.14,768.10,69.11,94.47,1.73,-1,-1,-1
566,28,1107.46,777.17,67.25,134.19,1.74,-1,-1,-1
566,35,868.46,453.95,50.68,82.75,1.72,-1,-1,-1
566,37,959.86,496.11,51.70,88.56,1.73,-1,-1,-1
566,39,1330.60,544.56,45.15,101.89,1.69,-1,-1,-1
566,46,1416.07,339.97,22.19,67.27,1.64,-1,-1,-1
566,12,7.85,757.89,61.68,139.82,1.70,-1,-1,-1
567,7,716.35,682.27,56.36,129.73,1.73,-1,-1,-1
567,4,687.09,598.24,40.37,110.92,1.70,-1,-1,-1
567,30,81.68,501.22,58.27,89.14,1.71,-1,-1,-1
567,34,224.36,426.05,53.03,79.65,1.73,-1,-1,-1
567,29,1581.81,763.03,67.78,98.37,1.73,-1,-1,-1
567,28,1099.28,778.08,74.90,133.81,1.74,-1,-1,-1
567,35,866.80,453.49,50.87,83.75,1.72,-1,-1,-1
567,37,962.02,496.87,51.82,89.19,1.73,-1,-1,-1
567,39,1328.50,544.53,46.67,100.15,1.69,-1,-1,-1
567,46,1415.70,340.77,23.99,65.90,1.66,-1,-1,-1
567,12,14.09,756.29,52.00,138.79,1.69,-1,-1,-1
568,7,716.49,681.71,59.80,126.75,1.73,-1,-1,-1
568,4,688.19,597.31,39.07,111.04,1.69,-1,-1,-1
568,30,86.31,500.70,57.16,89.58,1.71,-1,-1,-1
568,34,222.23,425.79,54.75,79.06,1.74,-1,-1,-1
568,29,1577.74,758.61,66.45,101.74,1.72,-1,-1,-1
568,28,1096.74,779.03,76.44,133.56,1.75,-1,-1,-1
568,35,868.16,453.46,47.79,83.68,1.73,-1,-1,-1
568,37,965.94,498.14,48.41,89.30,1.73,-1,-1,-1
568,39,1328.09,543.91,47.95,99.72,1.70,-1,-1,-1
568,46,1415.00,339.49,27.17,67.14,1.67,-1,-1,-1
568,12,22.51,755.89,41.37,137.23,1.67,-1,-1,-1
569,7,716.68,681.25,59.60,124.55,1.74,-1,-1,-1
569,4,687.66,595.55,40.26,111.62,1.69,-1,-1,-1
569,30,86.55,499.87,57.41,92.87,1.73,-1,-1,-1
569,34,222.24,425.02,51.30,80.12,1.73,-1,-1,-1
569,29,1576.53,753.90,60.06,105.46,1.72,-1,-1,-1
569,28,1096.34,780.88,74.99,132.18,1.74,-1,-1,-1
569,35,871.75,452.76,42.84,83.90,1.73,-1,-1,-1
569,37,970.95,498.87,42.78,89.51,1.72,-1,-1,-1
569,39,1331.01,542.91,46.68,100.15,1.69,-1,-1,-1
569,46,1414.26,339.43,28.49,66.86,1.68,-1,-1,-1
569,12,23.70,755.72,45.85,139.14,1.68,-1,-1,-1
570,7,716.96,681.73,57.46,119.60,1.73,-1,-1,-1
570,4,686.96,594.43,41.13,111.80,1.69,-1,-1,-1
570,30,86.02,499.27,59.21,96.74,1.72,-1,-1,-1
570,34,223.79,424.50,47.38,79.36,1.73,-1,-1,-1
570,29,1575.03,750.46,52.10,109.63,1.70,-1,-1,-1
570,28,1089.96,781.95,78.49,132.03,1.74,-1,-1,-1
570,35,875.41,451.53,37.72,84.88,1.71,-1,-1,-1
570,37,977.83,500.14,40.61,88.54,1.70,-1,-1,-1
570,39,1335.53,541.35,42.44,101.26,1.69,-1,-1,-1
570,46,1413.31,338.44,30.06,67.79,1.68,-1,-1,-1
570,12,24.92,755.87,47.57,138.01,1.69,-1,-1,-1
571,7,717.50,681.98,55.87,116.28,1.73,-1,-1,-1
571,4,686.26,594.18,41.57,111.01,1.68,-1,-1,-1
571,30,86.78,499.57,58.16,97.47,1.72,-1,-1,-1
571,34,226.97,423.35,41.55,79.71,1.71,-1,-1,-1
571,29,1573.85,748.28,46.42,112.30,1.69,-1,-1,-1
571,28,1076.45,782.12,87.93,132.96,1.74,-1,-1,-1
571,35,880.34,451.06,34.77,85.91,1.70,-1,-1,-1
571,37,985.70,500.20,36.67,87.72,1.72,-1,-1,-1
571,39,1339.88,540.68,40.31,101.41,1.70,-1,-1,-1
571,46,1413.05,337.69,29.76,68.11,1.68,-1,-1,-1
571,12,23.46,755.77,56.90,138.42,1.71,-1,-1,-1
572,7,716.44,679.74,54.12,119.13,1.73,-1,-1,-1
572,4,685.86,594.24,40.26,112.08,1.69,-1,-1,-1
572,30,87.66,501.12,61.77,97.54,1.71,-1,-1,-1
572,34,231.05,422.17,34.92,80.04,1.68,-1,-1,-1
572,29,1570.75,746.58,50.71,114.54,1.68,-1,-1,-1
572,28,1062.87,781.27,92.80,134.48,1.75,-1,-1,-1
572,35,885.66,450.26,32.11,86.47,1.69,-1,-1,-1
572,37,991.07,499.10,35.39,90.96,1.71,-1,-1,-1
572,39,1343.41,539.92,39.58,102.54,1.71,-1,-1,-1
572,46,1412.74,337.33,29.01,68.59,1.68,-1,-1,-1
572,12,20.95,755.69,69.78,139.14,1.71,-1,-1,-1
573,7,714.47,675.68,54.34,122.00,1.73,-1,-1,-1
573,4,685.06,594.77,41.68,111.07,1.70,-1,-1,-1
573,30,88.18,503.56,62.70,97.83,1.72,-1,-1,-1
573,34,237.06,421.73,26.67,80.51,1.64,-1,-1,-1
573,29,1564.37,745.08,55.33,116.85,1.68,-1,-1,-1
573,28,1046.76,781.32,97.40,135.37,1.75,-1,-1,-1
573,35,886.88,450.00,33.99,87.52,1.70,-1,-1,-1
573,37,993.77,498.27,34.58,93.29,1.70,-1,-1,-1
573,39,1344.87,539.91,40.13,102.16,1.70,-1,-1,-1
573,46,1411.42,336.56,29.79,69.09,1.67,-1,-1,-1
573,12,16.98,756.56,82.69,138.37,1.71,-1,-1,-1
574,7,712.39,672.59,55.06,124.01,1.73,-1,-1,-1
574,4,685.47,595.31,41.81,110.04,1.69,-1,-1,-1
574,30,88.73,506.31,63.09,96.19,1.71,-1,-1,-1
574,34,240.47,421.73,23.50,80.52,1.65,-1,-1,-1
574,29,1554.22,745.36,66.16,119.03,1.71,-1,-1,-1
574,28,1037.26,781.32,104.14,136.75,1.75,-1,-1,-1
574,35,888.09,450.43,35.23,87.63,1.71,-1,-1,-1
574,37,995.83,498.31,36.21,94.53,1.71,-1,-1,-1
574,39,1345.35,539.72,40.22,102.02,1.71,-1,-1,-1
574,46,1410.70,336.88,30.73,68.28,1.68,-1,-1,-1
574,12,13.62,756.01,87.58,138.70,1.71,-1,-1,-1
575,7,708.63,668.02,58.42,127.46,1.72,-1,-1,-1
575,4,683.79,595.30,42.52,105.79,1.65,-1,-1,-1
575,30,91.30,507.57,56.58,95.42,1.72,-1,-1,-1
575,34,240.04,421.77,28.19,80.05,1.68,-1,-1,-1
575,29,1553.35,745.56,67.18,120.87,1.71,-1,-1,-1
575,28,1026.96,782.09,112.73,138.48,1.75,-1,-1,-1
575,35,889.69,450.59,34.93,87.79,1.70,-1,-1,-1
575,37,996.61,498.75,43.64,95.00,1.71,-1,-1,-1
575,39,1346.61,539.07,40.73,103.01,1.69,-1,-1,-1
575,46,1411.31,336.23,31.94,68.48,1.69,-1,-1,-1
575,12,9.69,756.67,88.97,138.36,1.70,-1,-1,-1
576,7,705.99,666.92,58.74,126.80,1.73,-1,-1,-1
576,4,681.28,593.83,40.72,102.25,1.63,-1,-1,-1
576,30,93.81,508.30,50.24,94.66,1.73,-1,-1,-1
576,34,238.66,421.55,37.21,80.70,1.70,-1,-1,-1
576,29,1550.03,744.80,68.91,121.88,1.72,-1,-1,-1
576,28,1022.93,783.35,113.52,137.69,1.75,-1,-1,-1
576,35,889.57,450.93,36.77,86.07,1.69,-1,-1,-1
576,37,1000.23,500.29,43.11,93.26,1.71,-1,-1,-1
576,39,1348.86,538.75,38.88,104.28,1.69,-1,-1,-1
576,46,1412.11,335.44,33.15,69.74,1.68,-1,-1,-1
576,12,12.19,757.82,83.33,136.48,1.69,-1,-1,-1
577,7,703.46,665.86,62.93,125.64,1.74,-1,-1,-1
577,4,679.89,592.67,40.73,102.83,1.67,-1,-1,-1
577,30,95.05,507.98,48.13,94.98,1.70,-1,-1,-1
577,34,235.39,422.19,45.14,79.76,1.71,-1,-1,-1
577,29,1547.60,743.15,68.72,124.10,1.72,-1,-1,-1
577,28,1014.75,784.70,118.82,138.92,1.73,-1,-1,-1
577,35,887.72,451.67,40.49,85.82,1.71,-1,-1,-1
577,37,1005.48,502.38,36.96,91.80,1.71,-1,-1,-1
577,39,1350.79,538.48,37.65,105.39,1.68,-1,-1,-1
577,46,1412.57,334.98,33.78,69.71,1.68,-1,-1,-1
577,12,12.98,757.23,79.97,136.26,1.70,-1,-1,-1
578,7,700.66,665.35,65.78,123.07,1.75,-1,-1,-1
578,4,678.50,591.63,37.95,103.43,1.64,-1,-1,-1
578,30,95.91,507.49,44.13,95.57,1.71,-1,-1,-1
578,34,233.38,422.57,48.39,79.17,1.72,-1,-1,-1
578,29,1545.69,740.95,64.64,127.38,1.70,-1,-1,-1
578,28,1008.88,786.45,120.39,141.59,1.74,-1,-1,-1
578,35,887.39,452.58,43.16,85.79,1.72,-1,-1,-1
578,37,1009.72,503.30,35.95,90.97,1.72,-1,-1,-1
578,39,1352.35,539.22,35.95,104.36,1.69,-1,-1,-1
578,46,1412.29,334.64,35.14,69.75,1.70,-1,-1,-1
578,12,20.26,756.08,68.68,134.84,1.71,-1,-1,-1
579,7,700.44,664.20,66.41,121.75,1.74,-1,-1,-1
579,4,675.95,589.38,37.41,105.94,1.67,-1,-1,-1
579,30,94.76,506.53,43.53,97.36,1.69,-1,-1,-1
579,34,231.71,423.02,49.74,78.55,1.72,-1,-1,-1
579,29,1545.24,735.73,57.07,132.55,1.69,-1,-1,-1
579,28,1006.92,787.95,117.96,141.66,1.75,-1,-1,-1
579,35,888.62,453.31,41.72,85.86,1.72,-1,-1,-1
579,37,1015.33,503.32,34.25,90.56,1.70,-1,-1,-1
579,39,1352.72,539.29,36.96,104.15,1.70,-1,-1,-1
579,46,1413.41,334.41,34.91,68.87,1.70,-1,-1,-1
579,12,29.11,756.16,57.14,134.25,1.70,-1,-1,-1
580,7,700.65,662.54,65.48,120.82,1.73,-1,-1,-1
580,4,676.13,586.58,35.79,108.61,1.68,-1,-1,-1
580,30,93.10,506.53,46.94,98.85,1.72,-1,-1,-1
580,34,232.30,423.10,48.44,78.80,1.72,-1,-1,-1
580,29,1541.11,727.77,52.60,141.47,1.67,-1,-1,-1
580,28,1003.59,790.68,116.82,139.99,1.74,-1,-1,-1
580,35,890.93,453.36,40.66,85.82,1.71,-1,-1,-1
580,37,1018.74,502.88,34.45,90.56,1.70,-1,-1,-1
580,39,1354.91,539.36,36.40,103.08,1.68,-1,-1,-1
580,46,1413.42,334.06,35.40,68.95,1.71,-1,-1,-1
580,12,38.45,754.17,46.52,136.51,1.68,-1,-1,-1
581,7,702.45,660.09,58.61,120.33,1.72,-1,-1,-1
581,4,675.67,583.53,35.69,111.89,1.69,-1,-1,-1
581,30,90.66,506.89,52.57,100.09,1.73,-1,-1,-1
581,34,233.90,422.42,44.48,79.52,1.72,-1,-1,-1
581,29,1536.72,729.00,54.73,142.16,1.69,-1,-1,-1
581,28,998.99,791.52,118.03,140.56,1.74,-1,-1,-1
581,35,895.35,453.58,37.51,85.68,1.71,-1,-1,-1
581,37,1022.41,502.17,32.63,91.05,1.70,-1,-1,-1
581,39,1356.54,539.53,35.31,101.90,1.70,-1,-1,-1
581,46,1413.19,333.28,37.22,68.81,1.70,-1,-1,-1
581,12,46.78,751.66,43.27,139.82,1.64,-1,-1,-1
582,7,700.79,657.82,53.42,120.58,1.72,-1,-1,-1
582,4,674.46,580.69,35.27,113.14,1.70,-1,-1,-1
582,30,89.55,508.66,54.21,99.76,1.74,-1,-1,-1
582,34,238.98,421.54,37.96,79.04,1.71,-1,-1,-1
582,29,1522.17,726.37,69.97,146.24,1.69,-1,-1,-1
582,28,994.08,791.66,119.91,141.90,1.73,-1,-1,-1
582,35,898.84,453.10,34.53,85.50,1.69,-1,-1,-1
582,37,1025.59,501.03,37.36,92.56,1.70,-1,-1,-1
582,39,1358.14,539.16,34.77,101.52,1.69,-1,-1,-1
582,46,1412.48,332.83,38.36,68.69,1.70,-1,-1,-1
582,12,48.27,751.92,53.31,139.67,1.69,-1,-1,-1
583,7,701.40,655.99,45.81,121.78,1.73,-1,-1,-1
583,4,674.69,579.13,34.13,111.43,1.69,-1,-1,-1
583,30,90.07,510.96,61.84,99.34,1.73,-1,-1,-1
583,34,244.19,420.29,29.25,79.92,1.69,-1,-1,-1
583,29,1511.94,736.31,80.06,137.62,1.67,-1,-1,-1
583,28,990.76,790.42,120.04,144.55,1.74,-1,-1,-1
583,35,902.62,452.37,31.29,86.48,1.68,-1,-1,-1
583,37,1026.59,500.28,44.59,93.93,1.73,-1,-1,-1
583,39,1359.10,537.87,34.51,101.93,1.68,-1,-1,-1
583,46,1412.01,332.59,38.29,68.87,1.70,-1,-1,-1
583,12,50.09,751.90,62.05,141.36,1.71,-1,-1,-1
584,7,699.80,654.58,39.97,121.69,1.71,-1,-1,-1
584,4,673.95,578.23,34.05,111.42,1.68,-1,-1,-1
584,30,93.57,512.07,61.74,98.78,1.72,-1,-1,-1
584,34,246.24,419.00,27.11,81.39,1.67,-1,-1,-1
584,29,1506.25,743.22,85.20,133.36,1.70,-1,-1,-1
584,28,985.30,789.01,122.56,146.24,1.74,-1,-1,-1
584,35,903.64,451.64,31.12,87.63,1.69,-1,-1,-1
584,37,1027.16,500.57,49.69,95.13,1.73,-1,-1,-1
584,39,1360.52,536.24,34.93,103.45,1.68,-1,-1,-1
584,46,1412.52,332.21,37.07,68.68,1.69,-1,-1,-1
584,12,45.52,751.86,75.92,142.77,1.70,-1,-1,-1
585,7,697.97,653.08,35.30,119.99,1.69,-1,-1,-1
585,4,671.98,578.12,36.13,111.39,1.67,-1,-1,-1
585,30,100.55,512.46,58.35,98.12,1.74,-1,-1,-1
585,34,246.48,417.46,29.59,83.11,1.68,-1,-1,-1
585,29,1506.02,747.27,85.16,129.37,1.73,-1,-1,-1
585,28,979.66,787.24,123.33,147.86,1.74,-1,-1,-1
585,35,904.57,450.17,31.66,88.83,1.70,-1,-1,-1
585,37,1027.71,501.87,52.52,95.61,1.73,-1,-1,-1
585,39,1361.83,535.08,34.58,104.13,1.68,-1,-1,-1
585,46,1412.49,331.31,36.66,69.26,1.69,-1,-1,-1
585,12,43.77,752.68,83.02,142.39,1.71,-1,-1,-1
586,7,696.43,653.59,32.85,115.33,1.68,-1,-1,-1
586,4,670.44,578.88,35.03,110.68,1.69,-1,-1,-1
586,30,107.34,512.29,53.16,98.80,1.74,-1,-1,-1
586,34,247.07,417.52,31.93,82.37,1.70,-1,-1,-1
586,29,1505.70,751.25,85.49,126.20,1.72,-1,-1,-1
586,28,974.88,786.96,124.10,149.13,1.75,-1,-1,-1
586,35,905.04,449.53,35.89,88.96,1.70,-1,-1,-1
586,37,1027.91,502.49,52.06,95.19,1.72,-1,-1,-1
586,39,1362.92,534.50,33.25,102.25,1.67,-1,-1,-1
586,46,1412.32,330.60,36.10,69.55,1.69,-1,-1,-1
586,12,41.57,753.42,86.86,142.01,1.71,-1,-1,-1
587,7,690.32,653.99,37.58,113.40,1.70,-1,-1,-1
587,4,668.73,579.10,34.99,111.32,1.69,-1,-1,-1
587,30,107.43,511.82,55.33,99.67,1.73,-1,-1,-1
587,34,247.40,416.89,38.84,83.02,1.71,-1,-1,-1
587,29,1506.51,750.81,84.50,127.15,1.71,-1,-1,-1
587,28,970.21,789.11,124.15,148.82,1.74,-1,-1,-1
587,35,906.69,449.15,38.91,89.33,1.71,-1,-1,-1
587,37,1029.65,503.90,49.96,94.30,1.72,-1,-1,-1
587,39,1364.46,534.10,32.77,101.90,1.67,-1,-1,-1
587,46,1413.65,330.90,34.16,69.25,1.70,-1,-1,-1
587,12,38.27,752.47,91.73,143.96,1.71,-1,-1,-1
588,7,683.64,652.48,42.96,115.52,1.72,-1,-1,-1
588,4,667.41,578.97,34.82,111.51,1.69,-1,-1,-1
588,30,111.29,511.18,54.02,101.10,1.72,-1,-1,-1
588,34,247.59,417.13,45.82,82.61,1.73,-1,-1,-1
588,29,1506.07,757.95,79.89,120.89,1.69,-1,-1,-1
588,28,963.55,791.08,125.32,148.24,1.75,-1,-1,-1
588,35,906.73,449.30,43.09,89.27,1.72,-1,-1,-1
588,37,1033.76,504.32,45.22,94.31,1.72,-1,-1,-1
588,39,1364.94,533.75,33.05,101.62,1.68,-1,-1,-1
588,46,1414.40,330.45,30.71,69.11,1.69,-1,-1,-1
588,12,40.15,753.52,87.67,142.56,1.73,-1,-1,-1
589,7,679.30,651.21,44.40,116.70,1.72,-1,-1,-1
589,4,665.31,578.45,36.72,106.71,1.68,-1,-1,-1
589,30,112.39,510.54,59.83,101.21,1.74,-1,-1,-1
589,34,247.12,416.79,48.97,83.27,1.73,-1,-1,-1
589,29,1478.50,760.42,104.79,118.10,1.70,-1,-1,-1
589,28,958.87,794.61,122.64,146.68,1.75,-1,-1,-1
589,35,906.24,449.14,44.92,89.71,1.72,-1,-1,-1
589,37,1038.68,504.23,39.93,93.91,1.72,-1,-1,-1
589,39,1363.89,533.34,35.18,101.11,1.67,-1,-1,-1
589,46,1414.39,330.38,29.32,69.28,1.69,-1,-1,-1
589,12,42.12,752.48,84.25,143.09,1.72,-1,-1,-1
590,7,675.57,649.39,45.39,118.10,1.72,-1,-1,-1
590,4,663.37,576.81,37.09,107.77,1.68,-1,-1,-1
590,30,114.72,510.83,66.76,99.85,1.75,-1,-1,-1
590,34,245.61,416.81,50.13,82.72,1.72,-1,-1,-1
590,29,1483.59,763.59,97.18,115.77,1.73,-1,-1,-1
590,28,955.37,797.12,121.45,145.43,1.74,-1,-1,-1
590,35,906.13,449.46,43.96,89.35,1.72,-1,-1,-1
590,37,1045.53,503.52,35.18,95.07,1.71,-1,-1,-1
590,39,1365.55,533.29,34.56,100.43,1.69,-1,-1,-1
590,46,1415.08,329.70,27.73,69.60,1.69,-1,-1,-1
590,12,47.59,750.85,79.85,141.07,1.72,-1,-1,-1
591,7,676.68,646.71,43.77,120.82,1.72,-1,-1,-1
591,4,662.58,574.84,38.05,105.32,1.68,-1,-1,-1
591,30,118.16,512.16,71.66,98.74,1.75,-1,-1,-1
591,34,244.53,416.47,51.21,83.53,1.71,-1,-1,-1
591,29,1490.46,766.15,88.36,113.52,1.75,-1,-1,-1
591,28,949.34,798.39,117.64,144.77,1.74,-1,-1,-1
591,35,906.68,449.26,43.47,89.46,1.72,-1,-1,-1
591,37,1048.62,502.83,38.08,95.63,1.72,-1,-1,-1
591,39,1367.47,532.97,34.13,100.58,1.69,-1,-1,-1
591,46,1416.13,329.35,26.19,69.59,1.68,-1,-1,-1
591,12,57.50,749.62,71.05,141.11,1.71,-1,-1,-1
592,7,674.61,644.32,47.01,122.15,1.72,-1,-1,-1
592,4,662.43,571.85,37.70,100.10,1.69,-1,-1,-1
592,30,121.57,514.52,70.67,99.72,1.74,-1,-1,-1
592,34,246.48,416.37,49.53,82.26,1.72,-1,-1,-1
592,29,1489.27,767.68,88.65,111.93,1.75,-1,-1,-1
592,28,942.68,798.10,117.89,145.23,1.74,-1,-1,-1
592,35,907.45,449.44,43.60,89.06,1.72,-1,-1,-1
592,37,1050.71,502.11,41.91,97.11,1.72,-1,-1,-1
592,39,1369.04,532.62,34.06,100.29,1.69,-1,-1,-1
592,46,1417.72,328.75,25.41,70.08,1.69,-1,-1,-1
592,12,65.73,748.62,63.10,136.59,1.69,-1,-1,-1
593,7,673.20,642.50,45.17,121.00,1.70,-1,-1,-1
593,4,663.66,568.86,37.54,98.90,1.67,-1,-1,-1
593,30,128.40,515.53,64.23,98.11,1.74,-1,-1,-1
593,34,248.40,415.39,47.16,80.98,1.71,-1,-1,-1
593,29,1486.14,769.27,89.95,110.26,1.75,-1,-1,-1
593,28,936.91,797.82,124.90,145.01,1.74,-1,-1,-1
593,35,911.16,448.88,41.19,88.55,1.71,-1,-1,-1
593,37,1053.40,501.60,42.59,98.17,1.71,-1,-1,-1
593,39,1371.50,532.14,35.64,100.16,1.68,-1,-1,-1
593,46,1418.64,328.24,26.10,69.43,1.68,-1,-1,-1
593,12,72.96,747.37,63.75,138.30,1.70,-1,-1,-1
594,7,674.40,640.32,40.85,120.34,1.71,-1,-1,-1
594,4,665.20,565.22,37.47,108.50,1.70,-1,-1,-1
594,30,136.40,515.37,56.15,96.71,1.74,-1,-1,-1
594,34,253.86,413.14,41.86,82.09,1.69,-1,-1,-1
594,29,1483.74,769.14,90.13,110.38,1.75,-1,-1,-1
594,28,931.53,797.53,128.23,144.64,1.73,-1,-1,-1
594,35,915.76,448.40,41.00,88.52,1.72,-1,-1,-1
594,37,1056.09,502.05,45.27,98.86,1.72,-1,-1,-1
594,39,1374.46,532.10,35.35,99.54,1.68,-1,-1,-1
594,46,1421.15,326.40,26.20,70.14,1.66,-1,-1,-1
594,12,76.73,748.68,66.80,137.70,1.71,-1,-1,-1
595,7,675.58,635.99,35.20,121.57,1.71,-1,-1,-1
595,4,668.34,561.40,37.26,104.65,1.68,-1,-1,-1
595,30,147.12,513.77,49.16,97.70,1.73,-1,-1,-1
595,34,262.49,410.07,37.55,84.11,1.69,-1,-1,-1
595,29,1483.64,767.22,88.16,112.24,1.75,-1,-1,-1
595,28,929.72,797.00,126.27,143.62,1.74,-1,-1,-1
595,35,922.18,447.01,38.02,88.45,1.71,-1,-1,-1
595,37,1059.89,502.21,44.06,98.31,1.72,-1,-1,-1
595,39,1376.45,531.01,38.14,100.87,1.69,-1,-1,-1
595,46,1423.20,326.26,26.78,69.88,1.66,-1,-1,-1
595,12,80.39,749.22,79.15,137.26,1.73,-1,-1,-1
596,7,677.61,630.60,32.93,122.52,1.71,-1,-1,-1
596,4,671.09,560.54,39.13,106.22,1.70,-1,-1,-1
596,30,156.53,511.87,47.03,97.89,1.72,-1,-1,-1
596,34,269.73,407.15,34.84,85.31,1.69,-1,-1,-1
596,29,1483.94,763.53,83.74,115.03,1.75,-1,-1,-1
596,28,927.92,793.67,119.87,146.56,1.73,-1,-1,-1
596,35,931.00,445.96,36.48,88.51,1.71,-1,-1,-1
596,37,1064.75,502.33,43.37,97.38,1.71,-1,-1,-1
596,39,1380.56,530.00,38.89,101.26,1.68,-1,-1,-1
596,46,1426.95,324.27,27.81,69.67,1.67,-1,-1,-1
596,12,83.04,751.54,93.47,133.39,1.73,-1,-1,-1
597,7,680.33,626.43,31.81,122.45,1.70,-1,-1,-1
597,4,676.45,559.28,39.38,102.02,1.70,-1,-1,-1
597,30,165.50,509.21,54.95,99.04,1.72,-1,-1,-1
597,34,275.95,405.53,35.60,84.77,1.69,-1,-1,-1
597,29,1486.38,759.51,75.72,118.76,1.75,-1,-1,-1
597,28,926.49,789.98,110.57,149.42,1.74,-1,-1,-1
597,35,940.06,444.11,34.56,89.58,1.70,-1,-1,-1
597,37,1070.73,501.40,42.99,97.66,1.72,-1,-1,-1
597,39,1384.96,529.97,39.74,100.17,1.69,-1,-1,-1
597,46,1431.78,322.82,27.63,69.90,1.68,-1,-1,-1
597,12,87.40,753.10,104.26,130.74,1.74,-1,-1,-1
598,7,683.05,622.18,29.96,120.58,1.68,-1,-1,-1
598,4,682.34,558.82,39.06,99.49,1.67,-1,-1,-1
598,30,174.15,507.31,59.59,99.19,1.74,-1,-1,-1
598,34,282.85,404.16,37.66,84.18,1.71,-1,-1,-1
598,29,1487.52,754.30,67.66,122.84,1.74,-1,-1,-1
598,28,928.32,785.93,97.17,151.56,1.74,-1,-1,-1
598,35,946.04,443.05,35.86,89.71,1.69,-1,-1,-1
598,37,1077.16,500.70,41.67,97.76,1.70,-1,-1,-1
598,39,1391.41,527.84,39.01,100.47,1.69,-1,-1,-1
598,46,1434.70,320.43,30.18,71.24,1.68,-1,-1,-1
598,12,96.14,750.97,106.77,129.38,1.72,-1,-1,-1
599,7,686.62,619.20,29.50,119.71,1.68,-1,-1,-1
599,4,689.60,557.12,39.11,96.23,1.68,-1,-1,-1
599,30,182.46,506.82,60.85,98.62,1.72,-1,-1,-1
599,34,290.13,403.38,41.52,83.30,1.71,-1,-1,-1
599,29,1488.71,750.80,69.97,125.99,1.75,-1,-1,-1
599,28,931.48,783.77,94.88,150.66,1.74,-1,-1,-1
599,35,953.16,441.83,36.63,90.63,1.68,-1,-1,-1
599,37,1083.93,499.26,41.73,97.06,1.70,-1,-1,-1
599,39,1397.06,527.02,40.12,100.25,1.67,-1,-1,-1
599,46,1442.24,319.58,29.04,70.80,1.67,-1,-1,-1
599,12,108.50,746.17,104.45,130.84,1.71,-1,-1,-1
600,7,689.57,617.79,29.14,118.14,1.70,-1,-1,-1
600,4,696.68,554.92,39.60,94.45,1.67,-1,-1,-1
600,30,192.68,505.91,59.29,99.20,1.73,-1,-1,-1
600,34,299.46,403.15,43.60,81.99,1.71,-1,-1,-1
600,29,1490.07,747.65,72.24,128.12,1.75,-1,-1,-1
600,28,935.44,781.41,91.99,151.76,1.75,-1,-1,-1
600,35,961.14,440.42,35.20,90.36,1.68,-1,-1,-1
600,37,1091.54,498.07,42.04,97.03,1.72,-1,-1,-1
600,39,1406.43,525.93,37.96,99.13,1.66,-1,-1,-1
600,46,1448.83,318.61,30.44,69.62,1.69,-1,-1,-1
600,12,129.43,744.31,94.94,120.65,1.71,-1,-1,-1
601,7,693.53,616.69,30.42,117.90,1.68,-1,-1,-1
601,4,703.23,553.41,42.04,94.34,1.67,-1,-1,-1
601,30,204.13,504.99,55.28,100.94,1.73,-1,-1,-1
601,34,310.27,403.00,40.54,81.07,1.70,-1,-1,-1
601,29,1494.86,746.71,71.04,127.05,1.74,-1,-1,-1
601,28,943.14,780.69,86.89,152.61,1.75,-1,-1,-1
601,35,969.74,439.07,36.74,91.53,1.68,-1,-1,-1
601,37,1100.71,496.53,41.39,99.55,1.70,-1,-1,-1
601,39,1412.93,524.36,38.72,100.25,1.67,-1,-1,-1
601,46,1455.65,317.49,31.90,69.48,1.68,-1,-1,-1
601,12,154.45,740.92,86.81,119.32,1.68,-1,-1,-1
602,7,698.31,616.97,29.97,116.40,1.69,-1,-1,-1
602,4,712.75,549.88,42.07,96.48,1.66,-1,-1,-1
602,30,215.10,504.50,51.07,101.38,1.72,-1,-1,-1
602,34,320.16,402.88,39.93,78.62,1.71,-1,-1,-1
602,29,1497.81,746.38,70.11,125.24,1.74,-1,-1,-1
602,28,950.06,781.00,83.48,152.22,1.74,-1,-1,-1
602,35,977.97,439.19,37.11,90.61,1.68,-1,-1,-1
602,37,1110.70,495.70,41.32,97.71,1.71,-1,-1,-1
602,39,1420.32,522.99,38.64,101.03,1.68,-1,-1,-1
602,46,1462.65,315.90,33.18,70.45,1.68,-1,-1,-1
602,12,176.85,739.10,77.33,114.80,1.67,-1,-1,-1
603,7,703.14,618.87,32.77,113.16,1.69,-1,-1,-1
603,4,721.44,547.20,43.07,98.70,1.67,-1,-1,-1
603,30,224.70,503.03,51.58,101.87,1.72,-1,-1,-1
603,34,330.98,401.87,37.45,78.54,1.70,-1,-1,-1
603,29,1499.88,746.98,67.65,122.90,1.74,-1,-1,-1
603,28,958.45,783.49,79.91,151.06,1.74,-1,-1,-1
603,35,987.09,439.39,37.04,89.72,1.68,-1,-1,-1
603,37,1120.44,494.84,41.31,97.30,1.71,-1,-1,-1
603,39,1428.28,522.43,37.92,101.30,1.67,-1,-1,-1
603,46,1470.97,314.73,32.90,70.25,1.69,-1,-1,-1
603,12,190.20,736.44,95.75,116.97,1.69,-1,-1,-1
604,7,707.61,621.47,36.18,109.17,1.67,-1,-1,-1
604,4,733.70,543.00,39.75,101.31,1.68,-1,-1,-1
604,30,235.83,501.71,50.29,101.80,1.72,-1,-1,-1
604,34,341.51,400.44,36.22,78.74,1.69,-1,-1,-1
604,29,1497.41,747.78,68.26,121.42,1.72,-1,-1,-1
604,28,962.39,785.31,81.31,150.57,1.74,-1,-1,-1
604,35,997.85,439.19,38.31,88.55,1.66,-1,-1,-1
604,37,1130.26,494.52,42.89,97.42,1.71,-1,-1,-1
604,39,1437.14,521.39,37.85,102.00,1.69,-1,-1,-1
604,46,1479.44,313.72,34.59,70.70,1.69,-1,-1,-1
604,12,201.08,733.43,102.62,117.09,1.71,-1,-1,-1
605,7,713.82,624.93,37.84,103.44,1.69,-1,-1,-1
605,4,745.65,538.45,37.46,104.78,1.68,-1,-1,-1
605,30,245.98,500.37,52.00,101.65,1.71,-1,-1,-1
605,34,352.62,398.51,35.37,79.35,1.69,-1,-1,-1
605,29,1494.06,747.62,70.29,121.22,1.71,-1,-1,-1
605,28,959.64,784.71,89.13,150.47,1.75,-1,-1,-1
605,35,1007.91,438.11,39.67,89.22,1.67,-1,-1,-1
605,37,1141.28,493.69,42.00,97.64,1.71,-1,-1,-1
605,39,1446.37,520.38,37.73,101.79,1.68,-1,-1,-1
605,46,1488.59,313.08,35.58,70.62,1.68,-1,-1,-1
605,12,215.86,731.48,118.05,114.54,1.70,-1,-1,-1
605,49,13.88,508.13,56.68,99.76,1.57,-1,-1,-1
605,42,35.59,522.65,47.71,106.04,1.55,-1,-1,-1
606,7,719.45,626.37,41.29,100.36,1.71,-1,-1,-1
606,4,756.50,535.20,36.85,105.01,1.67,-1,-1,-1
606,30,258.15,498.56,51.25,100.66,1.72,-1,-1,-1
606,34,362.68,395.97,36.00,80.76,1.70,-1,-1,-1
606,29,1496.90,746.55,77.45,122.70,1.71,-1,-1,-1
606,28,960.87,783.49,95.10,150.93,1.75,-1,-1,-1
606,35,1020.59,436.94,36.45,89.49,1.70,-1,-1,-1
606,37,1152.47,493.03,40.75,96.93,1.72,-1,-1,-1
606,39,1455.78,520.02,37.22,101.62,1.69,-1,-1,-1
606,46,1499.25,311.78,35.71,71.04,1.68,-1,-1,-1
606,12,238.24,728.92,123.08,113.97,1.71,-1,-1,-1
606,49,48.48,522.53,47.42,104.35,1.24,-1,-1,-1
606,42,26.82,506.91,51.96,100.33,1.58,-1,-1,-1
606,50,3.51,754.08,146.20,133.18,1.71,-1,-1,-1
607,7,725.01,626.41,43.54,95.95,1.71,-1,-1,-1
607,4,767.61,532.27,37.06,104.25,1.67,-1,-1,-1
607,30,271.13,496.27,50.75,100.78,1.72,-1,-1,-1
607,34,374.30,393.46,35.23,80.95,1.68,-1,-1,-1
607,29,1504.44,743.85,79.29,125.38,1.74,-1,-1,-1
607,28,967.02,780.85,90.77,149.55,1.75,-1,-1,-1
607,35,1031.84,434.95,35.50,89.94,1.70,-1,-1,-1
607,37,1164.18,492.97,40.66,97.22,1.72,-1,-1,-1
607,39,1462.87,519.35,40.43,102.13,1.68,-1,-1,-1
607,46,1510.63,310.97,34.74,71.01,1.67,-1,-1,-1
607,12,262.62,729.00,121.32,112.38,1.71,-1,-1,-1
607,49,40.23,505.36,50.64,98.85,1.55,-1,-1,-1
607,42,59.36,520.20,49.95,104.53,0.95,-1,-1,-1
607,50,38.83,749.42,132.20,133.67,1.73,-1,-1,-1
607,51,1878.16,686.74,42.18,127.97,1.35,-1,-1,-1
608,7,731.16,625.16,47.20,92.94,1.72,-1,-1,-1
608,4,778.94,529.68,36.98,104.08,1.66,-1,-1,-1
608,30,283.94,493.99,52.49,100.42,1.71,-1,-1,-1
608,34,385.97,391.23,34.70,80.98,1.68,-1,-1,-1
608,29,1508.75,742.45,82.67,126.54,1.74,-1,-1,-1
608,28,977.52,777.68,85.45,149.04,1.74,-1,-1,-1
608,35,1042.63,433.26,36.36,90.16,1.69,-1,-1,-1
608,37,1175.85,491.77,40.27,97.42,1.71,-1,-1,-1
608,39,1470.68,518.66,42.29,102.11,1.70,-1,-1,-1
608,46,1521.56,309.84,35.22,71.25,1.68,-1,-1,-1
608,12,292.00,728.72,107.94,114.44,1.72,-1,-1,-1
608,49,55.41,503.67,50.50,97.07,1.48,-1,-1,-1
608,42,72.83,518.92,48.01,103.57,1.22,-1,-1,-1
608,50,87.15,747.36,103.03,135.82,1.73,-1,-1,-1
608,51,1889.19,687.51,31.26,126.33,1.56,-1,-1,-1
609,7,730.19,623.39,57.05,90.06,1.73,-1,-1,-1
609,4,789.93,528.72,37.60,103.44,1.67,-1,-1,-1
609,30,297.74,491.83,54.23,100.85,1.72,-1,-1,-1
609,34,397.61,389.55,34.27,81.13,1.67,-1,-1,-1
609,29,1511.88,741.50,85.63,127.59,1.75,-1,-1,-1
609,28,984.41,775.95,81.89,147.26,1.74,-1,-1,-1
609,35,1055.71,431.96,35.41,90.94,1.69,-1,-1,-1
609,37,1186.99,491.81,40.92,95.19,1.71,-1,-1,-1
609,39,1478.48,518.09,44.50,102.09,1.70,-1,-1,-1
609,46,1532.95,308.42,35.15,70.49,1.67,-1,-1,-1
609,12,319.07,728.15,91.38,113.00,1.71,-1,-1,-1
609,49,70.70,500.45,55.28,99.09,1.53,-1,-1,-1
609,42,86.18,514.94,49.00,106.02,0.91,-1,-1,-1
609,50,141.60,742.89,74.30,137.27,1.69,-1,-1,-1
609,51,1902.37,687.83,17.75,125.37,0.83,-1,-1,-1
610,7,729.63,619.80,71.68,88.46,1.72,-1,-1,-1
610,4,801.17,527.45,37.42,103.21,1.66,-1,-1,-1
610,30,311.81,489.94,56.38,101.12,1.74,-1,-1,-1
610,34,409.51,388.54,34.58,81.05,1.67,-1,-1,-1
610,29,1514.09,741.41,83.39,126.62,1.75,-1,-1,-1
610,28,991.33,773.03,77.04,147.20,1.75,-1,-1,-1
610,35,1066.91,431.14,35.69,90.55,1.69,-1,-1,-1
610,37,1197.40,490.84,40.70,95.01,1.71,-1,-1,-1
610,39,1485.05,518.12,47.86,101.58,1.69,-1,-1,-1
610,46,1542.91,308.36,35.15,69.74,1.69,-1,-1,-1
610,12,353.20,725.08,71.05,113.20,1.70,-1,-1,-1
610,49,88.42,499.77,42.68,99.64,1.51,-1,-1,-1
610,42,101.50,514.30,47.93,104.51,1.63,-1,-1,-1
610,50,186.62,735.82,70.74,141.11,1.70,-1,-1,-1
611,7,731.01,615.52,80.26,89.68,1.71,-1,-1,-1
611,4,812.55,527.01,37.03,102.06,1.66,-1,-1,-1
611,30,325.88,488.37,57.81,101.70,1.72,-1,-1,-1
611,34,421.01,387.05,34.63,81.05,1.68,-1,-1,-1
611,29,1522.88,741.94,72.51,125.48,1.74,-1,-1,-1
611,28,993.62,769.50,78.00,147.74,1.74,-1,-1,-1
611,35,1077.97,430.59,35.30,90.16,1.69,-1,-1,-1
611,37,1208.36,490.18,38.48,95.10,1.70,-1,-1,-1
611,39,1489.47,517.99,51.74,100.80,1.71,-1,-1,-1
611,46,1552.97,307.03,33.70,70.28,1.69,-1,-1,-1
611,12,370.83,722.04,65.53,113.68,1.69,-1,-1,-1
611,49,105.45,497.55,39.21,101.75,1.49,-1,-1,-1
611,42,115.83,511.47,45.98,105.25,1.18,-1,-1,-1
611,50,207.46,728.18,83.19,144.66,1.69,-1,-1,-1
612,7,733.82,612.18,86.70,90.57,1.70,-1,-1,-1
612,4,822.40,524.90,37.70,104.17,1.67,-1,-1,-1
612,30,338.65,487.61,59.11,99.25,1.73,-1,-1,-1
612,34,432.44,386.68,33.73,80.28,1.70,-1,-1,-1
612,29,1535.56,742.30,53.60,124.83,1.73,-1,-1,-1
612,28,997.40,765.28,74.13,149.17,1.74,-1,-1,-1
612,35,1088.44,430.05,34.63,90.03,1.68,-1,-1,-1
612,37,1217.27,489.49,39.00,95.07,1.70,-1,-1,-1
612,39,1499.96,518.41,50.80,99.38,1.72,-1,-1,-1
612,46,1561.37,306.95,33.70,70.09,1.70,-1,-1,-1
612,12,386.40,718.22,63.71,113.72,1.70,-1,-1,-1
612,49,121.75,495.49,46.36,101.61,1.48,-1,-1,-1
612,42,128.10,510.04,47.15,105.16,0.71,-1,-1,-1
612,50,236.99,723.13,100.77,135.31,1.68,-1,-1,-1
613,7,736.64,609.47,92.16,93.62,1.75,-1,-1,-1
613,4,831.33,522.60,37.64,103.90,1.65,-1,-1,-1
613,30,352.16,486.68,56.09,99.38,1.73,-1,-1,-1
613,34,442.63,385.72,35.75,80.17,1.70,-1,-1,-1
613,29,1535.73,741.79,46.07,125.11,1.71,-1,-1,-1
613,28,1000.18,760.38,72.32,152.35,1.74,-1,-1,-1
613,35,1098.40,430.49,33.92,89.17,1.68,-1,-1,-1
613,37,1226.99,489.45,37.85,94.78,1.69,-1,-1,-1
613,39,1506.88,517.95,50.38,100.59,1.70,-1,-1,-1
613,46,1569.36,307.10,33.21,69.27,1.68,-1,-1,-1
613,12,400.90,716.22,66.91,111.93,1.68,-1,-1,-1
613,49,137.99,493.28,44.67,101.89,1.52,-1,-1,-1
613,42,142.11,509.99,45.22,106.18,0.99,-1,-1,-1
613,50,273.09,719.60,95.13,127.11,1.68,-1,-1,-1
614,7,741.28,609.09,89.57,93.66,1.74,-1,-1,-1
614,4,840.43,520.42,36.76,101.55,1.69,-1,-1,-1
614,30,364.45,485.64,55.91,100.03,1.73,-1,-1,-1
614,34,453.80,384.93,35.22,80.17,1.69,-1,-1,-1
614,29,1529.82,739.38,58.97,127.64,1.74,-1,-1,-1
614,28,1002.90,756.58,69.29,153.41,1.74,-1,-1,-1
614,35,1108.35,430.78,33.17,88.73,1.67,-1,-1,-1
614,37,1237.87,489.44,36.15,94.60,1.69,-1,-1,-1
614,39,1516.93,517.02,47.45,101.94,1.69,-1,-1,-1
614,46,1578.06,306.42,32.48,70.41,1.69,-1,-1,-1
614,12,420.59,716.18,59.95,110.90,1.66,-1,-1,-1
614,49,152.85,492.44,48.16,98.40,1.60,-1,-1,-1
614,42,155.02,510.78,45.71,106.90,0.40,-1,-1,-1
614,50,316.13,716.99,66.29,126.30,1.69,-1,-1,-1
615,7,748.39,609.12,81.68,92.54,1.74,-1,-1,-1
615,4,849.28,519.31,37.08,98.02,1.67,-1,-1,-1
615,30,377.48,484.95,53.25,98.64,1.73,-1,-1,-1
615,34,465.02,384.50,34.91,79.74,1.69,-1,-1,-1
615,29,1530.22,737.83,66.73,128.40,1.75,-1,-1,-1
615,28,1006.45,754.06,66.92,153.13,1.74,-1,-1,-1
615,35,1119.49,430.82,31.84,88.25,1.67,-1,-1,-1
615,37,1247.35,489.13,35.48,94.83,1.69,-1,-1,-1
615,39,1524.29,516.55,43.96,100.96,1.69,-1,-1,-1
615,46,1586.77,306.87,31.97,70.01,1.70,-1,-1,-1
615,12,432.58,716.31,59.20,108.38,1.67,-1,-1,-1
615,49,167.43,491.53,52.66,98.77,1.62,-1,-1,-1
615,42,168.48,511.80,44.65,104.75,0.93,-1,-1,-1
615,50,347.22,714.62,66.10,124.05,1.65,-1,-1,-1
616,7,755.38,608.66,74.22,92.26,1.72,-1,-1,-1
616,4,858.46,516.18,36.88,99.54,1.69,-1,-1,-1
616,30,390.69,484.01,51.38,98.47,1.73,-1,-1,-1
616,34,475.88,383.61,35.54,80.01,1.69,-1,-1,-1
616,29,1521.85,736.66,80.27,128.78,1.76,-1,-1,-1
616,28,1009.04,752.50,65.60,152.17,1.74,-1,-1,-1
616,35,1129.00,431.23,31.69,87.55,1.67,-1,-1,-1
616,37,1256.38,489.00,35.50,94.78,1.69,-1,-1,-1
616,39,1529.45,515.65,42.90,101.55,1.69,-1,-1,-1
616,46,1595.47,307.21,31.73,69.83,1.69,-1,-1,-1
616,12,448.13,714.82,57.59,108.49,1.68,-1,-1,-1
616,49,181.94,491.06,58.26,97.59,1.63,-1,-1,-1
616,42,181.26,511.12,44.70,104.95,0.43,-1,-1,-1
616,50,376.11,712.25,85.05,122.87,1.70,-1,-1,-1
617,7,761.74,606.75,67.32,93.73,1.72,-1,-1,-1
617,4,867.03,513.36,37.02,100.76,1.68,-1,-1,-1
617,30,402.11,483.60,50.88,97.77,1.73,-1,-1,-1
617,34,486.60,383.88,35.20,79.87,1.68,-1,-1,-1
617,29,1520.42,736.38,85.59,127.83,1.76,-1,-1,-1
617,28,1015.26,751.72,59.38,148.99,1.73,-1,-1,-1
617,35,1137.97,431.34,31.87,86.96,1.67,-1,-1,-1
617,37,1264.42,489.22,35.92,94.81,1.70,-1,-1,-1
617,39,1532.55,515.93,41.80,101.07,1.68,-1,-1,-1
617,46,1603.63,308.08,31.46,69.44,1.69,-1,-1,-1
617,12,462.68,711.97,60.54,109.89,1.62,-1,-1,-1
617,49,195.19,490.91,62.55,95.61,1.64,-1,-1,-1
617,42,192.17,511.50,46.07,105.32,1.15,-1,-1,-1
617,50,403.75,711.06,80.75,120.16,1.72,-1,-1,-1
617,52,11.83,520.95,54.47,106.07,1.71,-1,-1,-1
618,7,770.73,605.22,58.31,96.44,1.72,-1,-1,-1
618,4,876.73,511.81,36.37,100.63,1.69,-1,-1,-1
618,30,415.23,483.38,49.49,97.32,1.73,-1,-1,-1
618,34,495.96,383.85,36.72,79.99,1.70,-1,-1,-1
618,29,1525.17,737.57,81.01,124.70,1.75,-1,-1,-1
618,28,1017.73,750.40,55.02,145.87,1.73,-1,-1,-1
618,35,1143.63,432.47,34.68,85.37,1.68,-1,-1,-1
618,37,1272.72,489.54,35.03,94.52,1.69,-1,-1,-1
618,39,1536.74,516.31,36.77,99.27,1.67,-1,-1,-1
618,46,1610.34,308.83,32.40,69.81,1.68,-1,-1,-1
618,12,477.07,708.93,62.01,111.02,1.54,-1,-1,-1
618,49,213.08,490.27,58.16,96.98,1.63,-1,-1,-1
618,42,203.39,511.89,45.87,104.71,0.37,-1,-1,-1
618,50,431.15,707.80,64.23,122.84,1.72,-1,-1,-1
618,52,27.59,520.79,60.61,104.98,1.71,-1,-1,-1
619,7,779.17,604.30,55.21,100.92,1.73,-1,-1,-1
619,4,886.71,509.92,34.08,99.10,1.68,-1,-1,-1
619,30,426.31,482.97,47.87,96.71,1.73,-1,-1,-1
619,34,505.57,383.98,36.79,79.63,1.69,-1,-1,-1
619,29,1532.74,737.73,70.46,122.54,1.75,-1,-1,-1
619,28,1020.38,746.88,52.35,143.95,1.73,-1,-1,-1
619,35,1151.89,433.10,34.71,85.20,1.68,-1,-1,-1
619,37,1280.59,490.25,34.91,94.15,1.70,-1,-1,-1
619,39,1538.84,517.83,40.47,98.32,1.68,-1,-1,-1
619,46,1616.85,309.66,33.00,70.37,1.68,-1,-1,-1
619,12,486.49,705.55,74.02,111.47,1.63,-1,-1,-1
619,49,220.20,490.06,62.79,96.36,1.63,-1,-1,-1
619,42,214.82,512.84,44.53,104.05,0.90,-1,-1,-1
619,50,454.74,704.32,61.84,125.26,1.61,-1,-1,-1
619,52,44.01,521.36,66.36,103.59,1.72,-1,-1,-1
620,7,786.01,604.27,53.42,104.29,1.73,-1,-1,-1
620,4,895.81,509.54,33.84,98.76,1.69,-1,-1,-1
620,30,438.19,482.60,47.36,97.26,1.73,-1,-1,-1
620,34,515.57,384.35,36.97,79.32,1.69,-1,-1,-1
620,29,1539.96,736.71,59.06,123.58,1.73,-1,-1,-1
620,28,1023.12,741.68,52.98,145.27,1.71,-1,-1,-1
620,35,1159.10,433.41,36.50,85.29,1.68,-1,-1,-1
620,37,1288.11,490.98,36.13,94.20,1.70,-1,-1,-1
620,39,1543.87,519.81,42.15,96.77,1.69,-1,-1,-1
620,46,1624.43,310.40,33.67,71.26,1.68,-1,-1,-1
620,12,503.20,700.39,66.70,104.06,1.59,-1,-1,-1
620,49,238.60,491.02,56.91,95.37,1.59,-1,-1,-1
620,50,478.29,699.64,59.15,127.54,1.65,-1,-1,-1
620,52,60.11,522.10,66.71,101.69,1.73,-1,-1,-1
621,7,794.51,605.37,49.78,106.69,1.72,-1,-1,-1
621,4,905.26,509.42,33.95,97.42,1.69,-1,-1,-1
621,30,450.30,482.57,45.64,97.14,1.72,-1,-1,-1
621,34,526.90,384.35,36.62,79.19,1.69,-1,-1,-1
621,29,1543.14,733.91,50.89,126.67,1.71,-1,-1,-1
621,28,1025.55,737.07,55.05,146.22,1.72,-1,-1,-1
621,35,1166.02,433.75,39.21,85.96,1.69,-1,-1,-1
621,37,1296.46,491.72,36.09,94.03,1.70,-1,-1,-1
621,39,1546.48,521.40,48.54,95.82,1.70,-1,-1,-1
621,46,1633.77,312.82,32.03,69.49,1.68,-1,-1,-1
621,12,519.43,705.58,62.78,102.05,1.45,-1,-1,-1
621,49,250.57,490.73,57.80,94.28,1.60,-1,-1,-1
621,50,501.09,696.54,57.20,128.32,1.55,-1,-1,-1
621,52,76.08,522.51,65.29,100.74,1.73,-1,-1,-1
622,7,800.83,607.80,47.53,106.95,1.73,-1,-1,-1
622,4,914.61,510.73,33.49,95.23,1.68,-1,-1,-1
622,30,460.73,482.26,47.01,96.64,1.72,-1,-1,-1
622,34,536.99,384.60,36.79,78.74,1.69,-1,-1,-1
622,29,1546.97,732.11,41.77,128.22,1.71,-1,-1,-1
622,28,1027.96,734.11,56.11,147.83,1.73,-1,-1,-1
622,35,1174.22,434.47,39.43,85.50,1.69,-1,-1,-1
622,37,1303.68,491.86,37.67,94.76,1.70,-1,-1,-1
622,39,1551.93,522.43,51.88,95.25,1.71,-1,-1,-1
622,46,1643.38,313.85,30.42,69.29,1.67,-1,-1,-1
622,12,524.00,696.67,73.16,104.97,1.30,-1,-1,-1
622,49,272.33,489.67,48.16,95.04,1.56,-1,-1,-1
622,50,520.14,694.55,61.42,121.62,1.55,-1,-1,-1
622,52,91.99,522.95,62.03,99.46,1.72,-1,-1,-1
623,7,804.86,610.25,46.90,106.89,1.72,-1,-1,-1
623,4,922.86,510.91,34.20,95.61,1.69,-1,-1,-1
623,30,472.45,482.29,45.01,96.10,1.72,-1,-1,-1
623,34,547.06,384.43,36.62,78.44,1.69,-1,-1,-1
623,29,1549.25,729.70,38.24,131.20,1.71,-1,-1,-1
623,28,1033.76,730.61,54.45,144.68,1.72,-1,-1,-1
623,35,1180.99,434.76,40.97,85.80,1.70,-1,-1,-1
623,37,1310.98,492.89,38.28,94.53,1.70,-1,-1,-1
623,39,1555.44,524.08,58.18,93.64,1.71,-1,-1,-1
623,46,1651.62,314.50,30.71,69.18,1.67,-1,-1,-1
623,12,537.94,688.53,77.77,123.26,1.43,-1,-1,-1
623,49,286.29,489.06,44.46,94.83,1.59,-1,-1,-1
623,50,524.74,693.36,78.75,111.43,1.33,-1,-1,-1
623,52,108.15,523.48,57.80,97.04,1.73,-1,-1,-1
624,7,801.78,613.50,51.13,103.52,1.73,-1,-1,-1
624,4,929.96,511.74,35.79,94.70,1.69,-1,-1,-1
624,30,484.12,481.99,43.97,95.88,1.73,-1,-1,-1
624,34,557.34,384.23,35.55,78.50,1.69,-1,-1,-1
624,29,1545.79,728.79,45.13,132.57,1.73,-1,-1,-1
624,28,1040.22,729.30,52.17,140.08,1.71,-1,-1,-1
624,35,1186.51,435.47,44.12,84.82,1.70,-1,-1,-1
624,37,1317.96,493.08,38.89,95.17,1.70,-1,-1,-1
624,39,1560.62,525.34,61.42,92.51,1.73,-1,-1,-1
624,46,1660.64,315.49,29.39,68.81,1.67,-1,-1,-1
624,12,527.15,692.20,85.60,105.80,1.53,-1,-1,-1
624,49,301.60,487.74,39.99,95.01,1.62,-1,-1,-1
624,50,557.67,689.65,80.81,114.92,1.50,-1,-1,-1
624,52,122.08,523.23,56.34,96.65,1.72,-1,-1,-1
625,7,799.97,615.18,60.35,101.86,1.74,-1,-1,-1
625,4,938.21,510.57,36.54,95.88,1.70,-1,-1,-1
625,30,495.23,482.04,43.85,95.08,1.72,-1,-1,-1
625,34,567.12,384.48,36.02,77.57,1.70,-1,-1,-1
625,29,1536.51,728.81,54.29,132.12,1.73,-1,-1,-1
625,28,1049.72,728.10,46.74,135.79,1.72,-1,-1,-1
625,35,1194.02,435.44,45.33,85.07,1.69,-1,-1,-1
625,37,1326.18,493.62,39.35,96.05,1.71,-1,-1,-1
625,39,1566.69,526.14,61.58,92.80,1.72,-1,-1,-1
625,46,1668.54,316.36,28.86,68.46,1.67,-1,-1,-1
625,12,542.56,688.70,80.52,109.81,1.43,-1,-1,-1
625,49,317.13,487.00,36.64,96.87,1.65,-1,-1,-1
625,50,545.30,689.30,113.41,114.31,1.52,-1,-1,-1
625,52,136.52,522.75,54.58,97.10,1.73,-1,-1,-1
626,7,800.30,615.77,68.84,101.23,1.73,-1,-1,-1
626,4,946.54,508.45,37.86,96.95,1.67,-1,-1,-1
626,30,505.18,481.80,44.86,95.64,1.72,-1,-1,-1
626,34,576.82,384.05,35.56,77.96,1.69,-1,-1,-1
626,29,1529.09,730.13,60.93,129.51,1.73,-1,-1,-1
626,28,1054.70,728.36,45.27,135.45,1.72,-1,-1,-1
626,35,1203.01,435.70,44.96,85.60,1.71,-1,-1,-1
626,37,1334.96,494.45,39.69,95.44,1.72,-1,-1,-1
626,39,1571.17,527.40,61.62,92.44,1.73,-1,-1,-1
626,46,1677.41,316.44,27.33,68.60,1.66,-1,-1,-1
626,12,562.26,686.06,112.92,114.39,1.43,-1,-1,-1
626,49,329.55,487.37,37.07,97.62,1.63,-1,-1,-1
626,50,607.57,687.78,69.45,112.56,0.89,-1,-1,-1
626,52,149.12,522.68,52.73,97.24,1.72,-1,-1,-1
627,7,802.12,616.04,75.02,100.48,1.73,-1,-1,-1
627,4,954.83,506.85,36.63,97.77,1.68,-1,-1,-1
627,30,515.25,481.74,44.34,94.75,1.72,-1,-1,-1
627,34,586.97,383.86,36.08,77.23,1.69,-1,-1,-1
627,29,1523.29,732.60,68.54,128.20,1.74,-1,-1,-1
627,28,1057.40,728.17,46.60,136.15,1.71,-1,-1,-1
627,35,1210.12,435.98,46.73,85.36,1.71,-1,-1,-1
627,37,1343.47,495.47,39.14,95.01,1.72,-1,-1,-1
627,39,1580.50,528.27,53.86,92.42,1.72,-1,-1,-1
627,46,1685.82,317.64,27.37,67.46,1.66,-1,-1,-1
627,49,342.94,487.93,38.02,97.82,1.65,-1,-1,-1
627,50,591.05,686.73,93.87,103.17,1.47,-1,-1,-1
627,52,163.36,522.57,50.45,97.21,1.72,-1,-1,-1
628,7,808.02,615.02,77.78,101.68,1.74,-1,-1,-1
628,4,960.89,505.33,37.18,96.99,1.67,-1,-1,-1
628,30,525.21,481.55,44.41,95.10,1.72,-1,-1,-1
628,34,597.87,383.90,34.65,77.35,1.69,-1,-1,-1
628,29,1521.85,735.19,77.76,126.97,1.75,-1,-1,-1
628,28,1061.96,726.78,48.49,137.60,1.73,-1,-1,-1
628,35,1219.07,436.28,45.79,85.40,1.71,-1,-1,-1
628,37,1352.26,496.01,38.32,94.84,1.72,-1,-1,-1
628,39,1585.27,529.35,49.90,91.76,1.71,-1,-1,-1
628,46,1694.71,317.64,25.80,68.36,1.66,-1,-1,-1
628,49,355.32,488.95,40.29,96.63,1.63,-1,-1,-1
628,50,609.85,684.12,89.11,108.11,1.61,-1,-1,-1
628,52,175.33,523.19,50.51,97.04,1.73,-1,-1,-1
629,7,813.27,612.24,78.46,104.55,1.73,-1,-1,-1
629,4,968.59,502.48,34.69,97.34,1.68,-1,-1,-1
629,30,535.64,482.04,43.30,94.11,1.71,-1,-1,-1
629,34,607.00,383.64,34.36,77.33,1.69,-1,-1,-1
629,29,1522.60,737.58,84.68,125.31,1.75,-1,-1,-1
629,28,1064.87,723.44,49.29,138.74,1.72,-1,-1,-1
629,35,1227.44,436.11,46.11,85.34,1.71,-1,-1,-1
629,37,1360.52,496.38,38.58,94.91,1.71,-1,-1,-1
629,39,1590.88,529.71,44.50,92.09,1.70,-1,-1,-1
629,46,1701.96,317.72,26.47,67.89,1.66,-1,-1,-1
629,49,368.25,490.55,43.00,96.30,1.66,-1,-1,-1
629,50,622.61,680.04,83.68,108.74,1.69,-1,-1,-1
629,52,187.15,523.77,49.48,95.94,1.72,-1,-1,-1
630,7,816.24,610.45,77.78,103.53,1.74,-1,-1,-1
630,4,977.63,499.04,31.88,97.99,1.68,-1,-1,-1
630,30,544.69,482.48,44.06,92.88,1.72,-1,-1,-1
630,34,617.28,383.25,33.11,78.21,1.69,-1,-1,-1
630,29,1527.82,738.41,85.58,124.31,1.76,-1,-1,-1
630,28,1068.84,721.32,50.98,138.52,1.72,-1,-1,-1
630,35,1237.48,435.96,44.36,86.16,1.70,-1,-1,-1
630,37,1369.82,496.93,36.33,94.09,1.70,-1,-1,-1
630,39,1593.64,529.02,40.15,92.77,1.69,-1,-1,-1
630,46,1708.95,318.79,27.62,67.26,1.67,-1,-1,-1
630,49,381.40,491.63,43.61,94.90,1.68,-1,-1,-1
630,50,635.44,679.42,57.68,89.64,1.14,-1,-1,-1
630,52,199.27,524.85,48.45,94.54,1.72,-1,-1,-1
630,12,637.36,673.83,80.90,113.36,1.64,-1,-1,-1
631,7,821.62,609.35,70.82,103.71,1.73,-1,-1,-1
631,4,985.44,496.70,30.16,97.28,1.66,-1,-1,-1
631,30,553.23,482.58,45.04,92.60,1.72,-1,-1,-1
631,34,625.31,383.35,33.90,77.47,1.69,-1,-1,-1
631,29,1534.76,737.98,81.68,125.01,1.75,-1,-1,-1
631,28,1071.54,719.14,51.99,138.35,1.73,-1,-1,-1
631,35,1246.31,435.40,44.12,86.54,1.72,-1,-1,-1
631,37,1378.21,496.79,35.26,94.40,1.69,-1,-1,-1
631,39,1591.73,528.60,50.20,94.06,1.70,-1,-1,-1
631,46,1716.66,318.81,27.94,68.02,1.65,-1,-1,-1
631,49,393.47,493.21,45.20,94.11,1.68,-1,-1,-1
631,50,649.29,672.93,64.00,94.52,1.14,-1,-1,-1
631,52,208.87,525.34,50.13,94.61,1.71,-1,-1,-1
631,12,649.66,669.02,82.26,111.60,1.66,-1,-1,-1
632,7,830.63,609.09,55.64,105.09,1.72,-1,-1,-1
632,4,993.29,495.35,28.31,95.59,1.65,-1,-1,-1
632,30,562.46,483.11,44.98,90.90,1.72,-1,-1,-1
632,34,634.85,383.06,34.16,76.89,1.68,-1,-1,-1
632,29,1538.94,736.97,77.76,126.56,1.75,-1,-1,-1
632,28,1073.82,715.99,54.47,139.62,1.72,-1,-1,-1
632,35,1254.33,434.67,43.37,87.47,1.72,-1,-1,-1
632,37,1385.29,496.73,34.89,95.03,1.70,-1,-1,-1
632,39,1593.41,526.44,56.92,96.29,1.73,-1,-1,-1
632,46,1723.18,318.11,29.71,69.42,1.66,-1,-1,-1
632,49,405.32,493.90,44.60,92.79,1.68,-1,-1,-1
632,50,662.93,664.31,89.52,111.35,1.71,-1,-1,-1
632,52,219.34,526.92,50.54,93.58,1.72,-1,-1,-1
633,7,819.72,608.59,54.33,104.70,1.72,-1,-1,-1
633,4,1000.68,494.56,27.61,94.88,1.65,-1,-1,-1
633,30,571.05,483.36,45.88,90.74,1.72,-1,-1,-1
633,34,642.95,382.09,35.74,77.05,1.68,-1,-1,-1
633,29,1542.58,732.88,71.34,130.75,1.74,-1,-1,-1
633,28,1078.46,712.02,53.21,136.62,1.72,-1,-1,-1
633,35,1262.40,433.55,42.96,88.12,1.70,-1,-1,-1
633,37,1390.79,496.39,37.02,95.47,1.70,-1,-1,-1
633,39,1594.25,525.11,61.97,95.03,1.73,-1,-1,-1
633,46,1728.70,319.08,32.64,68.41,1.69,-1,-1,-1
633,49,415.77,494.12,47.02,91.71,1.69,-1,-1,-1
633,50,676.34,661.74,90.54,111.52,1.72,-1,-1,-1
633,52,228.95,527.09,50.26,92.15,1.72,-1,-1,-1
634,7,818.05,608.33,62.51,104.92,1.70,-1,-1,-1
634,4,1006.26,494.67,27.65,93.49,1.66,-1,-1,-1
634,30,580.35,483.86,44.66,89.61,1.72,-1,-1,-1
634,34,652.35,382.30,35.02,76.10,1.69,-1,-1,-1
634,29,1546.94,729.90,60.69,133.52,1.73,-1,-1,-1
634,28,1082.37,707.45,52.30,135.13,1.73,-1,-1,-1
634,35,1268.91,433.21,42.71,87.95,1.70,-1,-1,-1
634,37,1395.11,496.72,37.93,95.85,1.71,-1,-1,-1
634,39,1598.38,523.92,62.30,97.46,1.74,-1,-1,-1
634,46,1733.17,320.63,36.33,66.89,1.68,-1,-1,-1
634,49,427.40,493.94,47.53,90.67,1.66,-1,-1,-1
634,50,688.69,660.79,89.08,112.99,1.72,-1,-1,-1
634,52,235.88,526.73,53.21,91.70,1.70,-1,-1,-1
635,7,816.71,608.14,70.74,104.65,1.72,-1,-1,-1
635,4,1009.51,494.82,31.33,94.76,1.66,-1,-1,-1
635,30,589.75,483.95,46.51,88.90,1.72,-1,-1,-1
635,34,661.09,382.15,33.82,75.44,1.69,-1,-1,-1
635,29,1552.99,727.75,47.38,136.09,1.71,-1,-1,-1
635,28,1088.18,704.06,51.28,133.35,1.72,-1,-1,-1
635,35,1276.43,432.61,41.10,87.27,1.71,-1,-1,-1
635,37,1401.16,496.71,39.22,95.97,1.71,-1,-1,-1
635,39,1600.51,524.07,61.94,95.63,1.73,-1,-1,-1
635,46,1738.29,320.80,40.25,67.24,1.70,-1,-1,-1
635,49,438.03,493.02,49.11,90.92,1.70,-1,-1,-1
635,50,702.38,657.74,74.26,49.02,1.54,-1,-1,-1
635,52,246.09,526.55,50.52,91.43,1.70,-1,-1,-1
635,12,697.99,660.95,90.88,112.88,1.72,-1,-1,-1
636,7,817.40,606.69,70.55,105.46,1.74,-1,-1,-1
636,4,1016.99,495.63,31.56,93.23,1.68,-1,-1,-1
636,30,597.71,484.55,49.65,88.07,1.73,-1,-1,-1
636,34,671.24,382.02,31.59,75.35,1.70,-1,-1,-1
636,29,1556.37,727.21,37.33,135.89,1.70,-1,-1,-1
636,28,1094.51,700.28,48.88,132.62,1.72,-1,-1,-1
636,35,1282.34,432.52,39.28,86.12,1.69,-1,-1,-1
636,37,1407.59,496.78,41.20,95.31,1.70,-1,-1,-1
636,39,1607.68,525.21,54.34,91.30,1.73,-1,-1,-1
636,46,1746.05,321.34,40.37,66.93,1.69,-1,-1,-1
636,49,449.11,493.51,55.86,89.60,1.71,-1,-1,-1
636,50,711.11,650.89,72.58,53.71,1.62,-1,-1,-1
636,52,255.66,525.74,48.91,90.85,1.72,-1,-1,-1
636,12,710.92,662.31,87.44,112.13,1.73,-1,-1,-1
637,7,821.99,605.96,61.12,104.81,1.72,-1,-1,-1
637,4,1023.01,495.26,33.41,94.22,1.69,-1,-1,-1
637,30,606.89,485.05,49.44,87.07,1.73,-1,-1,-1
637,34,679.42,381.55,32.00,74.71,1.70,-1,-1,-1
637,29,1559.62,727.29,35.67,134.50,1.71,-1,-1,-1
637,28,1099.67,697.79,47.29,131.94,1.71,-1,-1,-1
637,35,1288.32,431.69,37.55,86.35,1.69,-1,-1,-1
637,37,1414.06,496.40,42.16,97.08,1.70,-1,-1,-1
637,39,1609.59,525.62,51.25,91.14,1.72,-1,-1,-1
637,46,1753.96,321.38,40.87,67.18,1.69,-1,-1,-1
637,49,460.94,492.37,57.24,90.19,1.72,-1,-1,-1
637,50,712.16,648.20,79.33,65.67,1.51,-1,-1,-1
637,52,263.27,525.30,49.67,90.73,1.71,-1,-1,-1
637,12,721.93,664.30,85.22,108.74,1.72,-1,-1,-1
637,53,14.20,779.68,60.54,141.60,1.63,-1,-1,-1
637,54,712.66,650.19,80.42,97.53,0.84,-1,-1,-1
638,7,816.81,606.05,56.18,105.69,1.74,-1,-1,-1
638,4,1030.74,494.65,33.97,94.73,1.67,-1,-1,-1
638,30,615.75,484.76,52.51,86.93,1.73,-1,-1,-1
638,34,687.83,380.73,32.05,75.04,1.69,-1,-1,-1
638,29,1551.30,727.86,43.22,135.01,1.71,-1,-1,-1
638,28,1104.11,696.67,45.73,130.66,1.72,-1,-1,-1
638,35,1295.48,431.44,33.21,85.76,1.67,-1,-1,-1
638,37,1422.87,496.06,42.01,96.67,1.70,-1,-1,-1
638,39,1610.52,525.07,46.23,92.16,1.71,-1,-1,-1
638,46,1763.55,322.22,40.55,66.65,1.69,-1,-1,-1
638,49,471.96,491.68,58.22,90.53,1.72,-1,-1,-1
638,50,711.69,644.53,85.79,76.44,1.43,-1,-1,-1
638,52,270.77,524.27,48.71,90.45,1.71,-1,-1,-1
638,12,738.05,663.57,77.72,108.59,1.70,-1,-1,-1
638,53,26.11,774.73,66.23,137.08,1.65,-1,-1,-1
639,7,803.46,606.62,56.18,104.78,1.73,-1,-1,-1
639,4,1038.81,493.34,33.45,95.40,1.67,-1,-1,-1
639,30,624.98,484.71,50.44,86.03,1.72,-1,-1,-1
639,34,695.60,380.19,32.40,75.38,1.70,-1,-1,-1
639,29,1541.35,730.02,53.15,134.99,1.73,-1,-1,-1
639,28,1103.69,697.15,48.32,128.22,1.73,-1,-1,-1
639,35,1300.72,431.78,30.34,84.45,1.64,-1,-1,-1
639,37,1431.43,496.50,40.63,98.05,1.70,-1,-1,-1
639,39,1608.55,523.67,47.28,94.19,1.71,-1,-1,-1
639,46,1772.52,322.38,39.56,67.07,1.66,-1,-1,-1
639,49,481.52,489.83,59.24,92.81,1.71,-1,-1,-1
639,50,710.60,640.17,90.57,64.29,1.62,-1,-1,-1
639,52,278.66,522.84,43.37,91.67,1.70,-1,-1,-1
639,12,737.81,660.93,85.08,110.19,1.70,-1,-1,-1
639,53,40.27,770.37,69.33,133.61,1.65,-1,-1,-1
639,55,13.56,810.12,83.40,140.16,1.65,-1,-1,-1
640,7,800.44,605.55,65.18,106.40,1.74,-1,-1,-1
640,4,1046.31,492.25,31.65,93.50,1.65,-1,-1,-1
640,30,633.55,484.39,51.37,85.84,1.72,-1,-1,-1
640,34,704.10,379.20,31.85,75.49,1.69,-1,-1,-1
640,29,1533.83,733.67,69.12,132.77,1.73,-1,-1,-1
640,28,1100.66,698.07,58.45,127.18,1.72,-1,-1,-1
640,35,1305.90,431.86,31.99,84.31,1.68,-1,-1,-1
640,37,1438.93,496.13,40.29,99.71,1.70,-1,-1,-1
640,39,1611.17,522.28,52.80,95.59,1.73,-1,-1,-1
640,46,1781.77,321.32,36.27,68.66,1.67,-1,-1,-1
640,49,489.15,488.19,60.46,93.48,1.72,-1,-1,-1
640,50,718.57,633.46,72.00,66.05,1.65,-1,-1,-1
640,52,287.31,522.29,38.01,91.62,1.69,-1,-1,-1
640,12,739.17,657.75,90.57,114.26,1.72,-1,-1,-1
640,53,53.94,766.66,68.41,130.27,1.66,-1,-1,-1
640,55,24.90,804.63,77.33,143.07,1.69,-1,-1,-1
641,7,797.86,603.33,73.29,108.00,1.72,-1,-1,-1
641,4,1052.43,490.38,30.04,94.44,1.66,-1,-1,-1
641,30,642.98,483.80,49.36,86.14,1.72,-1,-1,-1
641,34,711.47,379.26,32.72,75.71,1.69,-1,-1,-1
641,29,1529.30,737.18,83.05,130.53,1.74,-1,-1,-1
641,28,1103.25,699.65,63.60,127.44,1.73,-1,-1,-1
641,35,1311.82,431.87,34.07,83.92,1.69,-1,-1,-1
641,37,1447.50,495.91,36.41,98.60,1.69,-1,-1,-1
641,39,1614.29,521.29,57.99,95.27,1.73,-1,-1,-1
641,46,1791.03,321.41,33.99,68.65,1.67,-1,-1,-1
641,49,499.22,486.66,60.04,94.22,1.72,-1,-1,-1
641,50,725.52,628.65,77.40,79.01,1.54,-1,-1,-1
641,52,293.78,520.93,40.42,91.94,1.70,-1,-1,-1
641,12,742.29,654.13,93.17,116.51,1.71,-1,-1,-1
641,53,67.39,763.00,66.64,130.41,1.61,-1,-1,-1
641,55,36.48,799.27,83.01,145.06,1.63,-1,-1,-1
642,7,790.71,600.35,76.89,108.01,1.73,-1,-1,-1
642,4,1058.17,488.30,30.09,94.64,1.66,-1,-1,-1
642,30,653.51,482.98,47.05,86.13,1.72,-1,-1,-1
642,34,720.18,378.70,32.33,76.13,1.70,-1,-1,-1
642,29,1528.74,739.24,91.30,129.26,1.74,-1,-1,-1
642,28,1105.34,700.48,69.11,126.20,1.74,-1,-1,-1
642,35,1314.61,432.55,40.12,83.98,1.69,-1,-1,-1
642,37,1455.69,496.21,32.57,98.22,1.69,-1,-1,-1
642,39,1616.31,520.53,61.39,96.74,1.73,-1,-1,-1
642,46,1801.05,322.72,30.94,67.84,1.64,-1,-1,-1
642,49,511.53,484.67,58.62,93.35,1.72,-1,-1,-1
642,50,733.68,617.47,74.90,92.17,1.64,-1,-1,-1
642,52,302.22,519.71,40.87,92.99,1.70,-1,-1,-1
642,12,748.07,652.39,91.76,116.49,1.72,-1,-1,-1
642,53,78.91,760.30,63.70,138.76,1.49,-1,-1,-1
642,55,47.76,794.22,88.60,147.52,1.68,-1,-1,-1
643,7,789.38,598.10,73.13,101.37,1.70,-1,-1,-1
643,4,1066.29,486.07,27.52,93.14,1.66,-1,-1,-1
643,30,663.89,481.68,46.32,85.80,1.73,-1,-1,-1
643,34,729.18,378.60,33.84,75.94,1.69,-1,-1,-1
643,29,1533.13,739.11,93.32,130.57,1.76,-1,-1,-1
643,28,1112.70,700.24,69.13,125.65,1.74,-1,-1,-1
643,35,1315.68,432.69,47.49,83.98,1.70,-1,-1,-1
643,37,1465.24,496.09,28.95,95.86,1.67,-1,-1,-1
643,39,1617.22,520.23,65.89,95.02,1.73,-1,-1,-1
643,46,1810.54,322.90,27.56,68.24,1.64,-1,-1,-1
643,49,525.75,482.21,56.59,94.00,1.70,-1,-1,-1
643,50,739.53,609.57,75.95,98.95,1.66,-1,-1,-1
643,52,309.68,518.87,42.41,93.36,1.70,-1,-1,-1
643,12,751.27,650.57,87.81,115.63,1.72,-1,-1,-1
643,53,92.67,757.98,61.87,135.45,1.56,-1,-1,-1
643,55,59.92,790.51,84.36,145.70,1.68,-1,-1,-1
644,7,793.00,596.06,60.23,101.10,1.70,-1,-1,-1
644,4,1073.41,484.29,28.69,94.45,1.65,-1,-1,-1
644,30,674.66,480.20,45.56,86.47,1.73,-1,-1,-1
644,34,737.32,378.24,35.27,76.29,1.69,-1,-1,-1
644,29,1539.99,737.79,88.19,132.28,1.75,-1,-1,-1
644,28,1120.70,698.23,67.94,126.59,1.73,-1,-1,-1
644,35,1319.89,433.19,53.46,83.93,1.70,-1,-1,-1
644,37,1472.25,496.24,25.38,95.40,1.67,-1,-1,-1
644,39,1624.67,521.65,62.33,93.98,1.73,-1,-1,-1
644,46,1820.89,323.65,25.44,67.75,1.64,-1,-1,-1
644,49,542.99,480.33,48.80,94.01,1.71,-1,-1,-1
644,50,745.35,613.31,78.67,98.75,1.66,-1,-1,-1
644,52,318.58,518.12,44.06,93.64,1.71,-1,-1,-1
644,12,754.27,650.80,82.70,112.25,1.73,-1,-1,-1
644,53,104.91,754.48,68.67,136.23,1.58,-1,-1,-1
644,55,74.64,788.59,81.01,140.91,1.70,-1,-1,-1
645,7,796.74,594.68,56.01,102.34,1.69,-1,-1,-1
645,4,1082.06,483.35,28.07,93.56,1.65,-1,-1,-1
645,30,686.43,479.03,44.12,86.97,1.72,-1,-1,-1
645,34,747.46,378.12,35.90,76.47,1.68,-1,-1,-1
645,29,1550.02,735.87,77.76,132.23,1.75,-1,-1,-1
645,28,1129.52,696.15,63.89,128.13,1.73,-1,-1,-1
645,35,1328.67,433.61,53.43,83.54,1.71,-1,-1,-1
645,37,1478.55,496.74,27.62,95.55,1.67,-1,-1,-1
645,39,1632.37,522.17,55.17,94.62,1.73,-1,-1,-1
645,46,1831.93,323.90,23.63,68.15,1.62,-1,-1,-1
645,49,559.21,479.31,43.47,92.15,1.71,-1,-1,-1
645,50,752.27,623.40,80.01,86.96,1.67,-1,-1,-1
645,52,327.27,517.06,45.46,93.81,1.70,-1,-1,-1
645,12,760.14,651.82,75.29,110.89,1.72,-1,-1,-1
645,53,118.91,752.17,70.81,136.14,1.64,-1,-1,-1
645,55,89.64,786.63,77.61,139.85,1.70,-1,-1,-1
646,7,799.76,592.04,56.60,103.46,1.69,-1,-1,-1
646,4,1090.58,483.39,27.21,93.24,1.62,-1,-1,-1
646,30,697.07,478.28,42.36,87.51,1.72,-1,-1,-1
646,34,755.58,378.54,37.13,75.39,1.69,-1,-1,-1
646,29,1559.42,732.25,65.59,133.40,1.74,-1,-1,-1
646,28,1137.70,693.15,59.70,125.81,1.72,-1,-1,-1
646,35,1337.39,434.31,53.23,82.84,1.72,-1,-1,-1
646,37,1485.88,497.21,28.79,95.25,1.68,-1,-1,-1
646,39,1639.87,523.38,47.02,94.40,1.72,-1,-1,-1
646,46,1840.72,324.53,24.91,67.71,1.64,-1,-1,-1
646,49,571.93,478.14,40.39,91.71,1.71,-1,-1,-1
646,50,757.20,620.87,81.33,86.82,1.48,-1,-1,-1
646,52,335.51,515.93,46.66,94.04,1.71,-1,-1,-1
646,12,766.35,650.36,75.74,112.04,1.71,-1,-1,-1
646,53,132.00,747.34,68.73,137.29,1.55,-1,-1,-1
646,55,103.29,785.52,75.69,136.24,1.70,-1,-1,-1
646,56,757.43,620.78,71.61,57.97,1.05,-1,-1,-1
647,7,801.33,589.10,63.67,107.56,1.69,-1,-1,-1
647,4,1097.40,483.90,29.20,93.59,1.66,-1,-1,-1
647,30,706.44,477.89,45.27,88.29,1.72,-1,-1,-1
647,34,765.47,377.73,35.44,76.11,1.70,-1,-1,-1
647,29,1568.05,728.54,51.39,134.77,1.73,-1,-1,-1
647,28,1144.21,689.05,54.38,125.62,1.73,-1,-1,-1
647,35,1345.95,433.98,52.52,83.17,1.72,-1,-1,-1
647,37,1492.28,497.47,31.82,95.05,1.69,-1,-1,-1
647,39,1643.64,523.53,41.21,94.71,1.69,-1,-1,-1
647,46,1844.74,324.71,32.07,68.71,1.65,-1,-1,-1
647,49,584.85,478.12,38.88,90.66,1.70,-1,-1,-1
647,50,761.82,620.83,82.45,81.96,1.64,-1,-1,-1
647,52,344.81,515.09,45.95,93.91,1.70,-1,-1,-1
647,12,768.88,647.29,82.95,114.66,1.72,-1,-1,-1
647,53,143.95,741.86,64.02,140.10,1.55,-1,-1,-1
647,55,113.46,780.45,80.48,141.46,1.71,-1,-1,-1
648,7,804.36,582.83,63.55,110.84,1.63,-1,-1,-1
648,4,1103.20,485.50,32.37,91.79,1.68,-1,-1,-1
648,30,716.78,478.84,47.49,86.91,1.73,-1,-1,-1
648,34,774.12,377.99,37.17,75.62,1.69,-1,-1,-1
648,29,1573.90,725.14,39.28,136.35,1.70,-1,-1,-1
648,28,1148.95,684.72,49.29,128.55,1.73,-1,-1,-1
648,35,1354.48,433.83,48.62,83.87,1.71,-1,-1,-1
648,37,1497.28,497.53,35.90,95.33,1.71,-1,-1,-1
648,39,1645.19,521.60,38.25,97.52,1.70,-1,-1,-1
648,46,1849.79,324.62,38.30,69.30,1.70,-1,-1,-1
648,49,598.95,479.16,38.10,87.33,1.68,-1,-1,-1
648,50,763.61,621.76,84.78,77.03,1.58,-1,-1,-1
648,52,353.63,514.66,44.67,93.25,1.71,-1,-1,-1
648,12,771.24,643.99,84.51,117.32,1.73,-1,-1,-1
648,53,157.02,738.17,69.26,142.25,1.68,-1,-1,-1
648,55,126.33,777.37,78.22,141.40,1.72,-1,-1,-1
648,57,12.98,404.30,45.50,75.88,1.70,-1,-1,-1
649,7,801.44,575.38,64.17,113.07,1.64,-1,-1,-1
649,4,1107.22,486.26,37.15,91.46,1.69,-1,-1,-1
649,30,726.04,479.48,48.43,86.74,1.73,-1,-1,-1
649,34,781.04,377.75,39.04,74.78,1.70,-1,-1,-1
649,29,1575.63,723.42,32.37,136.95,1.70,-1,-1,-1
649,28,1153.35,682.57,51.24,129.95,1.72,-1,-1,-1
649,35,1364.64,433.58,43.82,83.34,1.70,-1,-1,-1
649,37,1499.93,498.26,42.26,95.45,1.71,-1,-1,-1
649,39,1647.88,519.92,47.53,99.53,1.71,-1,-1,-1
649,46,1856.43,325.29,42.38,69.57,1.69,-1,-1,-1
649,49,610.53,479.90,48.13,86.61,1.71,-1,-1,-1
649,50,774.91,621.48,78.65,73.99,1.51,-1,-1,-1
649,52,362.67,513.78,43.95,93.41,1.71,-1,-1,-1
649,12,774.87,640.73,87.00,111.27,1.72,-1,-1,-1
649,53,167.59,734.62,72.76,144.64,1.66,-1,-1,-1
649,55,136.00,772.29,81.06,144.81,1.70,-1,-1,-1
649,57,24.02,403.59,48.03,76.83,1.71,-1,-1,-1
650,7,801.99,573.20,75.09,107.99,1.63,-1,-1,-1
650,4,1114.47,486.44,39.49,92.24,1.70,-1,-1,-1
650,30,735.92,480.47,47.00,85.40,1.73,-1,-1,-1
650,34,791.33,377.02,38.16,74.74,1.70,-1,-1,-1
650,29,1570.63,722.43,39.55,134.38,1.69,-1,-1,-1
650,28,1158.84,680.96,53.97,130.95,1.72,-1,-1,-1
650,35,1373.30,432.85,39.94,83.14,1.69,-1,-1,-1
650,37,1506.15,498.52,45.00,95.92,1.71,-1,-1,-1
650,39,1650.59,518.86,52.47,101.14,1.72,-1,-1,-1
650,46,1865.71,326.35,44.71,69.29,1.69,-1,-1,-1
650,49,623.53,482.27,55.63,84.10,1.72,-1,-1,-1
650,50,771.17,623.55,76.48,63.45,1.47,-1,-1,-1
650,52,371.98,513.36,42.46,94.05,1.70,-1,-1,-1
650,12,781.17,640.24,80.63,104.59,1.73,-1,-1,-1
650,53,180.35,733.05,71.99,145.25,1.63,-1,-1,-1
650,55,147.56,769.66,78.82,143.82,1.70,-1,-1,-1
650,57,36.64,402.79,47.58,76.73,1.68,-1,-1,-1
651,7,794.82,575.25,84.76,105.70,1.58,-1,-1,-1
651,4,1122.93,485.74,40.56,92.43,1.69,-1,-1,-1
651,30,745.74,480.29,47.79,84.67,1.73,-1,-1,-1
651,34,800.41,376.95,39.30,74.92,1.71,-1,-1,-1
651,29,1565.20,721.79,47.55,132.93,1.69,-1,-1,-1
651,28,1163.00,679.86,57.30,130.66,1.73,-1,-1,-1
651,35,1379.83,432.03,36.31,83.80,1.68,-1,-1,-1
651,37,1513.50,498.71,48.14,96.95,1.71,-1,-1,-1
651,39,1650.42,517.60,59.19,100.47,1.72,-1,-1,-1
651,46,1874.48,327.39,45.70,68.85,1.70,-1,-1,-1
651,49,636.01,484.79,63.11,82.15,1.73,-1,-1,-1
651,50,775.54,625.17,56.75,54.05,1.52,-1,-1,-1
651,52,379.80,513.53,42.56,92.91,1.68,-1,-1,-1
651,12,785.72,639.28,69.60,105.61,1.73,-1,-1,-1
651,53,193.26,731.29,70.06,139.44,1.62,-1,-1,-1
651,55,159.78,767.05,74.88,141.91,1.72,-1,-1,-1
651,57,48.61,402.36,47.32,76.37,1.69,-1,-1,-1
651,58,536.44,496.16,38.26,96.14,1.70,-1,-1,-1
652,7,806.14,581.58,76.24,96.55,1.62,-1,-1,-1
652,4,1133.27,485.05,40.16,93.80,1.69,-1,-1,-1
652,30,756.13,480.37,46.56,84.91,1.73,-1,-1,-1
652,34,810.46,377.07,39.55,74.63,1.70,-1,-1,-1
652,29,1559.31,723.39,57.36,133.19,1.73,-1,-1,-1
652,28,1168.98,681.09,58.86,130.10,1.73,-1,-1,-1
652,35,1387.35,431.69,32.88,84.44,1.67,-1,-1,-1
652,37,1525.70,499.03,45.07,97.06,1.70,-1,-1,-1
652,39,1653.35,518.08,61.87,98.33,1.73,-1,-1,-1
652,46,1887.76,326.97,32.79,71.47,1.69,-1,-1,-1
652,49,648.95,487.12,66.51,79.75,1.71,-1,-1,-1
652,50,774.13,622.31,95.12,55.84,1.47,-1,-1,-1
652,52,389.28,513.57,40.07,93.61,1.69,-1,-1,-1
652,12,789.35,638.75,58.31,105.14,1.72,-1,-1,-1
652,53,204.49,728.70,69.70,138.11,1.62,-1,-1,-1
652,55,172.88,765.67,74.53,140.55,1.70,-1,-1,-1
652,57,62.53,402.15,46.79,76.17,1.68,-1,-1,-1
652,58,545.61,495.61,38.70,94.61,0.72,-1,-1,-1
653,7,810.82,583.51,69.65,93.86,1.58,-1,-1,-1
653,4,1142.75,484.45,37.68,92.68,1.69,-1,-1,-1
653,30,764.29,480.23,48.69,85.69,1.73,-1,-1,-1
653,34,820.81,377.37,39.21,74.11,1.69,-1,-1,-1
653,29,1553.50,725.58,68.56,134.20,1.74,-1,-1,-1
653,28,1174.35,682.85,60.78,130.01,1.73,-1,-1,-1
653,35,1395.81,431.64,29.77,85.42,1.65,-1,-1,-1
653,37,1536.89,499.11,42.34,97.68,1.71,-1,-1,-1
653,39,1662.50,519.64,57.81,97.40,1.73,-1,-1,-1
653,49,660.25,490.27,68.33,76.94,1.72,-1,-1,-1
653,50,776.42,623.62,99.63,52.61,1.43,-1,-1,-1
653,52,396.75,514.08,43.31,93.17,1.70,-1,-1,-1
653,12,789.71,636.06,66.62,107.78,1.71,-1,-1,-1
653,53,219.50,725.32,66.72,134.41,1.66,-1,-1,-1
653,55,186.62,765.05,72.61,139.58,1.70,-1,-1,-1
653,57,78.70,401.63,41.88,76.04,1.69,-1,-1,-1
653,58,555.81,495.33,37.92,95.45,1.28,-1,-1,-1
654,7,818.96,580.88,65.32,94.63,1.61,-1,-1,-1
654,4,1151.68,483.19,34.70,93.01,1.68,-1,-1,-1
654,30,774.20,480.37,49.38,85.15,1.73,-1,-1,-1
654,34,830.07,377.64,40.65,73.81,1.68,-1,-1,-1
654,29,1553.75,728.65,75.03,133.61,1.74,-1,-1,-1
654,28,1178.36,684.95,63.28,129.51,1.73,-1,-1,-1
654,35,1405.23,432.46,31.16,85.15,1.68,-1,-1,-1
654,37,1547.16,498.95,39.97,98.14,1.70,-1,-1,-1
654,39,1671.87,521.00,49.29,94.86,1.71,-1,-1,-1
654,49,672.02,493.14,66.45,74.06,1.71,-1,-1,-1
654,50,788.91,625.37,91.44,50.20,1.52,-1,-1,-1
654,52,406.30,514.99,42.52,91.56,1.71,-1,-1,-1
654,12,792.43,632.29,72.00,110.25,1.71,-1,-1,-1
654,53,230.22,720.68,68.31,138.67,1.66,-1,-1,-1
654,55,197.52,762.75,72.08,136.38,1.70,-1,-1,-1
654,57,94.14,401.34,36.27,75.89,1.67,-1,-1,-1
654,58,566.53,495.58,36.65,94.27,1.70,-1,-1,-1
655,7,824.92,578.03,60.90,94.73,1.71,-1,-1,-1
655,4,1158.82,481.48,32.91,93.80,1.64,-1,-1,-1
655,30,781.61,479.83,51.66,86.08,1.73,-1,-1,-1
655,34,840.74,378.14,38.94,73.73,1.69,-1,-1,-1
655,29,1555.63,730.54,83.79,132.60,1.75,-1,-1,-1
655,28,1184.07,685.48,63.57,129.14,1.74,-1,-1,-1
655,35,1411.07,432.84,36.41,85.44,1.68,-1,-1,-1
655,37,1559.18,498.76,34.74,97.50,1.68,-1,-1,-1
655,39,1679.30,521.61,42.59,93.47,1.70,-1,-1,-1
655,49,686.42,496.27,61.65,72.03,1.71,-1,-1,-1
655,50,788.72,627.88,79.63,40.51,0.71,-1,-1,-1
655,52,415.79,516.05,41.40,90.66,1.71,-1,-1,-1
655,12,792.88,628.94,77.58,112.74,1.71,-1,-1,-1
655,53,242.38,716.74,62.07,138.36,1.67,-1,-1,-1
655,55,208.81,759.76,68.72,136.75,1.71,-1,-1,-1
655,57,110.74,400.81,31.67,75.79,1.67,-1,-1,-1
655,58,576.37,495.25,36.39,95.11,0.30,-1,-1,-1
656,7,826.62,576.25,61.36,89.12,1.70,-1,-1,-1
656,4,1164.84,479.94,32.86,94.79,1.65,-1,-1,-1
656,30,785.79,479.11,56.59,86.80,1.73,-1,-1,-1
656,34,851.22,378.88,38.93,73.26,1.69,-1,-1,-1
656,29,1561.46,730.96,87.67,132.11,1.75,-1,-1,-1
656,28,1189.53,685.90,62.78,128.05,1.71,-1,-1,-1
656,35,1415.63,433.02,42.73,86.04,1.69,-1,-1,-1
656,37,1567.95,499.39,32.31,95.44,1.67,-1,-1,-1
656,39,1679.87,521.66,40.93,95.06,1.69,-1,-1,-1
656,49,701.26,498.01,57.19,71.10,1.72,-1,-1,-1
656,50,786.59,628.50,70.87,38.27,0.52,-1,-1,-1
656,52,424.46,516.04,41.39,90.74,1.71,-1,-1,-1
656,12,793.51,628.05,77.80,111.82,1.72,-1,-1,-1
656,53,253.75,713.09,59.80,139.00,1.68,-1,-1,-1
656,55,218.42,756.81,69.51,137.99,1.71,-1,-1,-1
656,57,125.09,400.26,30.85,75.41,1.63,-1,-1,-1
656,58,586.16,495.44,37.34,94.46,1.22,-1,-1,-1
656,59,3.05,458.64,30.98,79.33,1.68,-1,-1,-1
657,7,828.20,573.29,58.29,86.69,1.67,-1,-1,-1
657,4,1174.94,478.82,30.12,93.98,1.66,-1,-1,-1
657,30,792.03,477.94,60.14,88.08,1.71,-1,-1,-1
657,34,861.10,379.88,38.97,72.32,1.69,-1,-1,-1
657,29,1570.47,731.40,86.94,131.33,1.75,-1,-1,-1
657,28,1197.52,685.03,56.79,129.49,1.73,-1,-1,-1
657,35,1422.04,433.56,47.65,86.58,1.70,-1,-1,-1
657,37,1570.86,499.86,38.16,95.36,1.67,-1,-1,-1
657,39,1683.22,520.88,40.94,97.81,1.68,-1,-1,-1
657,49,712.28,497.58,56.09,73.29,1.70,-1,-1,-1
657,50,787.70,628.74,98.39,32.94,1.09,-1,-1,-1
657,52,434.85,514.78,41.28,91.81,1.69,-1,-1,-1
657,12,792.48,627.10,75.33,105.49,1.71,-1,-1,-1
657,53,265.89,710.05,57.99,139.39,1.68,-1,-1,-1
657,55,228.12,752.92,70.55,139.61,1.71,-1,-1,-1
657,57,137.12,399.93,29.70,75.76,1.62,-1,-1,-1
657,58,596.31,495.20,35.69,94.87,0.20,-1,-1,-1
657,59,16.10,458.72,30.82,79.27,1.67,-1,-1,-1
658,7,829.45,574.05,53.42,86.04,1.63,-1,-1,-1
658,4,1183.06,477.86,29.52,92.35,1.63,-1,-1,-1
658,30,798.45,477.35,62.48,89.07,1.74,-1,-1,-1
658,34,871.18,380.77,39.08,71.76,1.69,-1,-1,-1
658,29,1580.85,732.75,80.81,131.09,1.72,-1,-1,-1
658,28,1205.03,683.79,52.10,129.24,1.72,-1,-1,-1
658,35,1428.83,433.52,49.80,87.70,1.69,-1,-1,-1
658,37,1576.59,499.60,41.69,97.29,1.68,-1,-1,-1
658,39,1687.04,520.33,49.12,97.94,1.70,-1,-1,-1
658,49,719.82,496.44,58.79,74.50,1.70,-1,-1,-1
658,50,792.37,626.50,89.55,34.14,0.84,-1,-1,-1
658,52,439.38,514.65,47.59,91.30,1.70,-1,-1,-1
658,12,789.87,628.60,72.91,103.12,1.73,-1,-1,-1
658,53,278.27,709.27,60.22,137.43,1.67,-1,-1,-1
658,55,237.81,749.96,72.17,141.67,1.70,-1,-1,-1
658,57,150.19,399.65,30.83,75.45,1.64,-1,-1,-1
658,58,607.01,494.52,34.76,94.40,1.56,-1,-1,-1
658,59,27.21,458.99,32.76,78.31,1.65,-1,-1,-1
659,7,827.35,575.21,61.49,82.54,1.56,-1,-1,-1
659,4,1189.30,478.81,32.03,92.21,1.64,-1,-1,-1
659,30,804.54,477.46,64.95,89.51,1.72,-1,-1,-1
659,34,880.76,381.11,38.89,72.32,1.69,-1,-1,-1
659,29,1591.51,733.27,72.14,124.84,1.74,-1,-1,-1
659,28,1212.95,682.24,45.90,127.30,1.71,-1,-1,-1
659,35,1438.91,434.30,48.63,86.72,1.71,-1,-1,-1
659,37,1586.25,500.61,42.22,97.06,1.69,-1,-1,-1
659,39,1690.24,519.27,55.19,98.50,1.70,-1,-1,-1
659,49,726.37,495.91,61.75,75.93,1.68,-1,-1,-1
659,50,816.81,607.55,72.78,51.15,1.30,-1,-1,-1
659,52,442.26,515.13,62.02,90.36,1.73,-1,-1,-1
659,12,784.40,628.19,69.68,105.04,1.72,-1,-1,-1
659,53,288.34,709.26,65.58,137.51,1.69,-1,-1,-1
659,55,246.44,746.69,75.46,141.46,1.71,-1,-1,-1
659,57,161.35,399.20,31.11,75.51,1.66,-1,-1,-1
659,58,615.32,493.69,35.06,95.11,1.23,-1,-1,-1
659,59,39.21,458.47,28.50,78.67,1.66,-1,-1,-1
660,7,825.98,578.90,61.03,81.21,1.49,-1,-1,-1
660,4,1196.68,480.55,33.17,90.96,1.68,-1,-1,-1
660,30,816.34,477.12,60.97,89.87,1.72,-1,-1,-1
660,34,890.49,381.54,38.11,71.57,1.70,-1,-1,-1
660,29,1592.15,732.21,68.80,123.63,1.73,-1,-1,-1
660,28,1221.74,680.61,40.48,125.53,1.70,-1,-1,-1
660,35,1448.94,433.83,45.15,87.22,1.71,-1,-1,-1
660,37,1594.32,501.65,43.36,97.16,1.69,-1,-1,-1
660,39,1691.31,519.17,62.99,99.89,1.73,-1,-1,-1
660,49,733.17,496.59,58.33,74.35,1.69,-1,-1,-1
660,50,867.41,596.22,34.82,59.02,0.99,-1,-1,-1
660,52,447.87,516.61,75.02,88.13,1.72,-1,-1,-1
660,12,781.13,628.79,70.68,104.22,1.73,-1,-1,-1
660,53,301.30,710.72,64.45,136.79,1.70,-1,-1,-1
660,55,256.63,747.53,67.58,137.94,1.71,-1,-1,-1
660,57,173.35,398.64,34.87,74.92,1.69,-1,-1,-1
660,58,624.00,492.29,36.18,95.07,1.46,-1,-1,-1
660,59,49.36,457.64,29.55,78.06,1.68,-1,-1,-1
661,7,832.55,608.91,78.20,49.38,1.58,-1,-1,-1
661,4,1201.16,482.18,39.74,90.72,1.70,-1,-1,-1
661,30,823.27,478.10,62.77,89.47,1.71,-1,-1,-1
661,34,900.32,381.68,39.03,72.37,1.69,-1,-1,-1
661,29,1592.46,730.24,66.00,127.45,1.73,-1,-1,-1
661,28,1228.54,678.37,37.98,123.48,1.69,-1,-1,-1
661,35,1459.30,433.86,41.46,86.46,1.69,-1,-1,-1
661,37,1603.07,502.33,43.94,97.87,1.71,-1,-1,-1
661,39,1695.98,520.52,66.23,96.61,1.72,-1,-1,-1
661,49,739.86,496.56,58.22,77.85,1.67,-1,-1,-1
661,50,827.46,578.35,51.45,77.78,1.43,-1,-1,-1
661,52,456.84,518.51,81.04,85.33,1.73,-1,-1,-1
661,12,782.07,626.15,77.75,107.02,1.73,-1,-1,-1
661,53,312.14,711.22,65.38,137.54,1.69,-1,-1,-1
661,55,265.32,746.83,67.35,136.17,1.71,-1,-1,-1
661,57,184.90,398.71,38.28,74.51,1.70,-1,-1,-1
661,58,633.29,492.77,34.82,93.92,1.51,-1,-1,-1
661,59,60.90,455.99,29.11,79.17,1.67,-1,-1,-1
662,7,832.75,608.92,96.10,48.66,1.47,-1,-1,-1
662,4,1206.29,483.94,46.79,90.66,1.71,-1,-1,-1
662,30,834.41,478.74,62.13,90.28,1.71,-1,-1,-1
662,34,910.62,382.14,38.27,72.61,1.71,-1,-1,-1
662,29,1595.18,728.32,61.04,131.79,1.72,-1,-1,-1
662,28,1236.61,676.73,36.41,125.36,1.70,-1,-1,-1
662,35,1470.89,433.95,35.35,86.86,1.69,-1,-1,-1
662,37,1613.88,503.20,44.08,99.61,1.71,-1,-1,-1
662,39,1699.53,522.03,69.05,94.50,1.71,-1,-1,-1
662,49,745.91,498.16,58.42,77.52,1.69,-1,-1,-1
662,50,828.53,579.89,57.88,79.70,1.31,-1,-1,-1
662,52,467.60,518.82,84.32,84.45,1.73,-1,-1,-1
662,12,783.73,623.79,80.91,110.59,1.74,-1,-1,-1
662,53,323.05,713.37,66.18,134.83,1.68,-1,-1,-1
662,55,274.13,746.80,68.56,134.88,1.72,-1,-1,-1
662,57,196.19,398.94,39.26,74.84,1.69,-1,-1,-1
662,58,642.38,491.99,35.31,94.07,1.69,-1,-1,-1
662,59,72.89,454.77,28.29,79.07,1.66,-1,-1,-1
663,7,840.20,611.52,103.54,45.24,1.56,-1,-1,-1
663,4,1213.92,485.70,50.62,90.52,1.71,-1,-1,-1
663,30,848.39,475.24,59.61,94.68,1.69,-1,-1,-1
663,34,920.55,383.20,39.67,72.01,1.70,-1,-1,-1
663,29,1600.74,724.79,63.09,137.40,1.74,-1,-1,-1
663,28,1244.58,675.57,38.18,125.84,1.71,-1,-1,-1
663,35,1483.01,433.48,29.66,87.56,1.64,-1,-1,-1
663,37,1624.26,504.72,46.49,99.10,1.71,-1,-1,-1
663,39,1712.02,524.89,59.51,94.35,1.73,-1,-1,-1
663,49,748.17,499.59,60.75,77.77,1.70,-1,-1,-1
663,50,823.97,580.69,63.06,74.48,1.43,-1,-1,-1
663,52,478.75,518.74,89.92,84.70,1.72,-1,-1,-1
663,12,784.79,621.85,82.49,105.43,1.74,-1,-1,-1
663,53,336.47,713.04,64.35,135.40,1.70,-1,-1,-1
663,55,282.97,745.18,68.53,135.52,1.72,-1,-1,-1
663,57,208.52,399.34,38.43,74.89,1.70,-1,-1,-1
663,58,652.92,492.23,34.58,94.02,1.47,-1,-1,-1
663,59,83.48,451.42,28.55,80.30,1.67,-1,-1,-1
664,7,841.01,618.48,116.52,39.65,1.51,-1,-1,-1
664,4,1223.18,486.38,53.38,91.17,1.71,-1,-1,-1
664,30,862.11,474.49,57.30,96.33,1.67,-1,-1,-1
664,34,930.64,384.26,40.90,71.70,1.71,-1,-1,-1
664,29,1608.81,723.31,61.68,139.80,1.70,-1,-1,-1
664,28,1253.43,675.92,41.45,126.39,1.70,-1,-1,-1
664,35,1493.61,433.57,26.46,87.32,1.64,-1,-1,-1
664,37,1635.02,506.15,47.41,99.81,1.71,-1,-1,-1
664,39,1727.29,526.86,46.22,95.04,1.70,-1,-1,-1
664,49,752.21,503.81,68.64,72.73,1.70,-1,-1,-1
664,50,829.43,582.07,68.58,74.10,1.50,-1,-1,-1
664,52,490.64,519.63,91.42,86.30,1.72,-1,-1,-1
664,12,786.84,620.80,81.27,100.40,1.75,-1,-1,-1
664,53,347.77,712.35,68.89,134.24,1.68,-1,-1,-1
664,55,290.41,741.69,71.46,138.80,1.70,-1,-1,-1
664,57,222.81,399.44,34.83,74.65,1.69,-1,-1,-1
664,58,663.11,491.71,34.76,93.93,1.04,-1,-1,-1
664,59,95.64,450.33,28.25,78.77,1.68,-1,-1,-1
665,7,855.41,618.14,109.64,41.76,1.53,-1,-1,-1
665,4,1234.76,487.06,52.20,92.07,1.71,-1,-1,-1
665,30,875.26,473.01,55.73,99.24,1.70,-1,-1,-1
665,34,940.31,384.90,43.03,72.39,1.70,-1,-1,-1
665,29,1617.50,723.42,66.20,139.89,1.73,-1,-1,-1
665,28,1262.34,677.08,43.89,128.76,1.70,-1,-1,-1
665,35,1503.74,434.58,27.84,88.05,1.64,-1,-1,-1
665,37,1647.62,507.33,46.49,100.18,1.70,-1,-1,-1
665,39,1733.97,527.46,41.41,96.65,1.69,-1,-1,-1
665,49,759.12,505.66,71.60,75.35,1.73,-1,-1,-1
665,50,833.87,585.91,72.91,75.27,1.58,-1,-1,-1
665,52,507.78,520.31,92.04,87.55,1.70,-1,-1,-1
665,12,788.67,620.18,72.91,103.06,1.74,-1,-1,-1
665,53,361.92,711.40,69.97,130.46,1.66,-1,-1,-1
665,55,300.16,738.58,73.14,141.03,1.69,-1,-1,-1
665,57,235.43,399.37,33.93,74.68,1.69,-1,-1,-1
665,59,107.45,449.07,28.02,78.96,1.67,-1,-1,-1
666,7,867.48,619.06,108.10,41.36,1.59,-1,-1,-1
666,4,1246.58,488.00,49.57,91.98,1.70,-1,-1,-1
666,30,888.06,470.94,54.17,102.55,1.70,-1,-1,-1
666,34,949.36,385.70,44.40,72.68,1.70,-1,-1,-1
666,29,1627.13,723.67,65.10,136.72,1.73,-1,-1,-1
666,28,1270.18,679.13,46.61,125.58,1.70,-1,-1,-1
666,35,1510.26,435.42,33.99,88.11,1.65,-1,-1,-1
666,37,1659.32,507.90,45.11,100.42,1.68,-1,-1,-1
666,39,1738.26,526.79,41.50,99.38,1.68,-1,-1,-1
666,49,761.58,506.43,76.00,81.40,1.70,-1,-1,-1
666,50,838.65,592.79,78.15,69.51,1.61,-1,-1,-1
666,52,527.48,520.04,79.98,88.72,1.69,-1,-1,-1
666,12,790.22,620.06,59.02,103.82,1.72,-1,-1,-1
666,53,373.26,710.19,72.26,121.84,1.62,-1,-1,-1
666,55,311.99,737.81,72.32,139.89,1.69,-1,-1,-1
666,57,248.18,398.45,33.08,75.10,1.68,-1,-1,-1
666,59,119.38,448.73,27.94,77.85,1.67,-1,-1,-1
667,7,877.50,621.12,101.66,39.06,1.56,-1,-1,-1
667,4,1258.40,487.71,46.36,92.03,1.70,-1,-1,-1
667,30,901.60,468.75,52.30,105.15,1.69,-1,-1,-1
667,34,958.47,385.81,47.17,73.25,1.70,-1,-1,-1
667,29,1635.69,725.19,59.68,130.94,1.73,-1,-1,-1
667,28,1276.81,682.23,49.27,123.35,1.70,-1,-1,-1
667,35,1513.41,436.40,44.66,89.47,1.69,-1,-1,-1
667,37,1672.23,508.46,43.04,98.75,1.68,-1,-1,-1
667,39,1745.03,526.05,49.61,101.32,1.71,-1,-1,-1
667,49,769.37,506.90,73.82,88.04,1.74,-1,-1,-1
667,50,841.97,595.02,76.88,68.08,1.61,-1,-1,-1
667,52,547.36,520.94,48.98,88.34,1.62,-1,-1,-1
667,12,785.49,618.37,60.94,105.90,1.68,-1,-1,-1
667,53,384.45,707.66,70.49,123.24,1.63,-1,-1,-1
667,55,322.32,736.93,68.93,139.89,1.70,-1,-1,-1
667,57,260.80,397.99,31.44,75.25,1.67,-1,-1,-1
667,59,132.09,448.38,27.11,77.08,1.67,-1,-1,-1
668,7,890.03,622.24,95.96,44.57,1.58,-1,-1,-1
668,4,1270.98,487.12,39.70,92.16,1.69,-1,-1,-1
668,30,914.38,472.23,50.73,102.47,1.63,-1,-1,-1
668,34,969.11,386.16,43.99,72.65,1.71,-1,-1,-1
668,29,1644.53,727.50,52.93,125.13,1.71,-1,-1,-1
668,28,1281.21,685.13,53.27,118.67,1.71,-1,-1,-1
668,35,1520.45,437.48,49.56,89.46,1.70,-1,-1,-1
668,37,1682.68,508.74,45.30,97.92,1.69,-1,-1,-1
668,39,1752.07,525.29,55.52,102.12,1.71,-1,-1,-1
668,49,777.34,508.06,67.62,87.40,1.74,-1,-1,-1
668,50,848.96,597.81,69.12,64.27,1.63,-1,-1,-1
668,52,558.92,520.41,55.88,88.73,1.70,-1,-1,-1
668,12,785.32,615.58,69.60,110.12,1.72,-1,-1,-1
668,53,395.79,703.82,69.91,125.34,1.67,-1,-1,-1
668,55,334.27,737.67,65.93,136.62,1.72,-1,-1,-1
668,57,272.23,396.81,31.89,75.42,1.67,-1,-1,-1
668,59,143.96,448.66,26.25,76.88,1.68,-1,-1,-1
669,7,898.38,626.28,103.49,42.21,1.60,-1,-1,-1
669,4,1281.28,485.50,35.57,93.16,1.68,-1,-1,-1
669,30,926.68,474.89,50.12,100.46,1.67,-1,-1,-1
669,34,978.22,385.48,42.75,72.81,1.69,-1,-1,-1
669,29,1655.95,727.03,43.19,128.53,1.69,-1,-1,-1
669,28,1287.25,686.49,53.94,118.85,1.71,-1,-1,-1
669,35,1529.97,438.51,53.95,89.45,1.71,-1,-1,-1
669,37,1697.25,509.28,42.35,98.31,1.68,-1,-1,-1
669,39,1758.84,525.22,61.79,103.21,1.73,-1,-1,-1
669,49,783.53,509.46,57.06,87.25,1.72,-1,-1,-1
669,50,856.06,599.36,55.86,63.68,1.64,-1,-1,-1
669,52,569.63,518.10,71.28,90.79,1.72,-1,-1,-1
669,12,784.33,613.24,76.13,110.34,1.74,-1,-1,-1
669,53,405.96,700.32,63.98,127.98,1.66,-1,-1,-1
669,55,343.33,738.87,67.89,132.05,1.71,-1,-1,-1
669,57,283.80,396.00,31.27,75.43,1.66,-1,-1,-1
669,59,154.95,448.56,26.36,77.58,1.66,-1,-1,-1
670,7,908.58,625.98,105.07,41.94,1.55,-1,-1,-1
670,4,1292.35,485.18,29.83,93.17,1.66,-1,-1,-1
670,30,944.29,479.71,43.09,95.95,1.63,-1,-1,-1
670,34,989.13,385.39,37.87,72.56,1.70,-1,-1,-1
670,29,1662.67,725.05,40.04,132.40,1.71,-1,-1,-1
670,28,1294.24,686.95,51.95,118.92,1.71,-1,-1,-1
670,35,1541.15,439.32,54.92,89.27,1.72,-1,-1,-1
670,37,1716.15,509.76,36.16,97.88,1.66,-1,-1,-1
670,39,1761.24,525.84,71.13,100.72,1.72,-1,-1,-1
670,49,789.03,509.81,52.11,87.42,1.71,-1,-1,-1
670,50,865.54,596.81,51.18,64.23,1.50,-1,-1,-1
670,52,584.66,516.36,71.15,92.01,1.73,-1,-1,-1
670,12,776.71,610.73,85.77,106.81,1.76,-1,-1,-1
670,53,415.51,698.07,64.35,128.28,1.70,-1,-1,-1
670,55,352.45,739.31,66.00,129.60,1.71,-1,-1,-1
670,57,295.11,394.98,31.10,75.12,1.67,-1,-1,-1
670,59,166.47,448.74,25.80,76.80,1.67,-1,-1,-1
671,7,921.34,625.43,101.59,42.35,1.62,-1,-1,-1
671,4,1302.52,484.81,27.11,93.25,1.63,-1,-1,-1
671,30,956.45,480.93,40.96,94.75,1.63,-1,-1,-1
671,34,998.42,384.68,34.52,73.56,1.68,-1,-1,-1
671,29,1667.64,722.42,46.46,135.69,1.70,-1,-1,-1
671,28,1300.28,684.94,57.05,122.86,1.71,-1,-1,-1
671,35,1552.77,439.74,55.59,89.41,1.71,-1,-1,-1
671,37,1728.51,510.50,36.54,98.36,1.69,-1,-1,-1
671,39,1773.66,527.80,65.72,96.59,1.73,-1,-1,-1
671,49,796.67,509.55,52.68,87.83,1.72,-1,-1,-1
671,50,872.55,592.66,49.59,68.28,1.69,-1,-1,-1
671,52,605.47,514.69,66.39,92.00,1.73,-1,-1,-1
671,12,768.63,609.22,96.18,104.04,1.75,-1,-1,-1
671,53,425.09,695.24,61.58,131.29,1.69,-1,-1,-1
671,55,359.08,738.16,70.25,129.39,1.72,-1,-1,-1
671,57,305.55,394.25,31.34,74.93,1.66,-1,-1,-1
671,59,177.45,448.46,25.49,75.38,1.67,-1,-1,-1
672,7,934.60,627.13,97.29,41.47,1.54,-1,-1,-1
672,4,1310.52,486.03,31.36,91.59,1.65,-1,-1,-1
672,30,966.98,480.04,41.25,95.28,1.69,-1,-1,-1
672,34,1008.32,384.45,35.12,74.15,1.68,-1,-1,-1
672,29,1671.95,720.78,55.23,135.75,1.69,-1,-1,-1
672,28,1307.51,683.27,60.02,124.99,1.73,-1,-1,-1
672,35,1567.04,440.69,51.41,89.11,1.71,-1,-1,-1
672,37,1736.83,511.61,39.15,98.83,1.69,-1,-1,-1
672,39,1784.82,530.11,59.77,93.65,1.74,-1,-1,-1
672,49,801.54,509.37,53.77,88.39,1.73,-1,-1,-1
672,50,879.25,588.60,53.40,73.71,1.68,-1,-1,-1
672,52,631.36,513.98,53.14,93.90,1.72,-1,-1,-1
672,12,767.78,609.27,94.67,103.60,1.75,-1,-1,-1
672,53,435.63,694.51,59.41,131.06,1.72,-1,-1,-1
672,55,367.87,736.93,73.33,128.12,1.74,-1,-1,-1
672,57,317.78,394.09,31.26,73.75,1.66,-1,-1,-1
672,59,189.08,447.72,26.43,75.11,1.67,-1,-1,-1
673,7,971.92,629.82,70.48,39.82,1.07,-1,-1,-1
673,4,1313.08,486.70,40.60,91.55,1.69,-1,-1,-1
673,30,978.27,479.40,41.67,96.58,1.67,-1,-1,-1
673,34,1016.44,384.63,38.05,74.23,1.68,-1,-1,-1
673,29,1678.57,719.16,57.66,128.72,1.66,-1,-1,-1
673,28,1317.05,682.23,59.18,126.74,1.73,-1,-1,-1
673,35,1580.37,440.04,47.03,88.20,1.71,-1,-1,-1
673,37,1745.07,512.75,44.83,100.28,1.68,-1,-1,-1
673,39,1797.68,531.04,50.99,93.77,1.71,-1,-1,-1
673,49,802.36,508.56,54.66,90.57,1.73,-1,-1,-1
673,50,882.54,584.00,56.75,76.89,1.70,-1,-1,-1
673,52,658.26,512.02,40.08,95.55,1.68,-1,-1,-1
673,12,769.35,609.34,87.41,105.92,1.75,-1,-1,-1
673,53,444.30,694.15,58.97,132.02,1.71,-1,-1,-1
673,55,373.15,734.12,76.66,131.40,1.73,-1,-1,-1
673,57,328.24,393.43,32.09,74.74,1.67,-1,-1,-1
673,59,197.39,446.04,26.86,77.15,1.69,-1,-1,-1
673,60,946.75,626.18,98.93,42.65,1.52,-1,-1,-1
674,7,958.68,622.13,97.46,45.63,1.62,-1,-1,-1
674,4,1315.12,487.78,50.72,91.45,1.71,-1,-1,-1
674,30,988.96,478.55,41.98,97.16,1.68,-1,-1,-1
674,34,1027.44,384.64,36.91,74.00,1.69,-1,-1,-1
674,29,1678.61,719.31,71.97,134.59,1.72,-1,-1,-1
674,28,1326.27,681.60,58.86,128.51,1.73,-1,-1,-1
674,35,1592.60,439.66,41.10,89.43,1.69,-1,-1,-1
674,37,1754.05,513.12,48.88,101.42,1.70,-1,-1,-1
674,39,1802.78,532.03,47.74,93.62,1.70,-1,-1,-1
674,49,809.63,509.77,44.99,90.58,1.71,-1,-1,-1
674,50,887.88,578.86,56.06,81.42,1.72,-1,-1,-1
674,52,676.42,504.11,44.41,103.36,1.63,-1,-1,-1
674,12,773.23,609.57,75.97,107.53,1.75,-1,-1,-1
674,53,453.08,694.08,59.95,131.50,1.70,-1,-1,-1
674,55,378.06,733.45,80.43,130.76,1.73,-1,-1,-1
674,57,338.20,392.51,33.34,75.76,1.64,-1,-1,-1
674,59,207.17,444.54,28.82,77.73,1.70,-1,-1,-1
675,7,969.24,619.33,99.76,48.21,1.64,-1,-1,-1
675,4,1320.66,489.41,55.47,90.94,1.71,-1,-1,-1
675,30,1000.00,480.90,41.62,94.42,1.68,-1,-1,-1
675,34,1034.30,385.16,41.07,73.37,1.71,-1,-1,-1
675,29,1683.42,720.65,77.51,130.93,1.74,-1,-1,-1
675,28,1332.88,681.95,60.21,128.99,1.73,-1,-1,-1
675,35,1606.34,438.78,33.56,89.53,1.68,-1,-1,-1
675,37,1767.00,514.48,48.95,100.43,1.69,-1,-1,-1
675,39,1809.92,531.04,43.10,96.21,1.68,-1,-1,-1
675,49,813.11,510.79,40.78,94.63,1.69,-1,-1,-1
675,50,892.85,575.09,55.85,81.53,1.71,-1,-1,-1
675,52,693.36,500.43,47.80,106.05,1.68,-1,-1,-1
675,12,768.49,608.40,71.70,109.22,1.74,-1,-1,-1
675,53,460.91,692.93,59.22,132.06,1.69,-1,-1,-1
675,55,383.86,733.38,75.96,129.46,1.73,-1,-1,-1
675,57,348.06,391.88,33.07,75.47,1.65,-1,-1,-1
675,59,215.96,442.36,28.81,77.75,1.70,-1,-1,-1
676,7,983.00,624.82,93.29,43.09,1.63,-1,-1,-1
676,4,1329.46,489.82,57.79,91.30,1.72,-1,-1,-1
676,30,1010.90,481.76,40.74,93.90,1.68,-1,-1,-1
676,34,1041.54,385.33,43.43,73.49,1.71,-1,-1,-1
676,29,1690.26,722.75,76.61,121.68,1.73,-1,-1,-1
676,28,1337.66,683.74,62.35,127.16,1.73,-1,-1,-1
676,35,1616.09,438.33,31.48,90.97,1.67,-1,-1,-1
676,37,1782.49,515.14,45.45,101.33,1.66,-1,-1,-1
676,39,1815.29,529.58,47.97,99.17,1.66,-1,-1,-1
676,49,814.95,511.81,43.29,96.37,1.70,-1,-1,-1
676,50,896.50,569.70,61.35,82.39,1.73,-1,-1,-1
676,52,707.38,501.48,60.51,107.01,1.70,-1,-1,-1
676,12,766.19,606.14,64.36,111.75,1.74,-1,-1,-1
676,53,469.40,690.56,55.92,130.75,1.68,-1,-1,-1
676,55,387.44,733.64,75.21,126.88,1.74,-1,-1,-1
676,57,356.46,391.52,33.60,74.95,1.61,-1,-1,-1
676,59,223.53,440.04,30.48,78.73,1.69,-1,-1,-1
677,7,993.30,619.45,92.07,48.84,1.64,-1,-1,-1
677,4,1338.17,490.18,57.32,91.31,1.72,-1,-1,-1
677,30,1020.54,480.40,40.11,95.92,1.69,-1,-1,-1
677,34,1050.48,385.51,41.56,73.19,1.71,-1,-1,-1
677,29,1698.87,723.46,71.53,121.42,1.73,-1,-1,-1
677,28,1343.98,685.90,57.48,125.17,1.74,-1,-1,-1
677,35,1625.07,437.87,31.69,92.61,1.69,-1,-1,-1
677,37,1793.93,514.73,48.11,102.05,1.66,-1,-1,-1
677,39,1819.08,528.07,55.01,100.91,1.64,-1,-1,-1
677,49,806.53,512.47,59.41,97.35,1.68,-1,-1,-1
677,50,898.43,566.40,66.12,83.96,1.72,-1,-1,-1
677,52,719.30,502.92,67.96,108.65,1.70,-1,-1,-1
677,12,765.27,601.39,58.06,117.05,1.72,-1,-1,-1
677,53,475.08,687.55,57.87,131.57,1.68,-1,-1,-1
677,55,388.54,732.26,75.86,125.55,1.73,-1,-1,-1
677,57,363.87,391.11,33.74,75.75,1.62,-1,-1,-1
677,59,230.96,436.77,27.88,80.39,1.68,-1,-1,-1
678,7,1004.65,618.94,88.35,47.86,1.63,-1,-1,-1
678,4,1347.54,489.92,53.42,91.17,1.72,-1,-1,-1
678,30,1029.25,479.19,39.69,96.95,1.69,-1,-1,-1
678,34,1056.04,385.67,41.02,73.19,1.70,-1,-1,-1
678,29,1696.81,723.33,70.25,122.95,1.73,-1,-1,-1
678,28,1348.04,687.93,53.01,121.93,1.71,-1,-1,-1
678,35,1631.75,437.93,32.15,92.65,1.67,-1,-1,-1
678,37,1802.24,515.60,44.04,97.65,1.59,-1,-1,-1
678,39,1821.85,527.35,62.81,101.37,1.71,-1,-1,-1
678,49,798.24,514.48,73.77,95.43,1.70,-1,-1,-1
678,50,898.61,564.17,74.06,83.02,1.72,-1,-1,-1
678,52,726.90,510.03,70.49,102.11,1.69,-1,-1,-1
678,12,765.06,597.05,59.26,120.88,1.71,-1,-1,-1
678,53,485.87,683.92,51.30,132.41,1.69,-1,-1,-1
678,55,391.12,731.04,72.21,124.19,1.73,-1,-1,-1
678,57,371.59,390.42,31.14,75.68,1.63,-1,-1,-1
678,59,238.06,434.22,27.01,80.69,1.68,-1,-1,-1
679,7,1013.49,620.42,87.76,45.79,1.61,-1,-1,-1
679,4,1354.56,489.12,49.06,91.45,1.72,-1,-1,-1
679,30,1037.92,480.51,38.13,95.71,1.70,-1,-1,-1
679,34,1064.01,384.89,35.71,73.38,1.70,-1,-1,-1
679,29,1696.29,721.34,66.92,125.12,1.73,-1,-1,-1
679,28,1351.77,687.72,45.91,121.61,1.70,-1,-1,-1
679,35,1633.06,438.26,37.70,92.85,1.71,-1,-1,-1
679,37,1809.42,514.84,40.75,100.41,1.58,-1,-1,-1
679,39,1818.79,527.77,71.41,97.47,1.67,-1,-1,-1
679,49,796.10,515.22,78.86,95.02,1.73,-1,-1,-1
679,50,900.63,561.24,77.70,83.19,1.73,-1,-1,-1
679,52,728.77,518.12,76.54,90.94,1.67,-1,-1,-1
679,12,760.11,593.22,64.40,118.39,1.74,-1,-1,-1
679,53,493.67,681.09,49.11,131.92,1.70,-1,-1,-1
679,55,390.97,728.03,68.69,126.66,1.74,-1,-1,-1
679,57,377.55,389.94,31.44,75.49,1.65,-1,-1,-1
679,59,242.22,432.93,26.19,79.70,1.66,-1,-1,-1
680,7,1021.91,618.60,84.88,45.54,1.63,-1,-1,-1
680,4,1361.28,488.33,42.94,90.86,1.71,-1,-1,-1
680,30,1046.08,481.99,35.95,94.55,1.68,-1,-1,-1
680,34,1071.73,384.44,30.19,73.45,1.68,-1,-1,-1
680,29,1696.28,716.57,58.07,130.91,1.72,-1,-1,-1
680,28,1351.93,686.29,46.01,123.66,1.70,-1,-1,-1
680,35,1634.52,438.34,43.65,93.26,1.71,-1,-1,-1
680,37,1815.61,514.08,46.53,100.74,1.59,-1,-1,-1
680,39,1817.31,531.98,76.17,92.89,1.69,-1,-1,-1
680,49,806.23,515.82,67.96,94.35,1.69,-1,-1,-1
680,50,903.21,560.13,80.60,84.38,1.75,-1,-1,-1
680,52,730.65,518.58,81.00,91.34,1.68,-1,-1,-1
680,12,748.15,592.52,75.91,110.09,1.75,-1,-1,-1
680,53,499.17,678.92,48.61,131.58,1.69,-1,-1,-1
680,55,390.01,724.80,64.73,129.14,1.72,-1,-1,-1
680,57,384.07,389.38,30.66,75.93,1.69,-1,-1,-1
680,59,246.88,431.84,25.01,79.56,1.67,-1,-1,-1
681,7,1027.97,617.17,83.55,47.62,1.63,-1,-1,-1
681,4,1367.84,487.38,34.74,92.02,1.70,-1,-1,-1
681,30,1052.25,480.99,35.90,95.88,1.69,-1,-1,-1
681,34,1074.29,383.11,27.70,74.83,1.66,-1,-1,-1
681,29,1696.60,714.70,62.20,132.50,1.74,-1,-1,-1
681,28,1345.37,684.36,57.00,123.96,1.72,-1,-1,-1
681,35,1635.60,438.51,49.45,93.93,1.71,-1,-1,-1
681,37,1820.30,513.81,44.33,101.21,1.51,-1,-1,-1
681,39,1823.03,530.45,70.24,95.91,1.63,-1,-1,-1
681,49,804.58,514.66,67.65,96.75,1.66,-1,-1,-1
681,50,904.41,557.57,81.24,88.91,1.75,-1,-1,-1
681,52,734.82,517.91,82.20,93.11,1.70,-1,-1,-1
681,12,736.02,591.30,83.67,109.85,1.74,-1,-1,-1
681,53,503.54,677.21,50.73,133.46,1.69,-1,-1,-1
681,55,388.44,721.85,63.08,131.81,1.72,-1,-1,-1
681,57,387.17,388.59,31.30,76.02,1.68,-1,-1,-1
681,59,250.16,432.87,25.08,78.88,1.67,-1,-1,-1
682,7,1034.62,616.88,83.19,48.66,1.67,-1,-1,-1
682,4,1373.09,486.92,26.93,92.74,1.53,-1,-1,-1
682,30,1054.38,480.43,38.51,96.14,1.70,-1,-1,-1
682,34,1078.86,381.76,24.04,75.98,1.62,-1,-1,-1
682,29,1696.44,711.90,66.11,135.71,1.73,-1,-1,-1
682,28,1346.10,683.23,60.33,124.89,1.73,-1,-1,-1
682,35,1639.70,438.40,52.23,93.45,1.72,-1,-1,-1
682,37,1825.06,513.31,41.19,99.07,1.46,-1,-1,-1
682,39,1824.28,531.71,65.77,94.60,1.68,-1,-1,-1
682,49,810.28,512.86,55.95,98.38,1.59,-1,-1,-1
682,50,905.30,556.17,79.20,90.77,1.74,-1,-1,-1
682,52,740.26,517.60,82.87,93.45,1.69,-1,-1,-1
682,12,730.99,590.10,77.43,113.31,1.74,-1,-1,-1
682,53,507.63,678.00,51.07,133.05,1.70,-1,-1,-1
682,55,386.77,720.89,62.25,133.31,1.73,-1,-1,-1
682,57,390.48,387.89,31.83,75.66,1.69,-1,-1,-1
682,59,251.91,431.96,26.34,79.56,1.69,-1,-1,-1
683,7,1041.03,614.68,82.98,50.77,1.67,-1,-1,-1
683,4,1374.32,485.48,26.55,94.84,1.63,-1,-1,-1
683,30,1060.85,480.76,36.67,96.00,1.70,-1,-1,-1
683,34,1083.61,380.21,20.83,77.50,1.64,-1,-1,-1
683,29,1695.22,710.51,69.23,135.69,1.73,-1,-1,-1
683,28,1345.80,682.52,63.07,126.68,1.74,-1,-1,-1
683,35,1646.13,438.06,50.16,93.61,1.72,-1,-1,-1
683,37,1828.05,513.10,44.06,96.89,1.45,-1,-1,-1
683,39,1827.19,532.33,56.54,96.04,1.66,-1,-1,-1
683,49,821.14,512.18,43.29,98.27,1.56,-1,-1,-1
683,50,905.41,554.67,69.96,92.55,1.74,-1,-1,-1
683,52,749.39,516.93,76.46,95.23,1.70,-1,-1,-1
683,12,729.50,591.02,63.71,113.11,1.72,-1,-1,-1
683,53,510.99,678.80,51.03,133.05,1.70,-1,-1,-1
683,55,385.55,721.19,60.51,133.05,1.72,-1,-1,-1
683,57,392.53,386.85,30.69,76.28,1.68,-1,-1,-1
683,59,254.16,432.41,25.93,78.17,1.68,-1,-1,-1
684,7,1045.84,613.99,82.25,52.92,1.67,-1,-1,-1
684,4,1373.59,485.80,30.21,94.35,1.66,-1,-1,-1
684,30,1064.44,480.16,36.65,96.80,1.71,-1,-1,-1
684,34,1081.51,379.82,25.67,78.02,1.66,-1,-1,-1
684,29,1687.68,710.47,74.72,130.53,1.73,-1,-1,-1
684,28,1343.16,682.46,64.75,125.59,1.74,-1,-1,-1
684,35,1650.84,437.39,48.73,94.70,1.72,-1,-1,-1
684,37,1831.19,512.95,46.16,101.51,1.59,-1,-1,-1
684,39,1830.77,530.25,40.26,98.23,1.60,-1,-1,-1
684,49,814.90,509.24,44.13,101.38,1.49,-1,-1,-1
684,50,903.99,552.14,62.26,95.27,1.74,-1,-1,-1
684,52,759.58,516.46,76.87,96.81,1.71,-1,-1,-1
684,12,725.42,591.11,54.71,113.85,1.70,-1,-1,-1
684,53,517.10,680.32,48.03,132.59,1.70,-1,-1,-1
684,55,383.28,722.49,55.61,131.31,1.71,-1,-1,-1
684,57,393.66,386.03,31.17,75.93,1.69,-1,-1,-1
684,59,255.74,432.90,23.68,77.44,1.68,-1,-1,-1
685,7,1051.51,613.03,82.95,54.16,1.69,-1,-1,-1
685,4,1366.70,486.00,41.46,94.45,1.70,-1,-1,-1
685,30,1064.86,480.20,39.00,96.24,1.70,-1,-1,-1
685,34,1078.70,379.32,31.60,78.04,1.69,-1,-1,-1
685,29,1686.80,711.76,70.15,123.53,1.72,-1,-1,-1
685,28,1341.82,683.45,63.90,123.92,1.73,-1,-1,-1
685,35,1655.29,436.45,46.35,94.15,1.72,-1,-1,-1
685,37,1834.53,512.91,45.80,102.97,1.58,-1,-1,-1
685,39,1831.07,528.67,41.19,100.33,1.66,-1,-1,-1
685,49,819.77,508.08,34.29,101.98,1.54,-1,-1,-1
685,50,902.03,549.50,51.03,97.66,1.72,-1,-1,-1
685,52,771.29,517.36,70.35,96.06,1.68,-1,-1,-1
685,12,715.27,588.66,50.18,115.35,1.68,-1,-1,-1
685,53,519.43,680.64,49.78,131.76,1.68,-1,-1,-1
685,55,381.05,724.24,52.54,132.02,1.71,-1,-1,-1
685,57,394.93,385.56,31.26,75.98,1.69,-1,-1,-1
685,59,255.53,432.37,24.40,77.65,1.67,-1,-1,-1
685,61,811.32,480.33,42.46,89.77,0.88,-1,-1,-1
686,7,1055.40,611.58,82.55,56.15,1.70,-1,-1,-1
686,4,1361.28,486.12,50.22,94.85,1.72,-1,-1,-1
686,30,1064.90,479.60,41.82,97.52,1.69,-1,-1,-1
686,34,1076.44,378.89,36.76,78.47,1.70,-1,-1,-1
686,29,1681.98,713.08,66.31,118.73,1.73,-1,-1,-1
686,28,1338.75,685.80,62.46,121.07,1.74,-1,-1,-1
686,35,1659.08,434.42,41.81,93.28,1.70,-1,-1,-1
686,37,1833.23,512.85,52.52,103.40,1.62,-1,-1,-1
686,39,1829.91,527.07,45.77,101.45,1.70,-1,-1,-1
686,49,810.83,506.83,42.02,93.23,1.40,-1,-1,-1
686,50,900.07,546.37,41.01,100.87,1.70,-1,-1,-1
686,52,784.84,518.60,58.77,95.25,1.62,-1,-1,-1
686,12,704.41,584.84,48.83,118.91,1.70,-1,-1,-1
686,53,520.49,679.90,51.40,130.97,1.66,-1,-1,-1
686,55,377.55,726.08,54.06,130.49,1.72,-1,-1,-1
686,57,396.24,384.70,31.01,75.58,1.65,-1,-1,-1
686,59,254.72,431.89,25.75,78.67,1.68,-1,-1,-1
686,61,813.95,478.23,41.21,91.91,1.55,-1,-1,-1
687,7,1058.88,611.90,83.20,55.46,1.68,-1,-1,-1
687,4,1359.98,486.61,54.37,94.67,1.73,-1,-1,-1
687,30,1067.34,479.14,41.43,97.56,1.71,-1,-1,-1
687,34,1077.46,377.96,38.99,79.41,1.70,-1,-1,-1
687,29,1680.65,712.38,57.66,119.78,1.70,-1,-1,-1
687,28,1331.61,687.62,63.77,118.66,1.70,-1,-1,-1
687,35,1663.92,433.16,35.13,92.23,1.68,-1,-1,-1
687,37,1833.94,513.08,54.43,103.27,1.66,-1,-1,-1
687,39,1823.91,525.82,52.45,102.98,1.72,-1,-1,-1
687,49,809.44,505.70,42.03,98.18,1.41,-1,-1,-1
687,50,898.29,544.13,43.85,103.31,1.71,-1,-1,-1
687,52,791.14,521.14,51.73,95.71,1.67,-1,-1,-1
687,12,693.77,581.66,57.09,121.62,1.72,-1,-1,-1
687,53,524.66,679.04,48.91,130.57,1.67,-1,-1,-1
687,55,373.16,726.25,59.32,128.85,1.72,-1,-1,-1
687,57,396.82,383.64,33.36,75.67,1.67,-1,-1,-1
687,59,252.83,430.69,29.20,79.34,1.69,-1,-1,-1
687,61,815.98,477.69,39.96,96.93,1.53,-1,-1,-1
688,7,1063.19,611.69,82.37,56.04,1.69,-1,-1,-1
688,4,1360.72,486.34,56.31,95.34,1.72,-1,-1,-1
688,30,1067.83,479.15,43.53,97.75,1.71,-1,-1,-1
688,34,1079.45,377.37,38.81,78.82,1.72,-1,-1,-1
688,29,1678.92,709.90,49.06,123.77,1.69,-1,-1,-1
688,28,1322.36,689.05,64.48,118.36,1.69,-1,-1,-1
688,35,1667.51,432.16,29.24,91.88,1.65,-1,-1,-1
688,37,1838.55,512.40,54.63,103.09,1.67,-1,-1,-1
688,39,1809.23,524.49,70.01,102.33,1.71,-1,-1,-1
688,49,808.33,505.12,41.73,102.98,1.48,-1,-1,-1
688,50,896.87,542.85,46.17,103.69,1.73,-1,-1,-1
688,52,793.48,524.11,48.89,94.96,1.69,-1,-1,-1
688,12,684.14,578.79,63.60,120.80,1.72,-1,-1,-1
688,53,526.23,677.55,46.83,127.21,1.68,-1,-1,-1
688,55,367.30,725.17,63.95,129.78,1.72,-1,-1,-1
688,57,396.99,382.61,32.79,75.85,1.66,-1,-1,-1
688,59,250.14,429.97,33.18,79.33,1.70,-1,-1,-1
688,61,817.05,477.04,37.60,97.18,1.48,-1,-1,-1
689,7,1066.28,611.44,82.00,56.74,1.69,-1,-1,-1
689,4,1360.79,486.08,57.65,95.50,1.73,-1,-1,-1
689,30,1069.75,478.70,43.35,98.12,1.71,-1,-1,-1
689,34,1081.52,377.12,38.29,78.61,1.72,-1,-1,-1
689,29,1667.89,706.99,56.76,123.59,1.67,-1,-1,-1
689,28,1318.01,688.93,59.31,118.62,1.71,-1,-1,-1
689,35,1667.46,431.32,29.43,92.96,1.66,-1,-1,-1
689,37,1836.57,511.80,59.41,104.20,1.64,-1,-1,-1
689,39,1807.04,524.56,73.64,99.65,1.73,-1,-1,-1
689,49,818.75,505.26,31.05,70.51,1.53,-1,-1,-1
689,50,893.48,541.96,50.06,104.43,1.72,-1,-1,-1
689,52,793.04,526.88,49.54,92.58,1.67,-1,-1,-1
689,12,663.94,576.83,79.66,115.13,1.74,-1,-1,-1
689,53,528.06,677.77,46.02,126.59,1.69,-1,-1,-1
689,55,358.96,724.21,72.56,130.20,1.73,-1,-1,-1
689,57,396.02,381.62,35.21,77.34,1.67,-1,-1,-1
689,59,248.07,428.98,31.21,79.41,1.70,-1,-1,-1
689,61,816.85,475.20,39.99,89.80,1.59,-1,-1,-1
689,62,565.45,146.38,58.96,85.72,0.74,-1,-1,-1
690,7,1069.83,611.98,80.87,56.34,1.69,-1,-1,-1
690,4,1363.84,485.17,54.45,95.56,1.73,-1,-1,-1
690,30,1070.07,478.11,44.83,99.18,1.72,-1,-1,-1
690,34,1083.32,376.37,37.36,78.83,1.72,-1,-1,-1
690,29,1663.66,704.89,63.19,124.12,1.70,-1,-1,-1
690,28,1313.35,686.52,65.58,121.28,1.73,-1,-1,-1
690,35,1669.25,430.12,28.65,93.88,1.67,-1,-1,-1
690,37,1842.98,510.34,53.39,106.14,1.64,-1,-1,-1
690,39,1807.51,526.78,69.02,97.03,1.71,-1,-1,-1
690,49,813.71,504.25,36.97,103.73,1.22,-1,-1,-1
690,50,891.63,542.86,50.47,101.68,1.71,-1,-1,-1
690,52,796.88,528.37,46.91,91.51,1.70,-1,-1,-1
690,12,654.38,576.18,82.21,111.46,1.75,-1,-1,-1
690,53,529.80,676.41,44.45,127.06,1.69,-1,-1,-1
690,55,350.98,722.87,74.65,130.82,1.73,-1,-1,-1
690,57,396.37,380.41,34.19,77.46,1.65,-1,-1,-1
690,59,245.83,427.46,34.12,79.39,1.70,-1,-1,-1
690,61,816.73,474.55,39.17,95.25,1.34,-1,-1,-1
691,7,1072.91,612.10,80.60,58.05,1.69,-1,-1,-1
691,4,1366.96,484.01,49.46,96.28,1.71,-1,-1,-1
691,30,1072.42,477.06,44.87,99.23,1.72,-1,-1,-1
691,34,1084.62,375.32,36.26,79.64,1.71,-1,-1,-1
691,29,1655.27,703.56,74.49,123.08,1.71,-1,-1,-1
691,28,1313.05,683.95,66.40,124.82,1.74,-1,-1,-1
691,35,1665.18,429.35,35.37,94.96,1.68,-1,-1,-1
691,37,1845.49,508.68,50.90,108.00,1.67,-1,-1,-1
691,39,1811.88,527.69,57.61,96.69,1.66,-1,-1,-1
691,49,813.51,503.26,36.52,100.41,1.19,-1,-1,-1
691,50,889.35,544.36,47.16,97.97,1.71,-1,-1,-1
691,52,798.18,527.71,48.88,90.10,1.70,-1,-1,-1
691,12,647.67,576.32,79.44,112.59,1.74,-1,-1,-1
691,53,530.22,676.18,44.57,128.45,1.68,-1,-1,-1
691,55,344.76,722.45,75.43,132.36,1.74,-1,-1,-1
691,57,395.53,379.62,34.98,78.49,1.68,-1,-1,-1
691,59,243.76,425.24,33.39,80.17,1.71,-1,-1,-1
691,61,817.41,474.56,39.13,89.05,0.46,-1,-1,-1
692,7,1075.70,611.94,79.25,57.15,1.69,-1,-1,-1
692,4,1370.04,483.10,42.56,95.22,1.71,-1,-1,-1
692,30,1072.76,476.11,45.70,98.90,1.72,-1,-1,-1
692,34,1087.34,374.54,33.20,80.04,1.71,-1,-1,-1
692,29,1642.47,703.04,86.98,120.43,1.75,-1,-1,-1
692,28,1309.05,681.97,69.65,126.48,1.73,-1,-1,-1
692,35,1657.45,429.25,46.71,95.02,1.70,-1,-1,-1
692,37,1845.87,507.71,47.62,107.07,1.69,-1,-1,-1
692,39,1807.14,528.40,50.64,96.29,1.62,-1,-1,-1
692,49,810.92,502.98,39.61,90.31,1.33,-1,-1,-1
692,50,887.11,543.69,42.46,98.71,1.70,-1,-1,-1
692,52,803.10,526.93,46.96,92.31,1.67,-1,-1,-1
692,12,641.75,577.49,70.39,112.17,1.74,-1,-1,-1
692,53,531.21,676.21,43.45,128.51,1.69,-1,-1,-1
692,55,336.57,724.10,73.28,131.66,1.74,-1,-1,-1
692,57,395.96,379.61,34.71,77.74,1.69,-1,-1,-1
692,59,241.37,422.95,30.77,80.58,1.71,-1,-1,-1
693,7,1077.93,612.30,78.21,57.30,1.71,-1,-1,-1
693,4,1371.54,482.66,35.48,95.35,1.69,-1,-1,-1
693,30,1074.87,475.24,45.52,99.72,1.73,-1,-1,-1
693,34,1088.39,373.57,30.39,79.32,1.69,-1,-1,-1
693,29,1638.81,704.39,88.70,115.51,1.75,-1,-1,-1
693,28,1298.67,681.36,77.70,126.38,1.75,-1,-1,-1
693,35,1654.46,428.76,53.09,95.09,1.73,-1,-1,-1
693,37,1848.01,507.09,41.13,103.21,1.70,-1,-1,-1
693,39,1800.99,528.14,50.41,96.76,1.69,-1,-1,-1
693,49,807.39,502.15,42.55,103.72,1.56,-1,-1,-1
693,50,884.47,541.75,37.73,100.33,1.70,-1,-1,-1
693,52,808.61,526.55,42.98,95.79,1.66,-1,-1,-1
693,12,630.86,577.74,65.41,112.44,1.73,-1,-1,-1
693,53,530.51,676.40,44.49,129.64,1.69,-1,-1,-1
693,55,327.69,726.03,72.40,131.08,1.74,-1,-1,-1
693,57,394.84,378.49,35.21,78.91,1.68,-1,-1,-1
693,59,239.08,420.55,30.15,81.54,1.70,-1,-1,-1
694,7,1079.48,613.28,77.62,57.36,1.70,-1,-1,-1
694,4,1373.66,482.21,26.72,94.71,1.65,-1,-1,-1
694,30,1075.35,474.39,46.00,99.10,1.72,-1,-1,-1
694,34,1089.56,372.76,25.91,78.74,1.67,-1,-1,-1
694,29,1640.48,705.21,82.69,115.38,1.75,-1,-1,-1
694,28,1295.28,681.66,76.98,123.36,1.75,-1,-1,-1
694,35,1653.23,428.76,56.79,94.51,1.72,-1,-1,-1
694,37,1848.47,506.48,37.98,102.39,1.69,-1,-1,-1
694,39,1795.30,526.26,50.75,99.40,1.69,-1,-1,-1
694,49,809.35,501.85,40.79,100.74,1.57,-1,-1,-1
694,50,880.03,539.20,31.48,102.80,1.68,-1,-1,-1
694,52,811.13,525.75,40.95,99.98,1.66,-1,-1,-1
694,12,622.68,575.82,57.73,114.29,1.73,-1,-1,-1
694,53,530.49,676.28,44.47,129.40,1.69,-1,-1,-1
694,55,317.91,728.06,70.77,130.59,1.73,-1,-1,-1
694,57,393.74,377.67,35.40,78.59,1.69,-1,-1,-1
694,59,234.94,418.94,29.17,82.12,1.69,-1,-1,-1
695,7,1081.06,612.91,77.76,57.70,1.70,-1,-1,-1
695,4,1369.98,481.50,27.24,96.53,1.66,-1,-1,-1
695,30,1074.03,473.06,48.79,99.67,1.71,-1,-1,-1
695,34,1088.91,371.27,23.50,79.45,1.64,-1,-1,-1
695,29,1635.47,707.09,77.95,113.72,1.73,-1,-1,-1
695,28,1295.20,682.42,70.30,121.89,1.74,-1,-1,-1
695,35,1654.42,428.27,58.36,94.29,1.73,-1,-1,-1
695,37,1848.40,506.41,39.79,102.44,1.70,-1,-1,-1
695,39,1793.31,524.68,53.44,100.70,1.72,-1,-1,-1
695,49,807.53,501.07,39.04,103.37,1.53,-1,-1,-1
695,50,875.87,537.15,32.37,106.33,1.67,-1,-1,-1
695,52,815.82,525.11,36.69,101.86,1.66,-1,-1,-1
695,12,610.63,571.35,52.91,119.30,1.69,-1,-1,-1
695,53,529.56,675.35,47.72,129.39,1.69,-1,-1,-1
695,55,307.64,728.21,66.30,131.18,1.73,-1,-1,-1
695,57,392.59,376.41,37.17,78.56,1.69,-1,-1,-1
695,59,232.16,417.78,27.18,81.87,1.68,-1,-1,-1
696,7,1083.33,614.81,76.87,56.14,1.67,-1,-1,-1
696,4,1361.14,481.33,37.05,95.95,1.67,-1,-1,-1
696,30,1079.60,472.05,45.51,98.08,1.70,-1,-1,-1
696,34,1087.48,370.51,21.66,80.22,1.62,-1,-1,-1
696,29,1626.74,707.42,73.62,114.74,1.74,-1,-1,-1
696,28,1289.63,683.88,66.51,122.61,1.73,-1,-1,-1
696,35,1657.77,427.83,55.65,94.26,1.73,-1,-1,-1
696,37,1847.76,506.11,43.49,102.84,1.72,-1,-1,-1
696,39,1792.00,522.42,56.97,102.72,1.71,-1,-1,-1
696,49,807.32,500.58,42.54,102.35,1.53,-1,-1,-1
696,50,870.78,535.69,34.24,108.55,1.70,-1,-1,-1
696,52,817.84,524.67,36.51,103.73,1.63,-1,-1,-1
696,12,598.90,567.83,60.00,121.90,1.70,-1,-1,-1
696,53,528.98,674.88,48.06,129.88,1.69,-1,-1,-1
696,55,296.51,726.36,68.17,134.27,1.72,-1,-1,-1
696,57,391.54,375.63,36.65,78.10,1.70,-1,-1,-1
696,59,228.74,417.58,27.50,81.45,1.71,-1,-1,-1
696,61,811.13,470.29,42.55,93.65,1.51,-1,-1,-1
697,7,1084.43,615.05,77.51,56.19,1.68,-1,-1,-1
697,4,1353.07,481.85,46.49,95.96,1.71,-1,-1,-1
697,30,1081.24,470.87,44.63,99.30,1.71,-1,-1,-1
697,34,1084.29,370.18,24.50,80.14,1.65,-1,-1,-1
697,29,1616.52,705.54,66.70,117.19,1.72,-1,-1,-1
697,28,1277.78,684.11,64.80,124.04,1.73,-1,-1,-1
697,35,1658.82,426.87,54.02,94.97,1.73,-1,-1,-1
697,37,1841.46,506.66,53.08,101.96,1.70,-1,-1,-1
697,39,1783.15,522.14,65.16,102.32,1.73,-1,-1,-1
697,49,807.72,499.21,37.95,105.09,1.50,-1,-1,-1
697,50,859.09,535.06,40.15,108.16,1.70,-1,-1,-1
697,52,819.69,523.14,39.20,106.32,1.60,-1,-1,-1
697,12,586.93,565.46,65.03,118.43,1.70,-1,-1,-1
697,53,527.97,673.72,50.18,131.72,1.69,-1,-1,-1
697,55,286.77,723.63,73.66,138.12,1.73,-1,-1,-1
697,57,388.85,373.74,38.67,79.71,1.67,-1,-1,-1
697,59,225.26,418.65,28.63,78.87,1.69,-1,-1,-1
697,61,808.52,469.55,43.53,92.69,0.55,-1,-1,-1
698,7,1086.56,616.66,75.68,55.03,1.70,-1,-1,-1
698,4,1347.24,481.93,53.67,95.09,1.73,-1,-1,-1
698,30,1086.40,470.51,40.57,99.14,1.70,-1,-1,-1
698,34,1080.03,369.47,28.84,79.42,1.68,-1,-1,-1
698,29,1609.43,704.10,65.79,119.36,1.73,-1,-1,-1
698,28,1266.52,684.06,60.93,124.39,1.72,-1,-1,-1
698,35,1661.71,425.60,50.17,94.46,1.73,-1,-1,-1
698,37,1835.70,506.59,61.10,102.34,1.72,-1,-1,-1
698,39,1777.18,521.71,70.13,101.87,1.73,-1,-1,-1
698,49,806.89,497.23,40.77,107.19,1.50,-1,-1,-1
698,50,849.09,536.24,46.71,105.68,1.71,-1,-1,-1
698,52,822.03,523.96,42.04,104.16,1.57,-1,-1,-1
698,12,574.70,565.07,68.77,109.26,1.71,-1,-1,-1
698,53,528.21,673.77,47.90,132.49,1.68,-1,-1,-1
698,55,276.48,723.31,76.30,139.03,1.74,-1,-1,-1
698,57,387.33,372.54,37.42,78.86,1.67,-1,-1,-1
698,59,221.66,419.16,29.32,80.01,1.69,-1,-1,-1
698,61,807.94,466.94,41.82,96.10,1.26,-1,-1,-1
699,7,1087.62,617.21,75.75,54.22,1.71,-1,-1,-1
699,4,1343.95,482.15,58.82,95.10,1.72,-1,-1,-1
699,30,1091.25,470.39,37.05,99.41,1.71,-1,-1,-1
699,34,1073.67,369.08,35.90,79.51,1.71,-1,-1,-1
699,29,1604.33,700.38,71.07,124.06,1.74,-1,-1,-1
699,28,1256.97,682.23,66.13,125.18,1.73,-1,-1,-1
699,35,1664.30,423.67,45.19,94.34,1.72,-1,-1,-1
699,37,1833.95,505.96,67.67,102.78,1.72,-1,-1,-1
699,39,1777.37,522.66,65.70,102.37,1.73,-1,-1,-1
699,49,805.83,493.44,37.72,110.87,1.56,-1,-1,-1
699,50,838.32,538.14,53.44,103.95,1.70,-1,-1,-1
699,52,824.19,524.40,41.33,100.73,1.56,-1,-1,-1
699,12,559.57,564.33,73.91,110.50,1.69,-1,-1,-1
699,53,526.77,673.68,49.26,133.31,1.69,-1,-1,-1
699,55,265.99,723.57,79.93,138.50,1.74,-1,-1,-1
699,57,385.67,371.68,35.76,78.27,1.68,-1,-1,-1
699,59,216.46,418.99,31.85,79.32,1.70,-1,-1,-1
699,61,806.07,466.33,42.07,98.15,1.02,-1,-1,-1
700,7,1088.18,617.70,74.86,53.89,1.71,-1,-1,-1
700,4,1343.12,482.40,60.01,95.23,1.74,-1,-1,-1
700,30,1092.57,469.82,37.01,100.10,1.71,-1,-1,-1
700,34,1069.31,368.73,41.26,79.71,1.71,-1,-1,-1
700,29,1599.18,698.91,74.44,124.84,1.74,-1,-1,-1
700,28,1248.83,680.63,74.60,125.93,1.74,-1,-1,-1
700,35,1666.76,421.78,37.51,94.63,1.70,-1,-1,-1
700,37,1835.92,505.65,67.57,103.18,1.73,-1,-1,-1
700,39,1777.36,523.90,60.68,101.59,1.73,-1,-1,-1
700,49,803.73,491.67,36.81,112.12,1.56,-1,-1,-1
700,50,828.75,539.90,58.74,102.71,1.69,-1,-1,-1
700,52,824.92,526.16,44.47,98.32,1.43,-1,-1,-1
700,12,550.40,564.95,72.05,111.20,1.69,-1,-1,-1
700,53,525.97,673.39,54.15,134.77,1.71,-1,-1,-1
700,55,257.51,725.37,78.58,138.24,1.74,-1,-1,-1
700,57,384.11,370.94,37.14,78.01,1.68,-1,-1,-1
700,59,212.37,419.13,33.66,78.79,1.70,-1,-1,-1
700,61,803.26,464.54,43.24,95.48,0.20,-1,-1,-1
701,7,1088.83,618.59,75.81,52.93,1.70,-1,-1,-1
701,4,1344.20,482.23,59.65,95.80,1.73,-1,-1,-1
701,30,1096.11,469.61,34.31,99.99,1.72,-1,-1,-1
701,34,1065.84,368.77,45.56,79.16,1.72,-1,-1,-1
701,29,1585.34,698.11,85.54,123.09,1.74,-1,-1,-1
701,28,1246.89,679.38,73.64,126.48,1.74,-1,-1,-1
701,35,1668.56,420.01,30.95,95.95,1.67,-1,-1,-1
701,37,1839.71,505.71,63.55,102.77,1.74,-1,-1,-1
701,39,1774.20,525.90,54.42,100.45,1.72,-1,-1,-1
701,49,800.99,490.83,38.39,109.95,1.60,-1,-1,-1
701,50,822.67,544.38,60.04,99.52,1.68,-1,-1,-1
701,52,823.02,528.64,36.45,96.61,1.26,-1,-1,-1
701,12,539.06,563.27,78.69,113.86,1.70,-1,-1,-1
701,53,524.73,672.65,61.41,136.54,1.70,-1,-1,-1
701,55,248.35,727.80,75.07,136.66,1.73,-1,-1,-1
701,57,382.10,370.38,33.54,77.75,1.69,-1,-1,-1
701,59,207.63,417.74,33.18,80.02,1.71,-1,-1,-1
701,61,801.03,464.63,42.55,96.54,1.24,-1,-1,-1
702,7,1090.58,619.56,74.60,52.99,1.70,-1,-1,-1
702,4,1344.62,481.89,55.83,96.22,1.74,-1,-1,-1
702,30,1097.85,469.72,33.44,99.28,1.71,-1,-1,-1
702,34,1064.70,368.73,47.39,79.41,1.72,-1,-1,-1
702,29,1577.84,698.47,84.98,118.43,1.74,-1,-1,-1
702,28,1234.72,679.93,80.91,124.69,1.74,-1,-1,-1
702,35,1665.26,418.90,33.32,96.73,1.66,-1,-1,-1
702,37,1841.09,505.42,60.36,102.86,1.73,-1,-1,-1
702,39,1772.65,526.40,44.95,99.55,1.71,-1,-1,-1
702,49,798.72,490.03,37.41,109.04,1.64,-1,-1,-1
702,50,816.28,545.78,66.80,99.43,1.71,-1,-1,-1
702,52,821.55,530.97,57.44,98.85,1.47,-1,-1,-1
702,12,527.06,561.28,83.25,115.90,1.72,-1,-1,-1
702,53,524.73,672.97,66.52,136.20,1.71,-1,-1,-1
702,55,241.09,730.15,66.87,135.25,1.73,-1,-1,-1
702,57,379.02,369.88,34.21,78.51,1.70,-1,-1,-1
702,59,203.44,417.06,35.77,80.64,1.72,-1,-1,-1
702,61,798.60,463.00,43.10,95.44,0.49,-1,-1,-1
703,7,1091.55,620.03,74.46,53.47,1.70,-1,-1,-1
703,4,1345.73,481.06,49.27,97.04,1.72,-1,-1,-1
703,30,1099.73,468.81,32.86,99.93,1.69,-1,-1,-1
703,34,1064.47,368.83,47.37,78.92,1.72,-1,-1,-1
703,29,1578.93,701.95,72.84,115.11,1.74,-1,-1,-1
703,28,1227.31,680.34,83.55,125.38,1.75,-1,-1,-1
703,35,1663.38,418.19,34.13,97.97,1.69,-1,-1,-1
703,37,1839.67,505.48,57.24,101.42,1.74,-1,-1,-1
703,39,1769.08,524.47,38.92,102.52,1.69,-1,-1,-1
703,49,793.86,490.72,43.77,106.94,1.61,-1,-1,-1
703,50,809.82,545.65,71.87,100.32,1.71,-1,-1,-1
703,52,819.10,531.85,58.74,100.17,1.36,-1,-1,-1
703,12,515.05,559.85,84.00,116.55,1.73,-1,-1,-1
703,53,524.04,673.45,69.67,136.31,1.72,-1,-1,-1
703,55,232.04,731.51,56.30,134.37,1.72,-1,-1,-1
703,57,376.00,370.26,36.04,78.27,1.70,-1,-1,-1
703,59,198.64,415.39,35.53,80.20,1.71,-1,-1,-1
704,7,1092.48,619.75,72.65,53.97,1.68,-1,-1,-1
704,4,1345.23,480.22,44.09,97.91,1.71,-1,-1,-1
704,30,1101.08,468.23,32.43,99.71,1.68,-1,-1,-1
704,34,1065.16,368.79,46.66,78.33,1.72,-1,-1,-1
704,29,1566.95,704.31,69.50,113.12,1.72,-1,-1,-1
704,28,1225.30,682.25,78.48,125.39,1.75,-1,-1,-1
704,35,1659.77,417.73,37.60,97.83,1.71,-1,-1,-1
704,37,1833.16,505.03,57.42,99.09,1.73,-1,-1,-1
704,39,1762.69,522.94,46.16,103.46,1.70,-1,-1,-1
704,49,787.73,491.83,49.06,104.28,1.60,-1,-1,-1
704,50,808.65,547.26,71.49,99.09,1.64,-1,-1,-1
704,52,812.39,530.60,69.47,102.62,1.16,-1,-1,-1
704,12,502.79,555.67,86.15,120.06,1.71,-1,-1,-1
704,53,523.17,673.68,72.23,136.67,1.73,-1,-1,-1
704,55,221.43,731.03,57.73,137.72,1.71,-1,-1,-1
704,57,372.26,368.78,36.46,78.70,1.70,-1,-1,-1
704,59,193.39,412.69,36.18,81.71,1.71,-1,-1,-1
704,61,795.01,464.15,41.78,101.14,1.31,-1,-1,-1
705,7,1092.75,620.18,72.15,53.71,1.67,-1,-1,-1
705,4,1346.07,479.61,35.18,98.73,1.69,-1,-1,-1
705,30,1103.07,467.37,31.06,100.68,1.70,-1,-1,-1
705,34,1062.95,368.33,47.92,78.52,1.73,-1,-1,-1
705,29,1551.26,704.99,68.48,113.29,1.72,-1,-1,-1
705,28,1216.15,683.23,77.06,125.79,1.75,-1,-1,-1
705,35,1655.79,417.06,41.77,98.17,1.71,-1,-1,-1
705,37,1829.68,504.10,52.58,100.75,1.72,-1,-1,-1
705,39,1758.69,520.48,51.62,105.89,1.72,-1,-1,-1
705,49,784.33,493.22,51.41,99.59,1.61,-1,-1,-1
705,50,806.66,539.42,67.13,107.39,1.60,-1,-1,-1
705,12,489.55,552.67,86.77,120.43,1.71,-1,-1,-1
705,53,520.95,674.31,73.90,135.69,1.73,-1,-1,-1
705,55,209.73,729.27,65.22,142.36,1.72,-1,-1,-1
705,57,369.21,368.69,38.27,78.81,1.71,-1,-1,-1
705,59,189.34,410.02,33.46,82.51,1.66,-1,-1,-1
705,61,791.62,463.56,44.97,99.39,0.71,-1,-1,-1
706,7,1095.43,619.96,71.56,53.11,1.71,-1,-1,-1
706,4,1345.23,478.48,30.88,99.76,1.67,-1,-1,-1
706,30,1103.15,466.77,31.50,101.10,1.70,-1,-1,-1
706,34,1060.16,368.19,49.96,79.05,1.72,-1,-1,-1
706,29,1542.91,704.68,66.28,113.94,1.71,-1,-1,-1
706,28,1202.87,685.73,75.13,123.84,1.74,-1,-1,-1
706,35,1651.90,416.90,47.73,98.10,1.71,-1,-1,-1
706,37,1824.57,502.27,48.62,102.30,1.72,-1,-1,-1
706,39,1744.73,520.39,64.78,104.94,1.72,-1,-1,-1
706,49,777.79,494.56,54.65,96.84,1.55,-1,-1,-1
706,50,806.47,550.82,63.04,96.54,1.67,-1,-1,-1
706,12,477.42,551.07,84.46,119.00,1.71,-1,-1,-1
706,53,520.44,673.48,73.83,137.03,1.73,-1,-1,-1
706,55,198.74,727.47,72.31,145.08,1.73,-1,-1,-1
706,57,366.72,368.08,38.97,78.20,1.70,-1,-1,-1
706,59,185.01,407.27,32.02,83.33,1.69,-1,-1,-1
706,52,811.87,528.61,67.18,104.70,1.58,-1,-1,-1
707,7,1096.13,619.47,70.88,54.73,1.69,-1,-1,-1
707,4,1343.22,477.90,30.75,99.36,1.67,-1,-1,-1
707,30,1102.27,466.40,33.36,101.73,1.69,-1,-1,-1
707,34,1061.09,367.89,45.69,78.12,1.72,-1,-1,-1
707,29,1536.12,703.21,72.40,114.54,1.73,-1,-1,-1
707,28,1192.61,684.81,67.24,124.78,1.71,-1,-1,-1
707,35,1649.72,416.21,53.01,98.43,1.72,-1,-1,-1
707,37,1821.14,499.72,52.73,104.81,1.71,-1,-1,-1
707,39,1736.07,520.38,71.57,105.91,1.73,-1,-1,-1
707,49,769.03,494.53,56.52,96.66,1.62,-1,-1,-1
707,50,806.58,550.67,52.12,97.52,1.66,-1,-1,-1
707,12,465.55,551.57,80.36,116.31,1.72,-1,-1,-1
707,53,521.07,672.12,72.93,137.46,1.72,-1,-1,-1
707,55,182.70,727.09,82.40,144.78,1.74,-1,-1,-1
707,57,363.76,367.14,39.54,78.22,1.69,-1,-1,-1
707,59,180.15,405.00,36.87,82.69,1.71,-1,-1,-1
707,52,791.36,528.14,84.54,105.89,1.63,-1,-1,-1
708,7,1096.70,618.63,70.75,54.73,1.69,-1,-1,-1
708,4,1331.11,478.35,39.55,99.07,1.70,-1,-1,-1
708,30,1097.85,466.07,38.11,102.32,1.71,-1,-1,-1
708,34,1060.68,367.34,42.01,77.30,1.68,-1,-1,-1
708,29,1528.86,702.74,77.21,116.36,1.74,-1,-1,-1
708,28,1183.60,682.06,66.25,128.31,1.72,-1,-1,-1
708,35,1649.95,415.85,53.13,98.41,1.73,-1,-1,-1
708,37,1818.34,497.06,57.48,106.83,1.73,-1,-1,-1
708,39,1732.67,521.98,71.85,104.39,1.73,-1,-1,-1
708,49,767.65,491.85,54.37,98.92,1.58,-1,-1,-1
708,50,801.53,550.89,46.75,98.21,1.56,-1,-1,-1
708,12,454.13,551.45,81.29,116.20,1.71,-1,-1,-1
708,53,526.68,671.61,66.31,136.69,1.73,-1,-1,-1
708,55,168.70,728.00,88.71,144.93,1.75,-1,-1,-1
708,57,360.37,365.91,39.62,79.28,1.71,-1,-1,-1
708,59,175.50,403.97,36.83,81.81,1.72,-1,-1,-1
708,52,801.88,526.83,69.16,106.39,1.61,-1,-1,-1
709,7,1097.35,618.05,72.00,55.71,1.69,-1,-1,-1
709,4,1321.72,479.32,50.13,98.93,1.72,-1,-1,-1
709,30,1095.95,465.97,40.93,102.41,1.72,-1,-1,-1
709,34,1056.56,365.98,41.26,78.28,1.71,-1,-1,-1
709,29,1515.26,703.52,88.95,117.06,1.73,-1,-1,-1
709,28,1176.63,679.34,71.53,130.95,1.73,-1,-1,-1
709,35,1649.67,414.82,54.72,98.44,1.74,-1,-1,-1
709,37,1815.62,494.72,58.47,109.12,1.72,-1,-1,-1
709,39,1734.89,523.56,62.30,104.18,1.72,-1,-1,-1
709,49,763.71,491.35,57.66,100.15,1.54,-1,-1,-1
709,50,799.23,542.53,46.57,105.79,1.45,-1,-1,-1
709,12,442.20,551.81,79.76,117.28,1.70,-1,-1,-1
709,53,530.43,669.47,62.52,133.11,1.71,-1,-1,-1
709,55,163.33,728.92,85.43,147.04,1.74,-1,-1,-1
709,57,357.15,364.86,38.61,79.30,1.71,-1,-1,-1
709,59,170.16,403.02,33.21,81.18,1.69,-1,-1,-1
709,52,798.08,526.99,65.53,105.83,1.60,-1,-1,-1
710,7,1098.54,616.69,71.29,58.62,1.65,-1,-1,-1
710,4,1316.17,479.58,57.34,99.10,1.73,-1,-1,-1
710,30,1092.45,465.86,45.41,102.38,1.72,-1,-1,-1
710,34,1050.07,364.55,42.17,78.94,1.70,-1,-1,-1
710,29,1505.12,704.71,95.11,117.55,1.75,-1,-1,-1
710,28,1168.58,677.79,75.54,132.00,1.74,-1,-1,-1
710,35,1649.93,413.80,52.92,98.70,1.73,-1,-1,-1
710,37,1807.20,493.20,65.05,109.50,1.73,-1,-1,-1
710,39,1728.03,525.61,60.80,101.70,1.72,-1,-1,-1
710,49,760.73,488.01,53.80,102.50,1.53,-1,-1,-1
710,50,790.60,548.87,45.70,100.13,1.37,-1,-1,-1
710,12,431.19,550.61,79.19,119.60,1.71,-1,-1,-1
710,53,536.50,668.74,58.50,133.59,1.70,-1,-1,-1
710,55,151.65,732.94,86.48,144.75,1.74,-1,-1,-1
710,57,353.37,363.20,34.07,79.65,1.70,-1,-1,-1
710,59,165.06,402.81,28.79,82.03,1.69,-1,-1,-1
710,52,787.08,525.46,66.41,112.51,1.48,-1,-1,-1
711,7,1099.03,615.82,72.41,58.84,1.62,-1,-1,-1
711,4,1313.62,479.57,61.23,99.36,1.73,-1,-1,-1
711,30,1089.35,465.24,48.35,102.76,1.73,-1,-1,-1
711,34,1048.51,361.86,38.07,81.16,1.68,-1,-1,-1
711,29,1503.15,707.19,88.42,117.82,1.74,-1,-1,-1
711,28,1155.64,676.57,85.20,131.27,1.74,-1,-1,-1
711,35,1652.89,411.33,47.76,98.63,1.71,-1,-1,-1
711,37,1803.67,491.78,67.39,106.61,1.73,-1,-1,-1
711,39,1720.44,525.39,58.52,103.10,1.71,-1,-1,-1
711,49,757.57,484.18,51.06,107.58,1.60,-1,-1,-1
711,50,783.62,548.97,38.80,99.65,1.63,-1,-1,-1
711,12,421.86,545.78,79.22,122.93,1.68,-1,-1,-1
711,53,543.15,667.24,55.74,135.05,1.69,-1,-1,-1
711,55,137.45,735.24,86.77,143.34,1.74,-1,-1,-1
711,57,350.78,361.49,31.26,81.37,1.66,-1,-1,-1
711,59,160.27,403.22,27.52,81.24,1.68,-1,-1,-1
711,52,778.27,522.34,67.85,110.42,1.64,-1,-1,-1
712,7,1100.63,615.24,70.44,59.60,1.60,-1,-1,-1
712,4,1314.17,479.85,61.18,98.90,1.73,-1,-1,-1
712,30,1082.26,464.37,54.96,103.64,1.72,-1,-1,-1
712,34,1045.47,359.95,39.38,82.45,1.65,-1,-1,-1
712,29,1503.34,711.02,72.26,114.40,1.73,-1,-1,-1
712,28,1144.06,676.84,90.02,130.27,1.75,-1,-1,-1
712,35,1654.98,409.82,41.36,97.35,1.70,-1,-1,-1
712,37,1804.35,492.48,60.92,104.03,1.73,-1,-1,-1
712,39,1713.78,523.93,56.03,104.90,1.71,-1,-1,-1
712,49,753.02,480.21,53.53,107.91,1.49,-1,-1,-1
712,50,773.32,546.80,47.73,104.23,1.67,-1,-1,-1
712,12,416.73,542.51,76.05,122.70,1.70,-1,-1,-1
712,53,550.22,665.87,52.74,136.86,1.67,-1,-1,-1
712,55,125.02,735.41,80.47,144.08,1.73,-1,-1,-1
712,57,346.96,360.62,31.78,80.86,1.68,-1,-1,-1
712,59,153.49,402.85,28.84,82.03,1.70,-1,-1,-1
712,52,770.53,522.54,74.60,110.88,1.66,-1,-1,-1
713,7,1101.27,615.10,70.95,58.72,1.66,-1,-1,-1
713,4,1314.03,479.78,60.77,99.37,1.74,-1,-1,-1
713,30,1081.91,462.76,55.42,104.87,1.73,-1,-1,-1
713,34,1042.93,358.23,41.40,83.96,1.70,-1,-1,-1
713,29,1497.79,713.01,61.20,113.20,1.71,-1,-1,-1
713,28,1140.54,676.65,86.09,133.43,1.74,-1,-1,-1
713,35,1657.64,408.19,33.40,97.56,1.67,-1,-1,-1
713,37,1805.00,493.97,52.45,103.21,1.73,-1,-1,-1
713,39,1713.15,522.49,51.89,105.14,1.70,-1,-1,-1
713,49,754.11,476.88,50.16,94.84,1.37,-1,-1,-1
713,50,763.13,546.44,54.69,107.18,1.71,-1,-1,-1
713,12,409.01,539.49,72.94,123.13,1.70,-1,-1,-1
713,53,552.80,665.18,53.82,138.28,1.70,-1,-1,-1
713,55,113.15,733.20,70.34,146.95,1.71,-1,-1,-1
713,57,343.71,360.51,32.91,81.03,1.65,-1,-1,-1
713,59,147.70,402.41,32.21,82.09,1.69,-1,-1,-1
713,52,772.11,519.61,70.99,111.65,1.62,-1,-1,-1
714,7,1100.95,615.33,72.44,60.24,1.64,-1,-1,-1
714,4,1314.89,479.72,56.89,99.33,1.73,-1,-1,-1
714,30,1080.38,461.71,55.53,104.07,1.74,-1,-1,-1
714,34,1041.61,357.13,41.12,84.07,1.72,-1,-1,-1
714,29,1486.67,712.76,56.55,114.46,1.69,-1,-1,-1
714,28,1138.95,681.21,75.38,128.90,1.73,-1,-1,-1
714,35,1658.43,406.79,28.87,97.38,1.68,-1,-1,-1
714,37,1793.61,494.40,54.73,102.64,1.72,-1,-1,-1
714,39,1712.30,520.17,51.41,110.52,1.70,-1,-1,-1
714,49,752.63,474.48,46.25,99.26,1.49,-1,-1,-1
714,50,756.20,547.65,58.20,110.10,1.72,-1,-1,-1
714,12,399.28,537.32,70.67,124.54,1.68,-1,-1,-1
714,53,553.58,664.10,55.40,140.15,1.69,-1,-1,-1
714,55,101.93,731.87,70.28,149.50,1.71,-1,-1,-1
714,57,338.73,359.42,35.92,82.17,1.68,-1,-1,-1
714,59,139.83,400.68,38.78,83.22,1.65,-1,-1,-1
714,52,769.51,517.77,70.30,113.03,1.66,-1,-1,-1
715,7,1102.06,614.60,72.47,61.30,1.64,-1,-1,-1
715,4,1316.15,478.39,51.06,101.25,1.72,-1,-1,-1
715,30,1081.74,459.84,53.13,104.59,1.73,-1,-1,-1
715,34,1041.87,356.29,39.28,84.18,1.71,-1,-1,-1
715,29,1473.96,711.14,56.96,116.86,1.70,-1,-1,-1
715,28,1128.93,682.26,68.94,129.62,1.71,-1,-1,-1
715,35,1655.77,405.60,30.51,98.25,1.68,-1,-1,-1
715,37,1787.15,493.18,49.92,103.84,1.72,-1,-1,-1
715,39,1705.17,520.35,59.83,110.92,1.72,-1,-1,-1
715,49,746.37,473.38,46.09,95.05,1.41,-1,-1,-1
715,50,754.24,548.81,55.87,111.43,1.72,-1,-1,-1
715,12,389.56,535.97,73.08,126.81,1.69,-1,-1,-1
715,53,556.46,663.94,52.69,142.00,1.69,-1,-1,-1
715,55,91.37,731.58,69.97,147.41,1.70,-1,-1,-1
715,57,336.75,358.80,36.14,81.64,1.66,-1,-1,-1
715,59,133.42,400.38,37.23,82.57,1.61,-1,-1,-1
715,52,770.43,514.84,64.86,113.56,1.65,-1,-1,-1
716,7,1102.62,614.13,71.84,63.29,1.66,-1,-1,-1
716,4,1317.29,477.28,43.82,102.18,1.72,-1,-1,-1
716,30,1082.30,457.55,51.12,104.88,1.73,-1,-1,-1
716,34,1040.87,356.04,37.91,82.89,1.70,-1,-1,-1
716,29,1470.58,709.32,61.26,118.95,1.73,-1,-1,-1
716,28,1109.48,680.94,69.92,131.80,1.71,-1,-1,-1
716,35,1650.65,404.80,35.59,99.12,1.70,-1,-1,-1
716,37,1782.91,491.39,50.88,105.84,1.72,-1,-1,-1
716,39,1696.64,521.32,68.13,110.34,1.73,-1,-1,-1
716,49,746.05,471.33,42.29,93.34,1.46,-1,-1,-1
716,50,741.82,552.57,60.51,108.51,1.67,-1,-1,-1
716,12,380.53,536.29,67.76,124.06,1.69,-1,-1,-1
716,53,557.95,664.46,50.95,141.55,1.69,-1,-1,-1
716,55,79.81,732.92,70.35,147.62,1.69,-1,-1,-1
716,57,332.69,358.20,39.50,81.93,1.68,-1,-1,-1
716,59,127.71,399.30,35.70,82.46,1.70,-1,-1,-1
716,52,765.85,514.34,66.48,108.99,1.64,-1,-1,-1
717,7,1103.13,614.41,71.53,62.13,1.68,-1,-1,-1
717,4,1318.66,476.73,35.60,103.31,1.69,-1,-1,-1
717,30,1082.92,455.03,47.63,104.70,1.73,-1,-1,-1
717,34,1039.90,355.60,33.83,82.52,1.69,-1,-1,-1
717,29,1456.68,708.83,72.96,120.35,1.74,-1,-1,-1
717,28,1104.43,680.45,61.81,132.08,1.72,-1,-1,-1
717,35,1643.48,404.43,44.56,99.49,1.72,-1,-1,-1
717,37,1778.44,488.83,55.52,107.97,1.74,-1,-1,-1
717,39,1695.84,523.02,64.80,110.93,1.75,-1,-1,-1
717,49,743.60,472.15,41.39,95.29,1.46,-1,-1,-1
717,50,736.18,554.74,58.08,107.16,1.71,-1,-1,-1
717,12,368.12,536.69,64.91,122.61,1.68,-1,-1,-1
717,53,558.43,664.16,50.60,141.37,1.68,-1,-1,-1
717,55,69.41,735.14,69.78,151.10,1.69,-1,-1,-1
717,57,328.35,357.23,41.55,82.94,1.66,-1,-1,-1
717,59,120.91,396.04,37.43,84.56,1.71,-1,-1,-1
717,52,762.14,514.54,64.33,109.57,1.64,-1,-1,-1
718,7,1103.00,613.88,72.75,62.53,1.65,-1,-1,-1
718,4,1318.30,476.36,31.31,104.27,1.68,-1,-1,-1
718,30,1082.98,452.24,45.02,105.53,1.71,-1,-1,-1
718,34,1034.68,354.45,33.35,79.82,1.67,-1,-1,-1
718,29,1439.81,709.37,87.71,122.49,1.75,-1,-1,-1
718,28,1090.17,679.26,73.45,133.05,1.73,-1,-1,-1
718,35,1637.48,403.98,51.70,98.77,1.72,-1,-1,-1
718,37,1775.46,486.31,57.62,109.65,1.73,-1,-1,-1
718,39,1694.74,525.03,61.60,109.53,1.73,-1,-1,-1
718,49,740.19,473.46,59.74,100.90,1.46,-1,-1,-1
718,50,729.54,555.56,56.49,106.22,1.70,-1,-1,-1
718,12,353.01,538.62,70.81,121.34,1.69,-1,-1,-1
718,53,559.61,663.55,49.83,142.11,1.69,-1,-1,-1
718,55,59.77,739.01,65.52,150.96,1.70,-1,-1,-1
718,57,325.77,357.04,39.57,82.66,1.68,-1,-1,-1
718,59,115.75,392.12,34.10,86.47,1.69,-1,-1,-1
718,52,756.52,515.45,62.09,107.82,1.63,-1,-1,-1
719,7,1103.39,614.32,72.82,62.54,1.67,-1,-1,-1
719,4,1314.64,476.04,32.91,105.53,1.69,-1,-1,-1
719,30,1084.90,451.05,41.10,105.92,1.72,-1,-1,-1
719,34,1028.09,353.28,34.38,80.98,1.70,-1,-1,-1
719,29,1432.66,711.38,87.96,124.41,1.75,-1,-1,-1
719,28,1085.98,676.83,73.65,135.47,1.73,-1,-1,-1
719,35,1633.83,403.73,57.65,98.66,1.73,-1,-1,-1
719,37,1765.51,483.93,66.09,111.31,1.72,-1,-1,-1
719,39,1690.69,526.40,53.84,109.45,1.71,-1,-1,-1
719,49,735.06,474.28,49.22,100.37,1.38,-1,-1,-1
719,50,724.88,553.91,53.45,108.77,1.69,-1,-1,-1
719,12,337.50,541.02,73.87,118.78,1.69,-1,-1,-1
719,53,559.78,662.54,53.96,142.35,1.69,-1,-1,-1
719,55,48.90,741.65,65.21,151.42,1.71,-1,-1,-1
719,57,322.37,356.02,40.43,82.48,1.69,-1,-1,-1
719,59,111.36,390.58,30.79,85.77,1.68,-1,-1,-1
719,52,754.06,515.68,55.22,108.76,1.65,-1,-1,-1
720,7,1103.55,614.80,72.19,63.07,1.61,-1,-1,-1
720,4,1305.75,476.19,40.28,105.55,1.68,-1,-1,-1
720,30,1086.02,450.03,38.64,104.62,1.72,-1,-1,-1
720,34,1024.68,351.38,37.82,81.82,1.71,-1,-1,-1
720,29,1431.73,715.28,77.70,124.46,1.75,-1,-1,-1
720,28,1070.41,676.35,85.92,134.80,1.74,-1,-1,-1
720,35,1634.77,403.54,57.91,97.89,1.73,-1,-1,-1
720,37,1754.83,483.44,74.67,107.01,1.74,-1,-1,-1
720,39,1686.43,527.38,47.66,107.97,1.69,-1,-1,-1
720,49,722.98,476.18,77.89,98.83,1.51,-1,-1,-1
720,50,721.43,553.98,53.09,112.38,1.68,-1,-1,-1
720,12,324.72,542.77,68.45,117.68,1.73,-1,-1,-1
720,53,560.79,661.24,54.66,140.44,1.70,-1,-1,-1
720,55,30.58,744.02,72.75,147.17,1.71,-1,-1,-1
720,57,320.05,355.36,40.31,82.22,1.70,-1,-1,-1
720,59,106.06,387.45,29.30,85.69,1.68,-1,-1,-1
720,52,748.63,513.10,49.75,111.32,1.63,-1,-1,-1
721,7,1103.75,614.87,72.72,63.04,1.64,-1,-1,-1
721,4,1296.63,476.00,48.11,105.51,1.70,-1,-1,-1
721,30,1084.45,450.27,38.61,103.12,1.72,-1,-1,-1
721,34,1023.63,348.53,38.36,84.32,1.71,-1,-1,-1
721,29,1423.99,718.22,70.86,122.50,1.73,-1,-1,-1
721,28,1055.94,677.34,93.81,135.19,1.75,-1,-1,-1
721,35,1635.83,402.74,57.67,99.05,1.73,-1,-1,-1
721,37,1754.26,483.81,69.69,106.79,1.74,-1,-1,-1
721,39,1683.67,525.96,40.49,110.62,1.68,-1,-1,-1
721,49,716.73,476.04,73.25,98.36,1.49,-1,-1,-1
721,50,719.34,553.97,47.91,117.66,1.65,-1,-1,-1
721,12,312.28,543.75,77.93,116.93,1.74,-1,-1,-1
721,53,563.66,659.42,52.33,141.67,1.69,-1,-1,-1
721,55,8.69,742.87,91.48,147.97,1.71,-1,-1,-1
721,57,317.12,353.53,37.13,82.85,1.70,-1,-1,-1
721,59,101.11,386.37,27.87,84.07,1.68,-1,-1,-1
721,52,740.50,510.19,55.60,113.90,1.62,-1,-1,-1
722,7,1103.77,614.54,75.51,63.42,1.65,-1,-1,-1
722,4,1289.90,477.97,53.67,103.24,1.72,-1,-1,-1
722,30,1082.44,451.13,40.61,102.12,1.72,-1,-1,-1
722,34,1021.54,346.35,40.09,86.29,1.71,-1,-1,-1
722,29,1408.25,720.80,72.07,121.15,1.74,-1,-1,-1
722,28,1052.31,679.33,88.77,136.40,1.74,-1,-1,-1
722,35,1637.62,401.90,55.86,98.59,1.74,-1,-1,-1
722,37,1755.04,484.72,62.21,106.39,1.73,-1,-1,-1
722,39,1680.00,524.33,43.28,111.38,1.71,-1,-1,-1
722,49,712.68,475.18,72.61,100.01,1.56,-1,-1,-1
722,50,715.92,556.98,53.02,117.88,1.65,-1,-1,-1
722,12,306.21,544.10,78.57,114.13,1.74,-1,-1,-1
722,53,564.79,658.14,51.36,138.78,1.67,-1,-1,-1
722,57,313.25,352.16,38.28,82.79,1.69,-1,-1,-1
722,59,94.58,385.09,27.17,85.81,1.68,-1,-1,-1
722,52,731.09,507.79,62.39,115.96,1.63,-1,-1,-1
723,7,1103.99,613.36,74.92,65.34,1.65,-1,-1,-1
723,4,1287.12,478.95,57.94,103.09,1.72,-1,-1,-1
723,30,1080.80,452.14,44.30,102.04,1.73,-1,-1,-1
723,34,1019.55,345.87,41.45,85.85,1.72,-1,-1,-1
723,29,1399.74,720.79,66.94,121.68,1.72,-1,-1,-1
723,28,1047.74,682.34,80.46,133.48,1.74,-1,-1,-1
723,35,1639.15,400.37,52.96,99.31,1.73,-1,-1,-1
723,37,1753.33,485.52,54.77,106.37,1.74,-1,-1,-1
723,39,1675.75,523.11,48.97,113.27,1.71,-1,-1,-1
723,49,710.34,473.95,63.22,102.05,1.57,-1,-1,-1
723,50,711.38,557.45,48.27,121.82,1.64,-1,-1,-1
723,12,303.19,543.22,68.96,114.78,1.72,-1,-1,-1
723,53,566.90,656.19,49.43,136.81,1.67,-1,-1,-1
723,57,309.89,351.66,33.00,83.13,1.67,-1,-1,-1
723,59,87.50,385.31,27.24,85.51,1.67,-1,-1,-1
723,52,729.96,505.74,57.56,114.27,1.66,-1,-1,-1
724,7,1104.66,612.42,77.40,66.39,1.63,-1,-1,-1
724,4,1287.85,479.87,58.36,102.68,1.73,-1,-1,-1
724,30,1075.74,454.25,50.98,99.89,1.73,-1,-1,-1
724,34,1019.25,345.91,41.59,84.34,1.72,-1,-1,-1
724,29,1393.09,721.95,69.39,122.22,1.72,-1,-1,-1
724,28,1033.12,684.32,78.45,131.88,1.73,-1,-1,-1
724,35,1642.10,399.35,45.77,97.74,1.73,-1,-1,-1
724,37,1745.92,485.13,49.81,106.88,1.73,-1,-1,-1
724,39,1663.34,522.79,62.08,114.15,1.73,-1,-1,-1
724,49,705.29,472.16,63.55,102.27,1.56,-1,-1,-1
724,50,707.66,560.24,48.91,119.53,1.68,-1,-1,-1
724,12,296.36,541.52,61.92,117.51,1.72,-1,-1,-1
724,53,569.71,655.30,47.28,136.94,1.68,-1,-1,-1
724,57,309.65,350.80,32.83,83.53,1.69,-1,-1,-1
724,59,84.10,385.60,28.03,85.69,1.69,-1,-1,-1
724,52,723.33,502.55,62.45,110.86,1.65,-1,-1,-1
725,7,1106.76,611.77,77.74,67.11,1.69,-1,-1,-1
725,4,1288.44,479.57,59.77,103.90,1.74,-1,-1,-1
725,30,1074.77,454.19,55.60,99.58,1.74,-1,-1,-1
725,34,1021.03,346.35,39.31,82.68,1.69,-1,-1,-1
725,29,1392.91,722.06,69.04,128.73,1.73,-1,-1,-1
725,28,1026.99,683.57,66.13,132.45,1.73,-1,-1,-1
725,35,1645.34,397.91,38.23,98.57,1.70,-1,-1,-1
725,37,1742.19,484.36,44.95,107.96,1.71,-1,-1,-1
725,39,1652.99,523.66,72.74,114.39,1.73,-1,-1,-1
725,49,705.55,469.55,58.34,105.13,1.60,-1,-1,-1
725,50,706.61,561.55,49.89,118.78,1.70,-1,-1,-1
725,12,291.21,537.44,49.96,120.80,1.71,-1,-1,-1
725,53,575.75,653.37,46.80,138.28,1.67,-1,-1,-1
725,57,310.56,350.56,30.49,82.69,1.69,-1,-1,-1
725,59,84.55,387.20,27.55,82.47,1.68,-1,-1,-1
725,52,723.17,501.90,61.05,108.78,1.65,-1,-1,-1
726,7,1112.73,612.82,78.61,67.01,1.66,-1,-1,-1
726,4,1295.70,480.10,55.40,104.29,1.73,-1,-1,-1
726,30,1077.15,453.17,60.17,100.46,1.73,-1,-1,-1
726,34,1023.60,347.87,38.33,81.19,1.70,-1,-1,-1
726,29,1391.22,723.93,74.42,131.91,1.74,-1,-1,-1
726,28,1023.70,681.81,65.19,134.97,1.72,-1,-1,-1
726,35,1653.09,396.78,29.98,99.79,1.68,-1,-1,-1
726,37,1744.28,482.75,48.83,109.86,1.73,-1,-1,-1
726,39,1653.91,525.86,73.95,113.85,1.74,-1,-1,-1
726,49,710.63,466.28,44.73,109.55,1.58,-1,-1,-1
726,50,711.26,563.20,49.92,118.24,1.68,-1,-1,-1
726,12,289.33,535.04,49.39,122.85,1.69,-1,-1,-1
726,53,584.61,653.05,51.97,137.69,1.69,-1,-1,-1
726,57,314.57,350.50,33.39,81.63,1.67,-1,-1,-1
726,59,89.53,386.57,27.99,83.24,1.66,-1,-1,-1
726,52,727.19,502.85,56.94,105.10,1.63,-1,-1,-1
727,7,1122.42,613.06,80.90,66.66,1.63,-1,-1,-1
727,4,1306.80,480.19,49.15,104.74,1.72,-1,-1,-1
727,30,1081.70,452.01,65.54,101.89,1.73,-1,-1,-1
727,34,1029.63,348.48,36.55,81.72,1.71,-1,-1,-1
727,29,1387.46,727.27,83.52,131.39,1.74,-1,-1,-1
727,28,1026.06,679.54,70.50,137.00,1.73,-1,-1,-1
727,35,1663.36,396.59,25.42,101.69,1.65,-1,-1,-1
727,37,1749.81,481.49,54.14,111.22,1.73,-1,-1,-1
727,39,1669.28,529.07,64.50,112.62,1.74,-1,-1,-1
727,49,718.81,462.84,42.23,96.07,1.50,-1,-1,-1
727,50,719.71,561.74,48.12,120.13,1.65,-1,-1,-1
727,12,293.59,533.41,50.44,124.94,1.71,-1,-1,-1
727,53,596.18,652.80,60.66,137.32,1.70,-1,-1,-1
727,57,324.93,350.92,35.09,81.46,1.68,-1,-1,-1
727,59,96.86,387.24,28.73,82.46,1.68,-1,-1,-1
727,52,734.79,501.60,49.40,109.23,1.65,-1,-1,-1
728,7,1135.13,612.99,82.43,66.55,1.66,-1,-1,-1
728,4,1321.01,480.32,42.07,105.06,1.70,-1,-1,-1
728,30,1090.62,451.51,68.31,100.66,1.73,-1,-1,-1
728,34,1039.09,347.52,37.82,82.50,1.69,-1,-1,-1
728,29,1394.21,732.08,81.06,132.68,1.74,-1,-1,-1
728,28,1032.21,677.84,74.49,137.68,1.74,-1,-1,-1
728,35,1671.78,397.67,32.63,100.57,1.67,-1,-1,-1
728,37,1752.74,480.70,63.62,112.83,1.74,-1,-1,-1
728,39,1678.32,532.28,61.24,110.33,1.73,-1,-1,-1
728,49,732.56,459.02,46.08,92.55,1.35,-1,-1,-1
728,50,729.50,559.47,53.80,122.39,1.60,-1,-1,-1
728,12,298.29,531.39,53.55,124.73,1.62,-1,-1,-1
728,53,610.04,651.90,72.22,138.24,1.69,-1,-1,-1
728,57,336.16,350.61,39.38,81.16,1.69,-1,-1,-1
728,59,109.69,385.67,30.90,82.64,1.62,-1,-1,-1
728,52,744.89,499.33,46.31,109.38,1.64,-1,-1,-1
729,7,1151.68,613.94,85.13,66.14,1.66,-1,-1,-1
729,4,1337.14,480.55,38.83,105.70,1.69,-1,-1,-1
729,30,1105.49,449.89,64.87,100.38,1.71,-1,-1,-1
729,34,1049.16,346.72,44.74,83.13,1.65,-1,-1,-1
729,29,1410.61,737.15,69.05,129.16,1.73,-1,-1,-1
729,28,1032.05,677.55,86.77,135.79,1.75,-1,-1,-1
729,35,1680.86,398.01,43.60,101.48,1.70,-1,-1,-1
729,37,1761.22,480.91,71.59,110.49,1.74,-1,-1,-1
729,39,1686.25,534.14,62.69,110.76,1.72,-1,-1,-1
729,49,749.61,457.08,35.26,97.18,1.47,-1,-1,-1
729,50,741.22,557.42,53.28,124.62,1.67,-1,-1,-1
729,12,300.75,530.45,57.02,123.49,1.62,-1,-1,-1
729,53,630.03,652.85,74.42,136.39,1.73,-1,-1,-1
729,57,352.51,350.42,41.11,80.21,1.69,-1,-1,-1
729,59,125.68,384.75,35.58,82.65,1.66,-1,-1,-1
729,52,753.62,496.24,55.47,112.54,1.65,-1,-1,-1
729,55,9.75,727.85,69.78,160.90,1.72,-1,-1,-1
730,7,1170.46,614.27,89.75,65.19,1.67,-1,-1,-1
730,4,1354.62,481.27,39.72,105.99,1.69,-1,-1,-1
730,30,1120.45,447.14,64.00,101.28,1.62,-1,-1,-1
730,34,1066.14,345.88,48.10,84.37,1.69,-1,-1,-1
730,29,1428.44,741.97,56.31,126.16,1.71,-1,-1,-1
730,28,1038.10,678.88,94.75,135.19,1.76,-1,-1,-1
730,35,1691.92,399.95,56.83,100.41,1.71,-1,-1,-1
730,37,1774.70,482.65,76.70,107.99,1.74,-1,-1,-1
730,39,1702.24,536.03,58.77,110.16,1.70,-1,-1,-1
730,49,767.39,456.30,34.19,99.08,1.48,-1,-1,-1
730,50,750.90,558.29,61.72,124.23,1.65,-1,-1,-1
730,12,308.01,536.00,64.94,115.90,1.64,-1,-1,-1
730,53,650.74,652.42,75.24,135.57,1.73,-1,-1,-1
730,57,371.44,349.82,44.00,80.76,1.69,-1,-1,-1
730,59,145.38,383.87,36.87,79.76,1.64,-1,-1,-1
730,52,771.03,493.77,59.52,112.20,1.66,-1,-1,-1
730,55,28.42,725.09,63.58,160.15,1.70,-1,-1,-1
731,7,1192.13,616.63,93.46,63.28,1.67,-1,-1,-1
731,4,1374.86,482.75,42.43,105.37,1.69,-1,-1,-1
731,30,1155.64,445.44,45.02,102.84,1.43,-1,-1,-1
731,34,1087.85,344.89,49.22,84.79,1.69,-1,-1,-1
731,29,1439.64,744.81,54.31,125.79,1.71,-1,-1,-1
731,28,1055.46,681.65,90.21,134.11,1.75,-1,-1,-1
731,35,1711.89,401.56,65.55,100.88,1.72,-1,-1,-1
731,37,1800.72,485.34,71.80,108.38,1.71,-1,-1,-1
731,39,1722.57,536.69,61.56,113.78,1.70,-1,-1,-1
731,49,786.73,455.82,36.14,100.80,1.46,-1,-1,-1
731,50,767.11,559.98,66.33,127.41,1.67,-1,-1,-1
731,12,319.69,533.54,64.51,116.70,1.73,-1,-1,-1
731,53,676.28,651.77,75.24,135.09,1.72,-1,-1,-1
731,57,396.16,349.74,44.36,80.26,1.68,-1,-1,-1
731,59,169.34,382.40,40.57,79.88,1.63,-1,-1,-1
731,52,787.52,490.64,63.45,110.61,1.67,-1,-1,-1
731,55,49.70,723.37,62.38,157.23,1.71,-1,-1,-1
731,63,1140.12,444.34,53.76,99.07,1.10,-1,-1,-1
732,7,1216.75,615.51,94.42,62.98,1.67,-1,-1,-1
732,4,1390.57,484.99,47.71,104.21,1.70,-1,-1,-1
732,30,1167.10,442.97,53.63,104.01,1.70,-1,-1,-1
732,34,1110.90,345.84,50.74,82.63,1.69,-1,-1,-1
732,29,1455.60,743.52,54.33,126.15,1.73,-1,-1,-1
732,28,1079.94,683.92,75.23,131.19,1.75,-1,-1,-1
732,35,1733.55,404.01,66.76,99.62,1.71,-1,-1,-1
732,37,1824.56,489.44,59.23,106.93,1.73,-1,-1,-1
732,39,1744.15,536.86,57.50,118.08,1.71,-1,-1,-1
732,49,809.74,457.04,39.94,99.78,1.43,-1,-1,-1
732,50,788.30,561.37,73.86,126.45,1.68,-1,-1,-1
732,12,340.09,534.99,69.63,113.58,1.71,-1,-1,-1
732,53,704.98,648.62,78.22,132.64,1.72,-1,-1,-1
732,57,423.14,350.12,52.98,77.78,1.59,-1,-1,-1
732,59,201.15,379.67,41.29,77.40,1.54,-1,-1,-1
732,52,808.67,488.63,67.98,109.71,1.69,-1,-1,-1
732,55,81.34,721.25,66.61,150.30,1.71,-1,-1,-1
732,61,853.03,456.42,54.78,95.67,0.87,-1,-1,-1
733,7,1239.31,615.45,94.90,62.02,1.65,-1,-1,-1
733,4,1402.72,487.89,54.77,103.25,1.71,-1,-1,-1
733,30,1191.37,443.85,51.81,101.81,1.70,-1,-1,-1
733,34,1135.22,348.94,49.38,80.38,1.69,-1,-1,-1
733,29,1468.03,739.95,59.16,126.93,1.71,-1,-1,-1
733,28,1097.26,682.19,64.25,129.55,1.72,-1,-1,-1
733,35,1752.61,407.25,65.26,100.24,1.72,-1,-1,-1
733,37,1834.36,492.66,51.98,105.25,1.72,-1,-1,-1
733,39,1760.04,539.70,56.31,117.41,1.73,-1,-1,-1
733,49,834.31,459.90,42.33,97.97,1.43,-1,-1,-1
733,50,816.52,563.08,72.02,123.93,1.68,-1,-1,-1
733,12,369.68,534.35,77.59,112.28,1.69,-1,-1,-1
733,53,742.37,644.14,72.20,131.66,1.69,-1,-1,-1
733,57,460.98,351.08,51.68,78.64,1.63,-1,-1,-1
733,59,243.11,378.41,42.36,76.76,1.62,-1,-1,-1
733,52,832.24,487.92,70.08,104.17,1.69,-1,-1,-1
733,55,119.25,717.40,69.67,146.37,1.68,-1,-1,-1
734,7,1262.58,615.92,93.37,60.62,1.66,-1,-1,-1
734,4,1418.65,491.28,57.00,100.71,1.72,-1,-1,-1
734,30,1215.82,446.15,45.86,98.87,1.69,-1,-1,-1
734,34,1158.87,354.00,44.14,77.02,1.67,-1,-1,-1
734,29,1474.45,737.51,65.04,127.68,1.72,-1,-1,-1
734,28,1108.22,679.60,57.94,128.50,1.71,-1,-1,-1
734,35,1767.21,411.41,61.14,98.16,1.73,-1,-1,-1
734,37,1840.20,495.51,42.95,102.93,1.70,-1,-1,-1
734,39,1763.43,542.32,62.42,114.70,1.74,-1,-1,-1
734,49,861.05,464.71,42.79,94.59,1.47,-1,-1,-1
734,50,841.84,566.02,76.38,120.21,1.59,-1,-1,-1
734,12,406.29,532.99,80.61,110.65,1.71,-1,-1,-1
734,53,781.23,640.66,65.52,124.35,1.67,-1,-1,-1
734,57,498.35,353.50,46.80,77.31,1.65,-1,-1,-1
734,59,287.49,378.53,39.31,76.01,1.64,-1,-1,-1
734,52,857.11,488.75,70.20,101.22,1.71,-1,-1,-1
734,55,153.65,714.03,80.16,139.79,1.70,-1,-1,-1
734,64,28.66,544.50,64.51,125.52,1.57,-1,-1,-1
734,65,15.99,489.66,49.95,107.25,1.44,-1,-1,-1
734,61,909.26,458.51,52.74,94.73,1.62,-1,-1,-1
735,7,1282.44,614.29,90.81,60.47,1.65,-1,-1,-1
735,4,1433.99,494.88,57.94,98.58,1.72,-1,-1,-1
735,30,1233.63,448.62,45.56,95.66,1.71,-1,-1,-1
735,34,1180.25,358.84,37.60,75.10,1.66,-1,-1,-1
735,29,1472.27,736.57,78.57,127.10,1.73,-1,-1,-1
735,28,1121.65,674.56,61.24,126.21,1.72,-1,-1,-1
735,35,1777.26,415.11,54.70,96.86,1.74,-1,-1,-1
735,37,1840.43,496.70,47.84,103.00,1.70,-1,-1,-1
735,39,1769.18,545.70,60.75,111.97,1.73,-1,-1,-1
735,49,885.07,467.48,45.26,95.60,1.48,-1,-1,-1
735,50,874.01,567.76,70.13,117.11,1.69,-1,-1,-1
735,12,446.75,533.12,76.62,106.07,1.67,-1,-1,-1
735,53,819.73,637.17,56.20,120.98,1.66,-1,-1,-1
735,57,536.51,355.98,40.89,76.13,1.64,-1,-1,-1
735,59,332.20,379.80,37.91,74.02,1.64,-1,-1,-1
735,52,882.69,490.13,61.39,99.50,1.70,-1,-1,-1
735,55,193.14,708.58,88.44,135.14,1.71,-1,-1,-1
735,64,86.88,541.16,56.34,118.35,1.61,-1,-1,-1
735,65,68.59,488.93,49.34,101.13,1.49,-1,-1,-1
735,61,932.85,460.62,52.64,92.55,1.55,-1,-1,-1
736,7,1299.44,612.47,86.46,60.44,1.69,-1,-1,-1
736,4,1447.12,497.65,56.84,97.17,1.73,-1,-1,-1
736,30,1248.25,452.27,45.54,91.84,1.71,-1,-1,-1
736,34,1198.72,363.08,30.09,74.11,1.64,-1,-1,-1
736,29,1474.68,735.96,79.90,125.73,1.75,-1,-1,-1
736,28,1133.00,669.82,65.26,125.39,1.72,-1,-1,-1
736,35,1784.39,418.43,46.58,93.99,1.71,-1,-1,-1
736,37,1840.17,497.49,49.10,102.89,1.71,-1,-1,-1
736,39,1773.83,549.55,52.79,107.94,1.72,-1,-1,-1
736,49,912.72,469.86,40.38,93.60,1.46,-1,-1,-1
736,50,907.67,567.15,66.54,113.35,1.68,-1,-1,-1
736,12,484.03,531.26,65.20,104.02,1.66,-1,-1,-1
736,53,853.31,632.64,51.74,120.24,1.66,-1,-1,-1
736,57,572.99,360.22,36.23,74.12,1.64,-1,-1,-1
736,59,373.60,382.82,35.66,70.08,1.62,-1,-1,-1
736,52,904.92,491.13,55.66,97.43,1.66,-1,-1,-1
736,55,237.80,702.00,86.32,130.40,1.72,-1,-1,-1
736,64,139.32,538.99,50.55,110.50,1.61,-1,-1,-1
736,65,119.44,488.44,47.10,98.91,1.53,-1,-1,-1
736,61,958.46,462.01,49.08,91.61,1.47,-1,-1,-1
737,7,1313.44,611.16,81.05,59.46,1.69,-1,-1,-1
737,4,1457.06,498.95,54.43,96.04,1.73,-1,-1,-1
737,30,1260.02,456.15,45.20,88.74,1.70,-1,-1,-1
737,34,1209.42,365.94,31.39,74.06,1.64,-1,-1,-1
737,29,1481.39,735.81,72.59,122.53,1.74,-1,-1,-1
737,28,1140.81,665.13,67.23,124.92,1.72,-1,-1,-1
737,35,1785.04,421.18,41.89,91.65,1.70,-1,-1,-1
737,37,1832.36,498.06,54.45,101.75,1.72,-1,-1,-1
737,39,1773.48,553.11,46.89,103.51,1.71,-1,-1,-1
737,49,936.14,470.23,41.43,93.56,1.51,-1,-1,-1
737,50,934.27,568.23,54.09,109.94,1.67,-1,-1,-1
737,12,516.27,528.69,54.25,101.91,1.65,-1,-1,-1
737,53,883.75,629.17,45.56,116.78,1.63,-1,-1,-1
737,57,604.42,363.70,34.04,72.27,1.64,-1,-1,-1
737,59,411.11,385.66,32.69,68.39,1.62,-1,-1,-1
737,52,921.84,489.40,52.56,97.44,1.64,-1,-1,-1
737,55,276.79,694.70,85.21,128.02,1.73,-1,-1,-1
737,64,183.57,535.64,47.80,106.51,1.59,-1,-1,-1
737,65,166.53,487.18,40.56,92.40,1.50,-1,-1,-1
737,66,11.01,564.83,69.25,116.87,1.69,-1,-1,-1
738,7,1326.37,609.33,74.54,59.25,1.68,-1,-1,-1
738,4,1465.57,500.17,50.41,93.62,1.73,-1,-1,-1
738,30,1266.09,458.65,51.22,86.17,1.73,-1,-1,-1
738,34,1219.83,367.75,35.17,74.08,1.68,-1,-1,-1
738,29,1487.44,734.94,59.48,118.25,1.73,-1,-1,-1
738,28,1138.02,661.63,77.32,122.74,1.73,-1,-1,-1
738,35,1787.17,423.57,31.24,88.85,1.68,-1,-1,-1
738,37,1818.68,498.42,63.13,98.49,1.72,-1,-1,-1
738,39,1769.65,554.86,41.91,99.38,1.69,-1,-1,-1
738,49,951.40,469.11,41.81,94.54,1.56,-1,-1,-1
738,50,955.35,566.36,46.68,108.76,1.65,-1,-1,-1
738,12,540.03,524.02,45.49,102.92,1.64,-1,-1,-1
738,53,914.24,625.31,38.98,115.33,1.55,-1,-1,-1
738,57,631.68,367.35,32.25,70.29,1.62,-1,-1,-1
738,59,444.01,388.59,30.96,65.91,1.62,-1,-1,-1
738,52,937.09,486.66,42.87,97.23,1.62,-1,-1,-1
738,55,311.95,687.72,82.48,124.30,1.73,-1,-1,-1
738,64,223.34,532.17,45.19,104.74,1.62,-1,-1,-1
738,65,206.03,484.41,39.15,92.97,1.56,-1,-1,-1
738,66,57.21,561.84,63.45,112.34,1.70,-1,-1,-1
739,7,1336.03,606.82,71.00,57.09,1.68,-1,-1,-1
739,4,1471.76,499.82,43.52,92.75,1.72,-1,-1,-1
739,30,1270.08,460.23,56.20,83.80,1.74,-1,-1,-1
739,34,1227.11,368.71,36.43,74.12,1.69,-1,-1,-1
739,29,1480.55,732.49,56.15,113.71,1.72,-1,-1,-1
739,28,1139.39,658.33,78.98,119.95,1.74,-1,-1,-1
739,35,1784.12,425.82,25.14,87.68,1.65,-1,-1,-1
739,37,1810.12,499.31,63.92,94.52,1.72,-1,-1,-1
739,39,1763.73,554.49,40.95,97.83,1.69,-1,-1,-1
739,49,968.25,469.14,36.51,91.40,1.56,-1,-1,-1
739,50,967.69,563.78,41.64,106.54,1.67,-1,-1,-1
739,12,559.99,521.98,46.60,101.68,1.67,-1,-1,-1
739,53,934.92,621.67,38.70,112.82,1.59,-1,-1,-1
739,57,655.98,369.16,29.03,68.60,1.62,-1,-1,-1
739,59,472.27,389.83,27.93,66.81,1.61,-1,-1,-1
739,52,949.72,483.75,42.79,97.56,1.65,-1,-1,-1
739,55,343.80,680.59,72.14,121.44,1.73,-1,-1,-1
739,64,256.87,529.32,43.77,102.67,1.64,-1,-1,-1
739,65,241.41,481.58,36.06,89.42,1.55,-1,-1,-1
739,66,95.81,560.47,54.19,106.30,1.69,-1,-1,-1
740,7,1342.88,603.71,66.96,57.38,1.70,-1,-1,-1
740,4,1476.32,499.38,37.19,91.57,1.70,-1,-1,-1
740,30,1275.42,459.92,58.25,82.69,1.73,-1,-1,-1
740,34,1232.90,369.82,38.11,72.06,1.70,-1,-1,-1
740,29,1472.84,728.47,54.99,110.06,1.73,-1,-1,-1
740,28,1145.62,656.91,72.87,116.55,1.75,-1,-1,-1
740,35,1777.69,427.52,30.52,84.39,1.67,-1,-1,-1
740,37,1804.31,500.52,60.25,92.71,1.73,-1,-1,-1
740,39,1758.14,552.19,38.96,97.03,1.69,-1,-1,-1
740,49,980.47,468.13,34.02,86.29,1.61,-1,-1,-1
740,50,974.90,561.40,46.79,103.54,1.62,-1,-1,-1
740,12,576.73,518.66,40.60,99.35,1.70,-1,-1,-1
740,53,952.14,618.04,39.17,110.73,1.65,-1,-1,-1
740,57,675.15,370.36,29.63,68.52,1.63,-1,-1,-1
740,59,496.13,391.58,26.41,65.11,1.62,-1,-1,-1
740,52,959.64,480.32,42.75,92.84,1.69,-1,-1,-1
740,55,367.69,673.44,59.94,119.54,1.73,-1,-1,-1
740,64,283.79,525.06,44.32,102.44,1.61,-1,-1,-1
740,65,272.90,477.91,31.10,87.04,1.58,-1,-1,-1
740,66,126.98,558.61,50.46,103.28,1.70,-1,-1,-1
740,67,362.66,1041.46,59.62,45.56,0.83,-1,-1,-1
741,7,1349.51,599.85,63.84,57.01,1.70,-1,-1,-1
741,4,1482.32,498.26,29.03,90.23,1.66,-1,-1,-1
741,30,1281.14,457.56,57.72,82.62,1.72,-1,-1,-1
741,34,1238.21,370.71,38.91,68.96,1.70,-1,-1,-1
741,29,1472.27,723.97,52.80,108.83,1.72,-1,-1,-1
741,28,1152.05,655.14,63.54,112.08,1.72,-1,-1,-1
741,35,1768.82,428.73,39.13,83.27,1.69,-1,-1,-1
741,37,1804.29,501.72,50.72,90.13,1.72,-1,-1,-1
741,39,1751.01,550.29,40.38,96.42,1.70,-1,-1,-1
741,49,989.94,465.64,30.77,85.00,1.56,-1,-1,-1
741,50,988.60,559.90,46.38,98.24,1.60,-1,-1,-1
741,12,591.09,516.05,40.44,99.30,1.70,-1,-1,-1
741,53,964.47,614.56,47.02,109.02,1.66,-1,-1,-1
741,57,692.00,371.23,29.03,66.17,1.65,-1,-1,-1
741,59,516.14,391.75,27.20,63.76,1.61,-1,-1,-1
741,52,967.53,477.20,45.85,92.94,1.69,-1,-1,-1
741,55,387.35,665.20,47.81,119.33,1.70,-1,-1,-1
741,64,310.06,521.89,43.16,101.34,1.63,-1,-1,-1
741,65,298.46,473.11,30.18,88.61,1.59,-1,-1,-1
741,66,152.29,555.30,50.39,100.94,1.71,-1,-1,-1
742,7,1357.33,597.66,58.82,55.35,1.69,-1,-1,-1
742,4,1485.82,497.73,24.68,89.30,1.64,-1,-1,-1
742,30,1287.06,457.07,54.70,79.93,1.71,-1,-1,-1
742,34,1246.68,371.59,34.37,67.47,1.69,-1,-1,-1
742,29,1469.17,720.09,54.09,113.70,1.72,-1,-1,-1
742,28,1151.81,651.77,57.77,110.36,1.72,-1,-1,-1
742,35,1760.71,430.27,45.70,81.33,1.71,-1,-1,-1
742,37,1798.66,502.44,41.71,87.83,1.71,-1,-1,-1
742,39,1742.71,549.12,47.59,93.47,1.68,-1,-1,-1
742,49,998.76,462.37,29.63,81.86,1.52,-1,-1,-1
742,50,1003.95,559.45,40.55,94.50,1.62,-1,-1,-1
742,12,598.93,515.42,44.91,97.34,1.70,-1,-1,-1
742,53,977.97,612.57,49.20,105.76,1.68,-1,-1,-1
742,57,708.00,371.91,29.44,64.86,1.66,-1,-1,-1
742,59,534.35,391.96,27.28,61.46,1.64,-1,-1,-1
742,52,975.55,475.31,44.63,87.30,1.67,-1,-1,-1
742,55,405.63,657.61,43.98,118.43,1.70,-1,-1,-1
742,64,333.93,519.41,41.57,99.26,1.64,-1,-1,-1
742,65,322.82,469.44,28.20,88.77,1.60,-1,-1,-1
742,66,176.09,552.75,48.45,98.80,1.71,-1,-1,-1
743,7,1361.89,595.61,58.69,55.13,1.66,-1,-1,-1
743,4,1486.93,497.93,25.89,88.04,1.65,-1,-1,-1
743,30,1294.67,454.31,47.93,82.04,1.71,-1,-1,-1
743,34,1252.65,373.81,31.37,65.30,1.68,-1,-1,-1
743,29,1466.49,718.39,57.18,116.92,1.72,-1,-1,-1
743,28,1152.59,647.53,48.98,109.44,1.66,-1,-1,-1
743,35,1756.99,432.14,49.64,79.27,1.71,-1,-1,-1
743,37,1792.36,502.90,36.59,86.78,1.70,-1,-1,-1
743,39,1730.75,549.32,58.12,92.38,1.72,-1,-1,-1
743,49,1008.29,458.95,30.44,83.73,1.55,-1,-1,-1
743,50,1003.13,558.68,52.76,91.95,1.64,-1,-1,-1
743,12,605.24,515.11,49.93,94.17,1.72,-1,-1,-1
743,53,990.20,609.38,54.47,105.01,1.66,-1,-1,-1
743,57,723.52,371.91,29.10,65.13,1.65,-1,-1,-1
743,59,550.88,391.42,32.49,62.47,1.64,-1,-1,-1
743,52,983.30,474.77,41.54,85.15,1.69,-1,-1,-1
743,55,421.26,652.03,42.96,116.73,1.70,-1,-1,-1
743,64,356.13,516.38,40.89,98.83,1.64,-1,-1,-1
743,65,344.59,466.59,26.73,88.46,1.59,-1,-1,-1
743,66,196.85,548.15,45.27,99.30,1.69,-1,-1,-1
744,7,1370.97,594.36,54.02,54.74,1.65,-1,-1,-1
744,4,1481.59,497.89,35.06,86.78,1.68,-1,-1,-1
744,30,1298.11,452.14,41.49,81.98,1.71,-1,-1,-1
744,34,1256.19,375.08,30.62,63.87,1.69,-1,-1,-1
744,29,1460.20,718.04,66.39,115.41,1.72,-1,-1,-1
744,28,1152.78,643.23,50.45,110.32,1.70,-1,-1,-1
744,35,1759.05,432.92,46.46,77.86,1.69,-1,-1,-1
744,37,1788.01,501.11,36.47,87.51,1.70,-1,-1,-1
744,39,1729.30,551.34,57.13,90.43,1.71,-1,-1,-1
744,49,1020.35,456.64,26.51,85.00,1.59,-1,-1,-1
744,50,1013.18,558.22,53.91,93.71,1.70,-1,-1,-1
744,12,611.49,515.37,53.28,92.40,1.72,-1,-1,-1
744,53,1007.06,609.81,54.92,100.42,1.66,-1,-1,-1
744,57,736.60,372.50,28.47,62.94,1.63,-1,-1,-1
744,59,567.41,391.92,31.16,59.89,1.66,-1,-1,-1
744,52,991.49,474.89,39.38,83.75,1.68,-1,-1,-1
744,55,435.46,648.52,43.99,113.27,1.71,-1,-1,-1
744,64,375.47,515.26,40.45,96.35,1.66,-1,-1,-1
744,65,363.53,465.13,25.38,85.41,1.57,-1,-1,-1
744,66,215.49,544.44,48.02,98.41,1.71,-1,-1,-1
745,7,1376.66,593.67,57.07,54.94,1.69,-1,-1,-1
745,4,1479.04,499.55,43.90,84.94,1.71,-1,-1,-1
745,30,1303.74,449.94,35.04,83.23,1.70,-1,-1,-1
745,34,1261.59,375.58,26.26,64.93,1.67,-1,-1,-1
745,29,1461.72,719.86,63.09,114.11,1.73,-1,-1,-1
745,28,1154.90,640.95,53.53,110.39,1.71,-1,-1,-1
745,35,1761.37,434.32,43.87,75.44,1.68,-1,-1,-1
745,37,1784.65,500.52,40.52,88.79,1.70,-1,-1,-1
745,39,1731.90,553.79,52.16,89.20,1.72,-1,-1,-1
745,49,1028.20,454.13,27.49,82.27,1.63,-1,-1,-1
745,50,1024.50,556.47,46.79,95.93,1.62,-1,-1,-1
745,12,618.64,515.90,53.39,90.70,1.74,-1,-1,-1
745,53,1022.40,608.40,54.41,94.85,1.65,-1,-1,-1
745,57,750.59,372.80,26.94,63.49,1.63,-1,-1,-1
745,59,581.50,391.47,33.53,58.63,1.67,-1,-1,-1
745,52,998.10,474.91,33.53,83.34,1.67,-1,-1,-1
745,55,449.38,646.40,40.98,112.09,1.70,-1,-1,-1
745,64,388.82,513.39,43.89,99.39,1.65,-1,-1,-1
745,65,380.51,464.62,25.36,82.95,1.59,-1,-1,-1
745,66,231.96,540.30,51.60,100.57,1.72,-1,-1,-1
746,7,1382.93,593.30,56.41,53.96,1.69,-1,-1,-1
746,4,1477.15,501.02,49.87,83.92,1.71,-1,-1,-1
746,30,1309.56,449.22,28.40,81.97,1.67,-1,-1,-1
746,34,1264.45,376.53,30.12,65.16,1.68,-1,-1,-1
746,29,1463.21,722.66,56.47,110.52,1.73,-1,-1,-1
746,28,1154.34,639.73,59.29,108.25,1.70,-1,-1,-1
746,35,1764.16,436.25,42.63,74.51,1.70,-1,-1,-1
746,37,1781.06,499.50,43.42,89.01,1.70,-1,-1,-1
746,39,1733.48,557.14,45.03,86.23,1.71,-1,-1,-1
746,49,1035.12,453.46,27.81,84.18,1.64,-1,-1,-1
746,50,1034.23,554.98,43.74,97.16,1.64,-1,-1,-1
746,12,625.17,516.45,56.99,88.60,1.72,-1,-1,-1
746,53,1035.89,608.58,51.49,92.09,1.66,-1,-1,-1
746,57,761.26,373.99,24.23,64.06,1.64,-1,-1,-1
746,59,593.33,390.53,32.90,58.20,1.67,-1,-1,-1
746,52,1001.71,474.80,30.28,83.30,1.67,-1,-1,-1
746,55,457.98,645.84,39.61,109.63,1.70,-1,-1,-1
746,64,407.82,513.02,39.93,96.08,1.66,-1,-1,-1
746,65,396.27,465.17,23.92,83.18,1.55,-1,-1,-1
746,66,249.77,537.74,48.91,99.51,1.72,-1,-1,-1
747,7,1387.80,593.18,57.37,54.99,1.69,-1,-1,-1
747,4,1479.43,502.61,51.64,83.30,1.72,-1,-1,-1
747,30,1313.14,448.77,26.17,81.12,1.68,-1,-1,-1
747,34,1269.09,376.90,29.44,66.16,1.69,-1,-1,-1
747,29,1463.10,724.62,49.04,107.96,1.72,-1,-1,-1
747,28,1145.43,639.17,68.23,106.70,1.71,-1,-1,-1
747,35,1760.50,438.32,43.31,73.29,1.70,-1,-1,-1
747,37,1771.05,500.47,52.84,87.11,1.69,-1,-1,-1
747,39,1729.37,559.46,45.20,84.34,1.69,-1,-1,-1
747,49,1038.61,453.50,31.81,79.96,1.61,-1,-1,-1
747,50,1042.86,553.44,39.29,97.04,1.67,-1,-1,-1
747,12,634.46,517.82,57.45,85.20,1.73,-1,-1,-1
747,53,1050.41,607.67,43.71,90.99,1.65,-1,-1,-1
747,57,770.71,375.11,23.43,63.43,1.64,-1,-1,-1
747,59,606.41,389.42,33.16,59.25,1.68,-1,-1,-1
747,52,1006.65,474.04,31.10,83.62,1.67,-1,-1,-1
747,55,463.22,646.34,43.61,106.80,1.71,-1,-1,-1
747,64,420.34,512.70,41.00,95.46,1.65,-1,-1,-1
747,65,407.72,466.49,25.40,82.46,1.55,-1,-1,-1
747,66,263.54,536.68,44.63,99.42,1.71,-1,-1,-1
748,7,1391.03,593.76,58.47,53.71,1.70,-1,-1,-1
748,4,1480.81,503.85,52.71,82.76,1.72,-1,-1,-1
748,30,1312.83,449.24,27.29,79.95,1.68,-1,-1,-1
748,34,1269.92,377.32,32.62,66.42,1.69,-1,-1,-1
748,29,1462.00,725.35,41.15,105.78,1.70,-1,-1,-1
748,28,1142.75,639.69,71.12,106.01,1.73,-1,-1,-1
748,35,1754.21,439.71,45.39,72.43,1.71,-1,-1,-1
748,37,1766.06,502.09,54.44,83.62,1.67,-1,-1,-1
748,39,1728.40,561.67,42.15,82.29,1.68,-1,-1,-1
748,49,1045.20,454.16,32.53,78.99,1.64,-1,-1,-1
748,50,1048.98,552.53,37.23,96.89,1.68,-1,-1,-1
748,12,643.47,518.24,52.10,84.21,1.71,-1,-1,-1
748,53,1060.28,607.04,41.81,90.66,1.63,-1,-1,-1
748,57,779.44,376.16,21.07,62.71,1.64,-1,-1,-1
748,59,616.54,389.44,33.27,59.40,1.68,-1,-1,-1
748,52,1007.91,472.21,34.04,84.17,1.69,-1,-1,-1
748,55,466.06,647.54,45.57,103.42,1.72,-1,-1,-1
748,64,432.61,512.35,37.88,95.43,1.66,-1,-1,-1
748,65,418.52,468.77,25.00,79.55,1.55,-1,-1,-1
748,66,275.87,536.88,37.61,98.48,1.70,-1,-1,-1
749,7,1392.59,593.17,60.56,54.57,1.69,-1,-1,-1
749,4,1482.35,504.91,50.27,82.36,1.72,-1,-1,-1
749,30,1313.57,450.06,26.96,78.86,1.68,-1,-1,-1
749,34,1269.44,378.00,34.87,64.67,1.70,-1,-1,-1
749,29,1456.06,724.59,37.62,105.18,1.70,-1,-1,-1
749,28,1146.17,640.83,63.25,106.41,1.71,-1,-1,-1
749,35,1751.40,439.83,40.73,73.21,1.69,-1,-1,-1
749,37,1762.75,503.23,53.10,83.81,1.69,-1,-1,-1
749,39,1728.17,562.38,40.44,81.83,1.68,-1,-1,-1
749,49,1049.04,455.17,32.04,77.15,1.64,-1,-1,-1
749,50,1054.40,552.78,34.61,97.14,1.68,-1,-1,-1
749,12,650.03,517.54,43.87,84.43,1.71,-1,-1,-1
749,53,1069.01,606.15,37.93,91.45,1.62,-1,-1,-1
749,57,784.67,376.64,21.79,62.46,1.66,-1,-1,-1
749,59,623.64,390.44,31.97,57.81,1.69,-1,-1,-1
749,52,1008.27,471.05,37.92,84.01,1.70,-1,-1,-1
749,55,467.32,648.32,46.64,101.26,1.72,-1,-1,-1
749,64,438.79,511.27,36.21,95.54,1.62,-1,-1,-1
749,65,424.13,469.15,25.78,78.24,1.58,-1,-1,-1
749,66,284.29,537.15,35.53,96.64,1.70,-1,-1,-1
